Timestamp(ms),Current(uA),D0-D7
0,11.986,X0000000
10,4.442,10000000
20,1.665,10000000
30,0.655,10000000
40,0.276,10000000
50,0.122,10000000
60,0.072,10000000
70,0.053,10000000
80,0.045,10000000
90,0.039,10000000
100,0.042,10000000
110,0.041,10000000
120,0.049,10000000
130,0.047,10000000
140,0.045,10000000
150,0.045,10000000
160,0.043,10000000
170,0.045,10000000
180,0.040,10000000
190,0.042,10000000
200,0.039,10000000
210,0.039,10000000
220,0.041,10000000
230,0.042,10000000
240,0.055,10000000
250,0.045,10000000
260,0.044,10000000
270,0.045,10000000
280,0.038,10000000
290,0.045,10000000
300,0.044,10000000
310,0.043,10000000
320,0.041,10000000
330,0.043,10000000
340,0.037,10000000
350,0.047,10000000
360,0.045,10000000
370,0.041,10000000
380,0.037,10000000
390,0.039,10000000
400,0.033,10000000
410,0.030,10000000
420,0.031,10000000
430,0.033,10000000
440,0.036,10000000
450,0.038,10000000
460,0.040,10000000
470,0.035,10000000
480,0.030,10000000
490,0.030,10000000
500,0.028,10000000
510,0.031,10000000
520,0.030,10000000
530,0.027,10000000
540,0.028,10000000
550,0.026,10000000
560,0.027,10000000
570,0.036,10000000
580,0.035,10000000
590,0.031,10000000
600,0.032,10000000
610,0.029,10000000
620,0.032,10000000
630,0.027,10000000
640,0.024,10000000
650,0.021,10000000
660,0.021,10000000
670,0.021,10000000
680,0.024,10000000
690,0.026,10000000
700,0.027,10000000
710,0.023,10000000
720,0.020,10000000
730,0.022,10000000
740,0.021,10000000
750,0.020,10000000
760,0.021,10000000
770,0.020,10000000
780,0.019,10000000
790,0.017,10000000
800,0.022,10000000
810,0.023,10000000
820,0.023,10000000
830,0.021,10000000
840,0.019,10000000
850,0.014,10000000
860,0.016,10000000
870,0.017,10000000
880,0.014,10000000
890,0.014,10000000
900,0.015,10000000
910,0.015,10000000
920,0.013,10000000
930,0.015,10000000
940,0.011,10000000
950,0.012,10000000
960,0.012,10000000
970,0.013,10000000
980,0.015,10000000
990,0.014,10000000
1000,0.013,10000000
1010,0.017,10000000
1020,0.014,10000000
1030,0.012,10000000
1040,0.013,10000000
1050,0.009,10000000
1060,0.008,10000000
1070,0.009,10000000
1080,0.007,10000000
1090,0.008,10000000
1100,0.012,10000000
1110,0.009,10000000
1120,0.009,10000000
1130,769.331,10000000
1140,868.887,10000000
1150,904.791,10000000
1160,915.833,10000000
1170,920.149,10000000
1180,922.424,10000000
1190,922.965,10000000
1200,922.729,10000000
1210,922.880,10000000
1220,922.206,10000000
1230,922.269,10000000
1240,921.822,10000000
1250,922.339,10000000
1260,921.596,10000000
1270,921.237,10000000
1280,920.416,10000000
1290,920.529,10000000
1300,920.650,10000000
1310,920.969,10000000
1320,922.177,10000000
1330,921.960,10000000
1340,921.469,10000000
1350,921.090,10000000
1360,921.339,10000000
1370,921.423,10000000
1380,921.305,10000000
1390,920.411,10000000
1400,920.667,10000000
1410,920.683,10000000
1420,920.250,10000000
1430,2432.197,10000000
1440,906.537,10000000
1450,349.761,10000000
1460,147.071,10000000
1470,72.391,10000000
1480,44.861,10000000
1490,34.713,10000000
1500,30.902,10000000
1510,29.348,10000000
1520,29.031,10000000
1530,29.025,10000000
1540,29.042,10000000
1550,29.203,10000000
1560,29.283,10000000
1570,29.436,10000000
1580,29.582,10000000
1590,29.440,10000000
1600,29.521,10000000
1610,29.670,10000000
1620,29.468,10000000
1630,29.451,10000000
1640,29.463,10000000
1650,29.314,10000000
1660,29.053,10000000
1670,28.922,10000000
1680,28.724,10000000
1690,28.072,10000000
1700,28.161,10000000
1710,28.030,10000000
1720,28.086,10000000
1730,28.295,10000000
1740,28.453,10000000
1750,28.506,10000000
1760,28.332,10000000
1770,28.455,10000000
1780,28.614,10000000
1790,28.745,10000000
1800,28.624,10000000
1810,28.658,10000000
1820,28.750,10000000
1830,28.757,10000000
1840,796.176,10000000
1850,1738.172,10000000
1860,2085.334,10000000
1870,2213.627,10000000
1880,2260.420,10000000
1890,2278.953,10000000
1900,2285.687,10000000
1910,2286.595,10000000
1920,2287.653,10000000
1930,2288.268,10000000
1940,2287.554,10000000
1950,2288.213,10000000
1960,2289.608,10000000
1970,2290.917,10000000
1980,2290.177,10000000
1990,2289.689,10000000
2000,2287.825,10000000
2010,2287.568,10000000
2020,2286.862,10000000
2030,2288.133,10000000
2040,2289.338,10000000
2050,2288.521,10000000
2060,2288.158,10000000
2070,2289.481,10000000
2080,2290.675,10000000
2090,2289.233,10000000
2100,2288.881,10000000
2110,2287.726,10000000
2120,2288.402,10000000
2130,2289.633,10000000
2140,2288.138,10000000
2150,2287.986,10000000
2160,2288.684,10000000
2170,2287.457,10000000
2180,2413.124,10000000
2190,2333.584,10000000
2200,2303.383,10000000
2210,2293.604,10000000
2220,2289.247,10000000
2230,2288.094,10000000
2240,2288.681,10000000
2250,2287.990,10000000
2260,2287.927,10000000
2270,2300.966,10000000
2280,1324.210,10000000
2290,724.832,10000000
2300,505.104,10000000
2310,426.157,10000000
2320,400.521,10000000
2330,396.082,10000000
2340,400.089,10000000
2350,407.885,10000000
2360,417.488,10000000
2370,428.140,10000000
2380,439.340,10000000
2390,450.700,10000000
2400,462.094,10000000
2410,465.860,10000000
2420,467.513,10000000
2430,490.016,10000000
2440,484.123,10000000
2450,505.029,10000000
2460,499.661,10000000
2470,509.368,10000000
2480,514.012,10000000
2490,518.898,10000000
2500,548.676,10000000
2510,552.813,10000000
2520,560.332,10000000
2530,553.279,10000000
2540,587.387,10000000
2550,593.422,10000000
2560,594.773,10000000
2570,593.297,10000000
2580,598.972,10000000
2590,630.894,10000000
2600,611.475,10000000
2610,640.855,10000000
2620,655.539,10000000
2630,675.612,10000000
2640,660.869,10000000
2650,664.074,10000000
2660,679.156,10000000
2670,701.055,10000000
2680,717.923,10000000
2690,720.376,10000000
2700,726.437,10000000
2710,740.408,10000000
2720,753.842,10000000
2730,739.114,10000000
2740,749.354,10000000
2750,758.009,10000000
2760,769.446,10000000
2770,776.078,10000000
2780,913.248,X0000000
2790,653.244,10000000
2800,253.727,10000000
2810,111.743,10000000
2820,59.902,10000000
2830,189.575,10000000
2840,571.057,10000000
2850,223.703,10000000
2860,100.964,10000000
2870,56.010,10000000
2880,39.627,10000000
2890,33.778,10000000
2900,31.532,10000000
2910,30.642,10000000
2920,30.214,10000000
2930,30.137,10000000
2940,30.158,10000000
2950,29.928,10000000
2960,29.869,10000000
2970,29.552,10000000
2980,29.568,10000000
2990,29.479,10000000
3000,29.431,10000000
3010,29.310,10000000
3020,29.395,10000000
3030,29.508,10000000
3040,29.580,10000000
3050,29.863,10000000
3060,29.695,10000000
3070,29.823,10000000
3080,30.141,10000000
3090,30.226,10000000
3100,30.204,10000000
3110,30.023,10000000
3120,30.002,10000000
3130,30.177,10000000
3140,30.200,10000000
3150,29.774,10000000
3160,29.846,10000000
3170,29.911,10000000
3180,29.666,10000000
3190,29.190,10000000
3200,29.176,10000000
3210,29.384,10000000
3220,29.633,10000000
3230,29.748,10000000
3240,29.606,10000000
3250,29.910,10000000
3260,29.978,10000000
3270,30.084,10000000
3280,30.063,10000000
3290,30.035,10000000
3300,30.218,10000000
3310,30.169,10000000
3320,29.932,10000000
3330,30.164,10000000
3340,30.139,10000000
3350,29.734,10000000
3360,29.868,10000000
3370,29.710,10000000
3380,29.498,10000000
3390,29.280,10000000
3400,29.315,10000000
3410,29.482,10000000
3420,29.686,10000000
3430,29.602,10000000
3440,29.683,10000000
3450,29.900,10000000
3460,29.817,10000000
3470,29.860,10000000
3480,29.976,10000000
3490,30.034,10000000
3500,30.114,10000000
3510,30.146,10000000
3520,30.029,10000000
3530,30.066,10000000
3540,30.110,10000000
3550,29.939,10000000
3560,29.954,10000000
3570,29.555,10000000
3580,29.447,10000000
3590,29.406,10000000
3600,29.356,10000000
3610,29.480,10000000
3620,29.465,10000000
3630,29.460,10000000
3640,29.640,10000000
3650,29.789,10000000
3660,29.947,10000000
3670,30.024,10000000
3680,30.062,10000000
3690,29.900,10000000
3700,30.087,10000000
3710,30.226,10000000
3720,29.996,10000000
3730,30.077,10000000
3740,29.915,10000000
3750,29.861,10000000
3760,29.748,10000000
3770,29.705,10000000
3780,29.659,10000000
3790,29.383,10000000
3800,29.173,10000000
3810,29.446,10000000
3820,29.520,10000000
3830,29.469,10000000
3840,624.905,10000000
3850,242.496,10000000
3860,107.181,10000000
3870,58.495,10000000
3880,40.376,10000000
3890,33.878,10000000
3900,31.468,10000000
3910,30.491,10000000
3920,30.028,10000000
3930,29.795,10000000
3940,29.662,10000000
3950,29.568,10000000
3960,29.354,10000000
3970,29.162,10000000
3980,29.432,10000000
3990,29.643,10000000
4000,29.808,10000000
4010,29.725,10000000
4020,29.761,10000000
4030,29.846,10000000
4040,29.893,10000000
4050,30.185,10000000
4060,30.243,10000000
4070,30.047,10000000
4080,30.207,10000000
4090,30.227,10000000
4100,30.263,10000000
4110,29.911,10000000
4120,29.909,10000000
4130,29.760,10000000
4140,29.633,10000000
4150,29.249,10000000
4160,29.212,10000000
4170,29.333,10000000
4180,29.407,10000000
4190,29.527,10000000
4200,29.708,10000000
4210,29.771,10000000
4220,29.766,10000000
4230,29.865,10000000
4240,29.889,10000000
4250,29.947,10000000
4260,30.095,10000000
4270,30.218,10000000
4280,30.056,10000000
4290,30.043,10000000
4300,29.990,10000000
4310,29.900,10000000
4320,29.970,10000000
4330,29.763,10000000
4340,29.577,10000000
4350,29.248,10000000
4360,29.199,10000000
4370,29.378,10000000
4380,29.413,10000000
4390,29.587,10000000
4400,29.605,10000000
4410,29.793,10000000
4420,30.002,10000000
4430,29.981,10000000
4440,30.046,10000000
4450,29.957,10000000
4460,30.089,10000000
4470,30.246,10000000
4480,30.218,10000000
4490,29.982,10000000
4500,29.946,10000000
4510,30.005,10000000
4520,29.830,10000000
4530,29.776,10000000
4540,29.363,10000000
4550,29.226,10000000
4560,29.457,10000000
4570,29.474,10000000
4580,29.406,10000000
4590,29.528,10000000
4600,29.772,10000000
4610,29.862,10000000
4620,29.680,10000000
4630,29.794,10000000
4640,30.120,10000000
4650,30.153,10000000
4660,30.100,10000000
4670,30.008,10000000
4680,30.058,10000000
4690,30.152,10000000
4700,30.063,10000000
4710,29.898,10000000
4720,29.985,10000000
4730,29.812,10000000
4740,29.549,10000000
4750,29.188,10000000
4760,29.294,10000000
4770,29.510,10000000
4780,29.440,10000000
4790,29.637,10000000
4800,29.831,10000000
4810,29.761,10000000
4820,29.785,10000000
4830,29.837,10000000
4840,768.218,10000000
4850,293.901,10000000
4860,125.301,10000000
4870,65.112,10000000
4880,42.838,10000000
4890,34.693,10000000
4900,31.536,10000000
4910,30.068,10000000
4920,29.345,10000000
4930,29.596,10000000
4940,29.550,10000000
4950,29.486,10000000
4960,29.637,10000000
4970,29.985,10000000
4980,29.983,10000000
4990,29.750,10000000
5000,29.801,10000000
5010,30.054,10000000
5020,30.177,10000000
5030,30.069,10000000
5040,30.007,10000000
5050,30.183,10000000
5060,30.131,10000000
5070,30.101,10000000
5080,30.104,10000000
5090,29.907,10000000
5100,29.673,10000000
5110,29.499,10000000
5120,29.141,10000000
5130,29.334,10000000
5140,29.322,10000000
5150,29.502,10000000
5160,29.617,10000000
5170,29.598,10000000
5180,29.775,10000000
5190,29.873,10000000
5200,29.898,10000000
5210,30.004,10000000
5220,29.990,10000000
5230,30.160,10000000
5240,30.297,10000000
5250,30.062,10000000
5260,30.034,10000000
5270,29.907,10000000
5280,30.039,10000000
5290,29.870,10000000
5300,29.759,10000000
5310,29.365,10000000
5320,29.201,10000000
5330,29.481,10000000
5340,29.433,10000000
5350,29.490,10000000
5360,29.604,10000000
5370,29.554,10000000
5380,29.851,10000000
5390,30.006,10000000
5400,29.894,10000000
5410,29.986,10000000
5420,29.977,10000000
5430,30.116,10000000
5440,30.321,10000000
5450,30.281,10000000
5460,30.129,10000000
5470,30.010,10000000
5480,30.091,10000000
5490,29.903,10000000
5500,29.578,10000000
5510,29.501,10000000
5520,29.137,10000000
5530,29.300,10000000
5540,29.467,10000000
5550,29.570,10000000
5560,29.528,10000000
5570,29.583,10000000
5580,29.636,10000000
5590,29.870,10000000
5600,29.928,10000000
5610,29.966,10000000
5620,30.135,10000000
5630,30.259,10000000
5640,30.272,10000000
5650,30.132,10000000
5660,30.025,10000000
5670,30.119,10000000
5680,29.937,10000000
5690,29.865,10000000
5700,29.783,10000000
5710,29.381,10000000
5720,29.266,10000000
5730,29.180,10000000
5740,29.391,10000000
5750,29.398,10000000
5760,29.715,10000000
5770,29.883,10000000
5780,29.717,10000000
5790,29.892,10000000
5800,30.123,10000000
5810,30.076,10000000
5820,30.007,10000000
5830,115.115,X0000000
5840,54.468,00000000
5850,37.258,00000000
5860,31.474,00000000
5870,29.059,00000000
5880,28.504,00000000
5890,28.211,00000000
5900,28.130,00000000
5910,27.923,00000000
5920,27.936,00000000
5930,28.058,00000000
5940,27.872,00000000
5950,27.538,00000000
5960,27.298,00000000
5970,27.090,00000000
5980,27.408,00000000
5990,27.478,00000000
6000,27.398,00000000
6010,27.650,00000000
6020,27.815,00000000
6030,27.782,00000000
6040,27.607,00000000
6050,27.792,00000000
6060,28.062,00000000
6070,28.127,00000000
6080,28.054,00000000
6090,27.823,00000000
6100,28.048,00000000
6110,28.047,00000000
6120,27.866,00000000
6130,27.472,00000000
6140,27.420,00000000
6150,27.283,00000000
6160,27.177,00000000
6170,27.402,00000000
6180,27.304,00000000
6190,27.502,00000000
6200,27.764,00000000
6210,27.704,00000000
6220,27.709,00000000
6230,28.040,00000000
6240,28.003,00000000
6250,27.947,00000000
6260,27.907,00000000
6270,27.904,00000000
6280,28.028,00000000
6290,28.039,00000000
6300,27.674,00000000
6310,27.520,00000000
6320,27.554,00000000
6330,27.286,00000000
6340,27.151,00000000
6350,27.260,00000000
6360,27.329,00000000
6370,27.474,00000000
6380,27.719,00000000
6390,27.683,00000000
6400,27.748,00000000
6410,27.994,00000000
6420,28.019,00000000
6430,28.078,00000000
6440,27.932,00000000
6450,27.972,00000000
6460,28.072,00000000
6470,27.907,00000000
6480,27.984,00000000
6490,27.903,00000000
6500,27.605,00000000
6510,27.335,00000000
6520,27.126,00000000
6530,27.106,00000000
6540,27.349,00000000
6550,27.555,00000000
6560,27.528,00000000
6570,27.722,00000000
6580,27.897,00000000
6590,27.913,00000000
6600,27.801,00000000
6610,27.889,00000000
6620,28.043,00000000
6630,27.820,00000000
6640,27.865,00000000
6650,27.891,00000000
6660,28.136,00000000
6670,28.007,00000000
6680,27.866,00000000
6690,27.592,00000000
6700,27.619,00000000
6710,27.294,00000000
6720,27.102,00000000
6730,27.177,00000000
6740,27.282,00000000
6750,27.375,00000000
6760,27.713,00000000
6770,27.894,00000000
6780,27.724,00000000
6790,27.924,00000000
6800,28.080,00000000
6810,28.045,00000000
6820,28.078,00000000
6830,27.866,00000000
6840,28.090,00000000
6850,28.192,00000000
6860,27.956,00000000
6870,27.843,00000000
6880,27.807,00000000
6890,27.567,00000000
6900,27.367,00000000
6910,27.009,00000000
6920,27.212,00000000
6930,27.409,00000000
6940,27.471,00000000
6950,27.604,00000000
6960,27.688,00000000
6970,27.713,00000000
6980,27.832,00000000
6990,27.954,00000000
7000,28.110,00000000
7010,27.997,00000000
7020,27.980,00000000
7030,28.136,00000000
7040,28.044,00000000
7050,27.956,00000000
7060,27.819,00000000
7070,27.669,00000000
7080,27.577,00000000
7090,27.297,00000000
7100,27.121,00000000
7110,27.252,00000000
7120,27.324,00000000
7130,27.456,00000000
7140,27.514,00000000
7150,27.772,00000000
7160,27.756,00000000
7170,27.776,00000000
7180,27.978,00000000
7190,27.924,00000000
7200,28.068,00000000
7210,28.086,00000000
7220,28.020,00000000
7230,28.048,00000000
7240,27.955,00000000
7250,27.879,00000000
7260,27.646,00000000
7270,27.551,00000000
7280,27.322,00000000
7290,27.102,00000000
7300,27.182,00000000
7310,27.339,00000000
7320,27.489,00000000
7330,27.521,00000000
7340,27.714,00000000
7350,27.700,00000000
7360,27.772,00000000
7370,27.881,00000000
7380,27.820,00000000
7390,27.963,00000000
7400,28.162,00000000
7410,28.066,00000000
7420,27.976,00000000
7430,27.962,00000000
7440,27.780,00000000
7450,27.863,00000000
7460,27.735,00000000
7470,27.320,00000000
7480,27.279,00000000
7490,27.390,00000000
7500,27.509,00000000
7510,27.523,00000000
7520,27.673,00000000
7530,27.487,00000000
7540,27.746,00000000
7550,27.844,00000000
7560,27.940,00000000
7570,27.955,00000000
7580,28.047,00000000
7590,28.075,00000000
7600,28.001,00000000
7610,27.858,00000000
7620,27.940,00000000
7630,27.911,00000000
7640,27.693,00000000
7650,27.559,00000000
7660,27.444,00000000
7670,27.072,00000000
7680,27.346,00000000
7690,27.562,00000000
7700,27.375,00000000
7710,27.533,00000000
7720,27.882,00000000
7730,27.811,00000000
7740,27.732,00000000
7750,27.898,00000000
7760,28.002,00000000
7770,27.889,00000000
7780,27.950,00000000
7790,28.061,00000000
7800,27.927,00000000
7810,27.946,00000000
7820,27.787,00000000
7830,27.840,00000000
7840,27.634,00000000
7850,27.396,00000000
7860,27.054,00000000
7870,27.121,00000000
7880,27.357,00000000
7890,27.400,00000000
7900,27.651,00000000
7910,27.582,00000000
7920,27.825,00000000
7930,27.993,00000000
7940,27.875,00000000
7950,28.032,00000000
7960,27.931,00000000
7970,28.090,00000000
7980,28.191,00000000
7990,27.969,00000000
8000,27.989,00000000
8010,27.981,00000000
8020,27.726,00000000
8030,27.571,00000000
8040,27.117,00000000
8050,27.138,00000000
8060,27.260,00000000
8070,27.231,00000000
8080,27.419,00000000
8090,27.469,00000000
8100,27.721,00000000
8110,27.903,00000000
8120,27.880,00000000
8130,27.881,00000000
8140,27.970,00000000
8150,27.911,00000000
8160,28.044,00000000
8170,28.168,00000000
8180,28.068,00000000
8190,27.776,00000000
8200,27.869,00000000
8210,27.791,00000000
8220,27.516,00000000
8230,27.225,00000000
8240,27.232,00000000
8250,27.301,00000000
8260,27.379,00000000
8270,27.427,00000000
8280,27.447,00000000
8290,27.636,00000000
8300,27.885,00000000
8310,27.735,00000000
8320,28.026,00000000
8330,28.122,00000000
8340,28.023,00000000
8350,27.950,00000000
8360,27.954,00000000
8370,27.901,00000000
8380,27.854,00000000
8390,27.936,00000000
8400,27.851,00000000
8410,27.477,00000000
8420,27.464,00000000
8430,27.128,00000000
8440,27.288,00000000
8450,27.331,00000000
8460,27.420,00000000
8470,27.671,00000000
8480,27.506,00000000
8490,27.710,00000000
8500,27.724,00000000
8510,27.760,00000000
8520,28.020,00000000
8530,28.057,00000000
8540,28.036,00000000
8550,28.061,00000000
8560,28.008,00000000
8570,28.048,00000000
8580,27.993,00000000
8590,27.677,00000000
8600,27.505,00000000
8610,27.479,00000000
8620,27.158,00000000
8630,27.037,00000000
8640,27.250,00000000
8650,27.328,00000000
8660,27.483,00000000
8670,27.671,00000000
8680,27.756,00000000
8690,27.711,00000000
8700,27.820,00000000
8710,28.087,00000000
8720,28.142,00000000
8730,27.863,00000000
8740,27.981,00000000
8750,28.115,00000000
8760,28.025,00000000
8770,27.990,00000000
8780,27.551,00000000
8790,27.666,00000000
8800,27.625,00000000
8810,27.062,00000000
8820,27.296,00000000
8830,27.443,00000000
8840,27.505,00000000
8850,27.621,00000000
8860,27.469,00000000
8870,27.566,00000000
8880,27.735,00000000
8890,27.968,00000000
8900,27.846,00000000
8910,27.951,00000000
8920,27.963,00000000
8930,28.162,00000000
8940,28.091,00000000
8950,28.125,00000000
8960,27.773,00000000
8970,27.682,00000000
8980,27.772,00000000
8990,27.691,00000000
9000,27.223,00000000
9010,27.278,00000000
9020,27.438,00000000
9030,27.482,00000000
9040,27.375,00000000
9050,27.653,00000000
9060,27.647,00000000
9070,27.640,00000000
9080,27.874,00000000
9090,27.795,00000000
9100,28.001,00000000
9110,28.155,00000000
9120,28.011,00000000
9130,27.905,00000000
9140,27.874,00000000
9150,28.029,00000000
9160,27.940,00000000
9170,27.774,00000000
9180,27.317,00000000
9190,27.217,00000000
9200,27.288,00000000
9210,27.320,00000000
9220,27.310,00000000
9230,27.481,00000000
9240,27.711,00000000
9250,27.717,00000000
9260,27.709,00000000
9270,27.702,00000000
9280,27.854,00000000
9290,28.055,00000000
9300,27.975,00000000
9310,27.880,00000000
9320,28.074,00000000
9330,28.084,00000000
9340,28.012,00000000
9350,27.740,00000000
9360,27.756,00000000
9370,27.496,00000000
9380,27.318,00000000
9390,27.062,00000000
9400,27.344,00000000
9410,27.442,00000000
9420,27.518,00000000
9430,27.429,00000000
9440,27.653,00000000
9450,27.859,00000000
9460,27.884,00000000
9470,27.741,00000000
9480,27.994,00000000
9490,28.090,00000000
9500,28.099,00000000
9510,27.824,00000000
9520,28.011,00000000
9530,28.030,00000000
9540,27.898,00000000
9550,27.722,00000000
9560,27.433,00000000
9570,27.335,00000000
9580,27.423,00000000
9590,27.198,00000000
9600,27.408,00000000
9610,27.611,00000000
9620,27.636,00000000
9630,27.534,00000000
9640,27.623,00000000
9650,27.863,00000000
9660,27.860,00000000
9670,27.818,00000000
9680,27.901,00000000
9690,27.866,00000000
9700,28.072,00000000
9710,28.029,00000000
9720,28.086,00000000
9730,27.848,00000000
9740,27.676,00000000
9750,27.669,00000000
9760,27.543,00000000
9770,27.122,00000000
9780,27.189,00000000
9790,27.499,00000000
9800,27.451,00000000
9810,27.367,00000000
9820,27.604,00000000
9830,27.669,00000000
9840,27.777,00000000
9850,27.997,00000000
9860,28.022,00000000
9870,27.895,00000000
9880,27.988,00000000
9890,28.095,00000000
9900,27.997,00000000
9910,27.924,00000000
9920,27.812,00000000
9930,27.907,00000000
9940,27.662,00000000
9950,27.420,00000000
9960,27.082,00000000
9970,27.233,00000000
9980,27.408,00000000
9990,27.364,00000000
10000,27.408,00000000
10010,27.563,00000000
10020,27.787,00000000
10030,27.976,00000000
10040,28.009,00000000
10050,27.793,00000000
10060,28.048,00000000
10070,28.100,00000000
10080,27.928,00000000
10090,28.074,00000000
10100,28.114,00000000
10110,27.837,00000000
10120,27.741,00000000
10130,27.552,00000000
10140,27.321,00000000
10150,27.153,00000000
10160,27.218,00000000
10170,27.364,00000000
10180,27.479,00000000
10190,27.532,00000000
10200,27.615,00000000
10210,27.628,00000000
10220,27.847,00000000
10230,28.001,00000000
10240,27.977,00000000
10250,27.847,00000000
10260,28.046,00000000
10270,28.184,00000000
10280,28.050,00000000
10290,28.012,00000000
10300,27.822,00000000
10310,27.863,00000000
10320,27.741,00000000
10330,27.338,00000000
10340,27.239,00000000
10350,27.259,00000000
10360,27.246,00000000
10370,27.412,00000000
10380,27.419,00000000
10390,27.668,00000000
10400,27.776,00000000
10410,27.724,00000000
10420,27.803,00000000
10430,27.887,00000000
10440,28.095,00000000
10450,28.125,00000000
10460,27.948,00000000
10470,27.946,00000000
10480,27.887,00000000
10490,27.818,00000000
10500,27.983,00000000
10510,27.790,00000000
10520,27.386,00000000
10530,27.343,00000000
10540,27.228,00000000
10550,27.341,00000000
10560,27.246,00000000
10570,27.404,00000000
10580,27.477,00000000
10590,27.805,00000000
10600,27.721,00000000
10610,27.892,00000000
10620,28.039,00000000
10630,28.139,00000000
10640,27.826,00000000
10650,27.912,00000000
10660,27.959,00000000
10670,28.177,00000000
10680,28.037,00000000
10690,27.743,00000000
10700,27.719,00000000
10710,27.653,00000000
10720,27.294,00000000
10730,26.919,00000000
10740,27.307,00000000
10750,27.472,00000000
10760,27.523,00000000
10770,27.516,00000000
10780,27.573,00000000
10790,27.726,00000000
10800,27.890,00000000
10810,28.057,00000000
10820,27.874,00000000
10830,28.013,00000000
10840,28.157,00000000
10850,28.193,00000000
10860,28.091,00000000
10870,27.762,00000000
10880,27.730,00000000
10890,27.679,00000000
10900,27.470,00000000
10910,26.981,00000000
10920,27.205,00000000
10930,27.383,00000000
10940,27.454,00000000
10950,27.456,00000000
10960,27.602,00000000
10970,27.643,00000000
10980,27.901,00000000
10990,27.982,00000000
11000,27.919,00000000
11010,27.819,00000000
11020,28.016,00000000
11030,28.090,00000000
11040,28.045,00000000
11050,27.845,00000000
11060,27.895,00000000
11070,27.915,00000000
11080,27.591,00000000
11090,27.275,00000000
11100,27.092,00000000
11110,27.474,00000000
11120,27.509,00000000
11130,27.290,00000000
11140,27.574,00000000
11150,27.782,00000000
11160,27.840,00000000
11170,27.754,00000000
11180,27.617,00000000
11190,27.825,00000000
11200,28.056,00000000
11210,28.008,00000000
11220,27.947,00000000
11230,27.961,00000000
11240,28.154,00000000
11250,28.003,00000000
11260,27.771,00000000
11270,27.596,00000000
11280,27.229,00000000
11290,27.126,00000000
11300,27.269,00000000
11310,27.367,00000000
11320,27.345,00000000
11330,27.596,00000000
11340,27.819,00000000
11350,27.715,00000000
11360,27.769,00000000
11370,27.776,00000000
11380,27.912,00000000
11390,28.068,00000000
11400,28.118,00000000
11410,27.963,00000000
11420,27.875,00000000
11430,27.958,00000000
11440,27.967,00000000
11450,27.764,00000000
11460,27.465,00000000
11470,27.503,00000000
11480,27.157,00000000
11490,27.124,00000000
11500,27.206,00000000
11510,27.545,00000000
11520,27.617,00000000
11530,27.571,00000000
11540,27.794,00000000
11550,27.858,00000000
11560,27.851,00000000
11570,27.825,00000000
11580,27.864,00000000
11590,28.074,00000000
11600,28.150,00000000
11610,27.923,00000000
11620,27.888,00000000
11630,28.024,00000000
11640,27.867,00000000
11650,27.643,00000000
11660,27.519,00000000
11670,27.106,00000000
11680,27.074,00000000
11690,27.212,00000000
11700,27.540,00000000
11710,27.459,00000000
11720,27.555,00000000
11730,27.841,00000000
11740,27.876,00000000
11750,27.916,00000000
11760,27.828,00000000
11770,27.887,00000000
11780,28.049,00000000
11790,27.938,00000000
11800,28.028,00000000
11810,28.135,00000000
11820,27.997,00000000
11830,27.859,00000000
11840,27.498,00000000
11850,27.506,00000000
11860,27.255,00000000
11870,27.174,00000000
11880,27.257,00000000
11890,27.425,00000000
11900,27.481,00000000
11910,27.669,00000000
11920,27.605,00000000
11930,27.756,00000000
11940,27.972,00000000
11950,28.047,00000000
11960,27.899,00000000
11970,27.910,00000000
11980,28.034,00000000
11990,28.156,00000000
12000,28.056,00000000
12010,27.902,00000000
12020,27.675,00000000
12030,27.646,00000000
12040,27.568,00000000
12050,27.269,00000000
12060,27.101,00000000
12070,27.412,00000000
12080,27.490,00000000
12090,27.554,00000000
12100,27.540,00000000
12110,27.609,00000000
12120,27.936,00000000
12130,28.149,00000000
12140,28.005,00000000
12150,27.935,00000000
12160,28.119,00000000
12170,28.188,00000000
12180,27.761,00000000
12190,27.891,00000000
12200,27.879,00000000
12210,27.838,00000000
12220,27.685,00000000
12230,27.390,00000000
12240,27.114,00000000
12250,27.266,00000000
12260,27.185,00000000
12270,27.366,00000000
12280,27.628,00000000
12290,27.676,00000000
12300,27.790,00000000
12310,27.708,00000000
12320,27.997,00000000
12330,27.985,00000000
12340,27.990,00000000
12350,27.877,00000000
12360,28.141,00000000
12370,28.130,00000000
12380,28.003,00000000
12390,27.763,00000000
12400,27.838,00000000
12410,27.692,00000000
12420,27.516,00000000
12430,27.098,00000000
12440,27.289,00000000
12450,27.384,00000000
12460,27.356,00000000
12470,27.456,00000000
12480,27.829,00000000
12490,27.891,00000000
12500,27.754,00000000
12510,27.700,00000000
12520,27.861,00000000
12530,28.125,00000000
12540,28.005,00000000
12550,27.949,00000000
12560,27.977,00000000
12570,27.932,00000000
12580,28.013,00000000
12590,27.784,00000000
12600,27.595,00000000
12610,27.515,00000000
12620,27.216,00000000
12630,27.215,00000000
12640,27.328,00000000
12650,27.430,00000000
12660,27.486,00000000
12670,27.685,00000000
12680,27.535,00000000
12690,27.709,00000000
12700,27.832,00000000
12710,27.935,00000000
12720,28.001,00000000
12730,27.986,00000000
12740,28.039,00000000
12750,28.037,00000000
12760,27.852,00000000
12770,27.874,00000000
12780,27.798,00000000
12790,27.590,00000000
12800,27.562,00000000
12810,27.249,00000000
12820,27.088,00000000
12830,27.259,00000000
12840,27.351,00000000
12850,27.755,00000000
12860,27.758,00000000
12870,27.765,00000000
12880,27.610,00000000
12890,27.740,00000000
12900,27.773,00000000
12910,27.851,00000000
12920,28.003,00000000
12930,28.068,00000000
12940,28.092,00000000
12950,28.073,00000000
12960,27.896,00000000
12970,27.811,00000000
12980,27.838,00000000
12990,27.610,00000000
13000,27.292,00000000
13010,27.089,00000000
13020,27.119,00000000
13030,27.397,00000000
13040,27.616,00000000
13050,27.720,00000000
13060,27.690,00000000
13070,27.688,00000000
13080,28.014,00000000
13090,27.969,00000000
13100,27.825,00000000
13110,27.802,00000000
13120,28.087,00000000
13130,28.192,00000000
13140,28.002,00000000
13150,27.846,00000000
13160,27.876,00000000
13170,27.767,00000000
13180,27.369,00000000
13190,27.203,00000000
13200,27.338,00000000
13210,27.263,00000000
13220,27.438,00000000
13230,27.403,00000000
13240,27.680,00000000
13250,27.722,00000000
13260,27.627,00000000
13270,27.728,00000000
13280,27.957,00000000
13290,28.078,00000000
13300,28.036,00000000
13310,27.919,00000000
13320,28.088,00000000
13330,28.087,00000000
13340,27.980,00000000
13350,27.621,00000000
13360,27.598,00000000
13370,27.664,00000000
13380,27.512,00000000
13390,27.218,00000000
13400,27.067,00000000
13410,27.242,00000000
13420,27.482,00000000
13430,27.735,00000000
13440,27.603,00000000
13450,27.846,00000000
13460,27.915,00000000
13470,27.854,00000000
13480,27.891,00000000
13490,27.903,00000000
13500,28.033,00000000
13510,28.113,00000000
13520,28.113,00000000
13530,27.898,00000000
13540,27.887,00000000
13550,27.880,00000000
13560,27.576,00000000
13570,27.206,00000000
13580,27.057,00000000
13590,27.182,00000000
13600,27.438,00000000
13610,27.411,00000000
13620,27.397,00000000
13630,27.803,00000000
13640,27.921,00000000
13650,27.914,00000000
13660,27.744,00000000
13670,27.880,00000000
13680,28.033,00000000
13690,28.202,00000000
13700,27.956,00000000
13710,28.093,00000000
13720,28.165,00000000
13730,28.019,00000000
13740,27.821,00000000
13750,27.499,00000000
13760,27.451,00000000
13770,27.115,00000000
13780,27.153,00000000
13790,27.285,00000000
13800,27.441,00000000
13810,27.469,00000000
13820,27.569,00000000
13830,27.626,00000000
13840,27.756,00000000
13850,27.961,00000000
13860,28.174,00000000
13870,28.055,00000000
13880,27.936,00000000
13890,28.122,00000000
13900,28.070,00000000
13910,27.848,00000000
13920,27.850,00000000
13930,27.932,00000000
13940,27.758,00000000
13950,27.593,00000000
13960,27.124,00000000
13970,27.177,00000000
13980,27.387,00000000
13990,27.421,00000000
14000,27.445,00000000
14010,27.731,00000000
14020,27.788,00000000
14030,27.661,00000000
14040,27.628,00000000
14050,27.806,00000000
14060,28.107,00000000
14070,27.943,00000000
14080,28.096,00000000
14090,27.945,00000000
14100,28.138,00000000
14110,28.021,00000000
14120,27.740,00000000
14130,27.583,00000000
14140,27.582,00000000
14150,27.223,00000000
14160,27.086,00000000
14170,27.315,00000000
14180,27.552,00000000
14190,27.511,00000000
14200,27.494,00000000
14210,27.573,00000000
14220,27.628,00000000
14230,27.983,00000000
14240,28.033,00000000
14250,27.865,00000000
14260,28.033,00000000
14270,28.144,00000000
14280,27.981,00000000
14290,27.907,00000000
14300,27.919,00000000
14310,27.795,00000000
14320,27.656,00000000
14330,27.571,00000000
14340,27.212,00000000
14350,27.118,00000000
14360,27.191,00000000
14370,27.409,00000000
14380,27.688,00000000
14390,27.657,00000000
14400,27.505,00000000
14410,27.590,00000000
14420,27.720,00000000
14430,28.032,00000000
14440,28.069,00000000
14450,28.128,00000000
14460,27.952,00000000
14470,27.992,00000000
14480,28.088,00000000
14490,27.878,00000000
14500,27.811,00000000
14510,27.731,00000000
14520,27.676,00000000
14530,27.341,00000000
14540,27.124,00000000
14550,27.130,00000000
14560,27.374,00000000
14570,27.548,00000000
14580,27.628,00000000
14590,27.568,00000000
14600,27.808,00000000
14610,27.889,00000000
14620,27.867,00000000
14630,27.973,00000000
14640,27.845,00000000
14650,27.920,00000000
14660,28.158,00000000
14670,28.047,00000000
14680,27.917,00000000
14690,27.932,00000000
14700,27.695,00000000
14710,27.687,00000000
14720,27.494,00000000
14730,27.278,00000000
14740,27.092,00000000
14750,27.445,00000000
14760,27.547,00000000
14770,27.684,00000000
14780,27.560,00000000
14790,27.785,00000000
14800,27.957,00000000
14810,27.767,00000000
14820,27.727,00000000
14830,27.943,00000000
14840,28.106,00000000
14850,28.097,00000000
14860,27.850,00000000
14870,27.978,00000000
14880,27.852,00000000
14890,27.922,00000000
14900,27.681,00000000
14910,27.249,00000000
14920,27.039,00000000
14930,27.204,00000000
14940,27.457,00000000
14950,27.526,00000000
14960,27.624,00000000
14970,27.502,00000000
14980,27.698,00000000
14990,27.964,00000000
15000,28.048,00000000
15010,27.835,00000000
15020,28.073,00000000
15030,28.138,00000000
15040,27.923,00000000
15050,28.002,00000000
15060,27.874,00000000
15070,27.941,00000000
15080,27.881,00000000
15090,27.519,00000000
15100,27.185,00000000
15110,27.202,00000000
15120,27.336,00000000
15130,27.397,00000000
15140,27.308,00000000
15150,27.351,00000000
15160,27.607,00000000
15170,27.950,00000000
15180,27.921,00000000
15190,27.759,00000000
15200,28.035,00000000
15210,28.111,00000000
15220,28.051,00000000
15230,27.893,00000000
15240,27.829,00000000
15250,28.002,00000000
15260,27.843,00000000
15270,27.600,00000000
15280,27.614,00000000
15290,27.422,00000000
15300,27.184,00000000
15310,27.142,00000000
15320,27.346,00000000
15330,27.417,00000000
15340,27.659,00000000
15350,27.842,00000000
15360,27.705,00000000
15370,27.942,00000000
15380,28.092,00000000
15390,28.091,00000000
15400,27.868,00000000
15410,27.946,00000000
15420,28.042,00000000
15430,28.102,00000000
15440,27.849,00000000
15450,27.683,00000000
15460,27.684,00000000
15470,27.602,00000000
15480,27.040,00000000
15490,27.268,00000000
15500,27.464,00000000
15510,27.518,00000000
15520,27.505,00000000
15530,27.581,00000000
15540,27.934,00000000
15550,27.964,00000000
15560,27.947,00000000
15570,27.898,00000000
15580,28.048,00000000
15590,28.227,00000000
15600,28.001,00000000
15610,27.888,00000000
15620,27.852,00000000
15630,27.925,00000000
15640,27.508,00000000
15650,27.293,00000000
15660,27.147,00000000
15670,27.106,00000000
15680,27.303,00000000
15690,27.594,00000000
15700,27.676,00000000
15710,27.392,00000000
15720,27.572,00000000
15730,27.817,00000000
15740,27.989,00000000
15750,27.938,00000000
15760,28.061,00000000
15770,28.031,00000000
15780,27.942,00000000
15790,28.217,00000000
15800,27.865,00000000
15810,27.845,00000000
15820,27.640,00000000
15830,27.588,00000000
15840,27.453,00000000
15850,27.301,00000000
15860,27.313,00000000
15870,27.458,00000000
15880,27.675,00000000
15890,27.700,00000000
15900,27.660,00000000
15910,27.830,00000000
15920,27.834,00000000
15930,27.742,00000000
15940,27.864,00000000
15950,27.920,00000000
15960,27.928,00000000
15970,28.094,00000000
15980,28.137,00000000
15990,27.804,00000000
16000,27.779,00000000
16010,27.691,00000000
16020,27.387,00000000
16030,27.124,00000000
16040,27.232,00000000
16050,27.262,00000000
16060,27.519,00000000
16070,27.653,00000000
16080,27.583,00000000
16090,27.808,00000000
16100,27.961,00000000
16110,28.040,00000000
16120,28.023,00000000
16130,27.940,00000000
16140,28.167,00000000
16150,28.149,00000000
16160,27.926,00000000
16170,27.831,00000000
16180,27.948,00000000
16190,27.691,00000000
16200,27.248,00000000
16210,26.931,00000000
16220,27.183,00000000
16230,27.350,00000000
16240,27.408,00000000
16250,27.543,00000000
16260,27.512,00000000
16270,27.738,00000000
16280,28.025,00000000
16290,27.901,00000000
16300,27.980,00000000
16310,27.926,00000000
16320,27.883,00000000
16330,28.136,00000000
16340,28.079,00000000
16350,27.869,00000000
16360,27.704,00000000
16370,27.834,00000000
16380,27.612,00000000
16390,27.434,00000000
16400,27.031,00000000
16410,27.180,00000000
16420,27.463,00000000
16430,27.403,00000000
16440,27.571,00000000
16450,27.740,00000000
16460,27.813,00000000
16470,27.767,00000000
16480,27.899,00000000
16490,27.813,00000000
16500,27.972,00000000
16510,28.114,00000000
16520,28.023,00000000
16530,27.901,00000000
16540,27.789,00000000
16550,27.829,00000000
16560,27.692,00000000
16570,27.480,00000000
16580,27.052,00000000
16590,27.140,00000000
16600,27.488,00000000
16610,27.543,00000000
16620,27.433,00000000
16630,27.720,00000000
16640,27.912,00000000
16650,27.938,00000000
16660,27.743,00000000
16670,27.791,00000000
16680,27.979,00000000
16690,27.926,00000000
16700,28.043,00000000
16710,27.917,00000000
16720,27.872,00000000
16730,28.044,00000000
16740,27.820,00000000
16750,27.625,00000000
16760,27.270,00000000
16770,26.986,00000000
16780,27.203,00000000
16790,27.445,00000000
16800,27.537,00000000
16810,27.413,00000000
16820,27.717,00000000
16830,27.862,00000000
16840,27.891,00000000
16850,27.798,00000000
16860,27.965,00000000
16870,28.045,00000000
16880,28.118,00000000
16890,28.015,00000000
16900,27.922,00000000
16910,28.047,00000000
16920,27.916,00000000
16930,27.636,00000000
16940,27.724,00000000
16950,27.514,00000000
16960,27.140,00000000
16970,27.190,00000000
16980,27.136,00000000
16990,27.363,00000000
17000,27.685,00000000
17010,27.598,00000000
17020,27.703,00000000
17030,27.672,00000000
17040,27.863,00000000
17050,28.031,00000000
17060,27.902,00000000
17070,27.973,00000000
17080,28.180,00000000
17090,28.035,00000000
17100,28.032,00000000
17110,27.773,00000000
17120,27.859,00000000
17130,27.837,00000000
17140,27.480,00000000
17150,27.111,00000000
17160,27.045,00000000
17170,27.401,00000000
17180,27.531,00000000
17190,27.543,00000000
17200,27.594,00000000
17210,27.524,00000000
17220,27.834,00000000
17230,27.934,00000000
17240,27.855,00000000
17250,27.947,00000000
17260,28.233,00000000
17270,27.929,00000000
17280,27.903,00000000
17290,27.912,00000000
17300,27.843,00000000
17310,27.701,00000000
17320,27.744,00000000
17330,27.533,00000000
17340,27.107,00000000
17350,27.263,00000000
17360,27.412,00000000
17370,27.345,00000000
17380,27.425,00000000
17390,27.620,00000000
17400,27.920,00000000
17410,27.702,00000000
17420,27.733,00000000
17430,27.874,00000000
17440,28.184,00000000
17450,28.170,00000000
17460,28.089,00000000
17470,27.937,00000000
17480,28.072,00000000
17490,27.985,00000000
17500,27.778,00000000
17510,27.413,00000000
17520,27.415,00000000
17530,27.064,00000000
17540,27.310,00000000
17550,27.406,00000000
17560,27.311,00000000
17570,27.452,00000000
17580,27.592,00000000
17590,27.799,00000000
17600,27.713,00000000
17610,27.968,00000000
17620,28.177,00000000
17630,28.130,00000000
17640,28.049,00000000
17650,27.920,00000000
17660,28.003,00000000
17670,28.015,00000000
17680,27.939,00000000
17690,27.449,00000000
17700,27.415,00000000
17710,27.423,00000000
17720,27.139,00000000
17730,27.259,00000000
17740,27.209,00000000
17750,27.494,00000000
17760,27.660,00000000
17770,27.752,00000000
17780,27.616,00000000
17790,27.806,00000000
17800,27.974,00000000
17810,27.911,00000000
17820,27.862,00000000
17830,28.020,00000000
17840,28.083,00000000
17850,28.076,00000000
17860,27.937,00000000
17870,27.710,00000000
17880,27.842,00000000
17890,27.699,00000000
17900,27.314,00000000
17910,27.117,00000000
17920,27.376,00000000
17930,27.359,00000000
17940,27.480,00000000
17950,27.436,00000000
17960,27.550,00000000
17970,27.727,00000000
17980,27.913,00000000
17990,28.194,00000000
18000,27.936,00000000
18010,28.064,00000000
18020,28.179,00000000
18030,28.118,00000000
18040,28.081,00000000
18050,27.735,00000000
18060,27.630,00000000
18070,27.717,00000000
18080,27.551,00000000
18090,27.248,00000000
18100,27.114,00000000
18110,27.120,00000000
18120,27.437,00000000
18130,27.602,00000000
18140,27.590,00000000
18150,27.577,00000000
18160,27.778,00000000
18170,27.847,00000000
18180,27.940,00000000
18190,27.940,00000000
18200,27.910,00000000
18210,27.955,00000000
18220,27.908,00000000
18230,28.114,00000000
18240,28.070,00000000
18250,27.780,00000000
18260,27.726,00000000
18270,27.575,00000000
18280,27.349,00000000
18290,27.074,00000000
18300,27.187,00000000
18310,27.412,00000000
18320,27.589,00000000
18330,27.438,00000000
18340,27.616,00000000
18350,27.838,00000000
18360,27.875,00000000
18370,27.861,00000000
18380,27.906,00000000
18390,28.050,00000000
18400,28.127,00000000
18410,27.957,00000000
18420,27.879,00000000
18430,27.841,00000000
18440,27.876,00000000
18450,27.750,00000000
18460,27.420,00000000
18470,27.127,00000000
18480,27.262,00000000
18490,27.385,00000000
18500,27.379,00000000
18510,27.440,00000000
18520,27.454,00000000
18530,27.596,00000000
18540,27.866,00000000
18550,28.004,00000000
18560,27.809,00000000
18570,27.970,00000000
18580,28.075,00000000
18590,28.091,00000000
18600,28.105,00000000
18610,27.810,00000000
18620,27.831,00000000
18630,27.807,00000000
18640,27.944,00000000
18650,27.696,00000000
18660,27.149,00000000
18670,27.054,00000000
18680,27.161,00000000
18690,27.320,00000000
18700,27.543,00000000
18710,27.432,00000000
18720,27.551,00000000
18730,27.655,00000000
18740,27.905,00000000
18750,28.071,00000000
18760,28.089,00000000
18770,27.939,00000000
18780,27.929,00000000
18790,28.179,00000000
18800,28.010,00000000
18810,27.863,00000000
18820,27.932,00000000
18830,27.871,00000000
18840,27.580,00000000
18850,27.308,00000000
18860,27.042,00000000
18870,27.181,00000000
18880,27.433,00000000
18890,27.514,00000000
18900,27.614,00000000
18910,27.575,00000000
18920,27.789,00000000
18930,27.873,00000000
18940,27.803,00000000
18950,27.970,00000000
18960,27.906,00000000
18970,28.032,00000000
18980,28.137,00000000
18990,27.882,00000000
19000,27.892,00000000
19010,27.904,00000000
19020,27.809,00000000
19030,27.580,00000000
19040,27.169,00000000
19050,27.094,00000000
19060,27.319,00000000
19070,27.268,00000000
19080,27.518,00000000
19090,27.746,00000000
19100,27.720,00000000
19110,27.725,00000000
19120,27.687,00000000
19130,27.898,00000000
19140,28.048,00000000
19150,27.911,00000000
19160,28.132,00000000
19170,28.113,00000000
19180,27.957,00000000
19190,27.840,00000000
19200,27.830,00000000
19210,27.879,00000000
19220,27.695,00000000
19230,27.399,00000000
19240,27.031,00000000
19250,27.302,00000000
19260,27.351,00000000
19270,27.343,00000000
19280,27.434,00000000
19290,27.750,00000000
19300,27.819,00000000
19310,27.686,00000000
19320,27.775,00000000
19330,27.858,00000000
19340,28.072,00000000
19350,28.228,00000000
19360,28.072,00000000
19370,27.926,00000000
19380,28.037,00000000
19390,27.814,00000000
19400,27.819,00000000
19410,27.582,00000000
19420,27.593,00000000
19430,27.364,00000000
19440,27.295,00000000
19450,27.314,00000000
19460,27.401,00000000
19470,27.661,00000000
19480,27.818,00000000
19490,27.609,00000000
19500,27.820,00000000
19510,27.769,00000000
19520,27.854,00000000
19530,28.022,00000000
19540,28.132,00000000
19550,28.057,00000000
19560,27.874,00000000
19570,28.004,00000000
19580,27.991,00000000
19590,27.859,00000000
19600,27.421,00000000
19610,27.359,00000000
19620,27.294,00000000
19630,27.237,00000000
19640,27.322,00000000
19650,27.415,00000000
19660,27.604,00000000
19670,27.799,00000000
19680,27.770,00000000
19690,27.751,00000000
19700,27.826,00000000
19710,27.927,00000000
19720,28.115,00000000
19730,28.186,00000000
19740,27.912,00000000
19750,28.077,00000000
19760,28.034,00000000
19770,27.857,00000000
19780,27.614,00000000
19790,27.554,00000000
19800,27.458,00000000
19810,27.315,00000000
19820,27.208,00000000
19830,27.339,00000000
19840,27.568,00000000
19850,27.686,00000000
19860,27.594,00000000
19870,27.733,00000000
19880,27.768,00000000
19890,27.853,00000000
19900,27.954,00000000
19910,27.910,00000000
19920,27.913,00000000
19930,27.971,00000000
19940,28.084,00000000
19950,28.038,00000000
19960,27.783,00000000
19970,27.652,00000000
19980,27.446,00000000
19990,27.358,00000000
20000,27.262,00000000
20010,27.173,00000000
20020,27.366,00000000
20030,27.681,00000000
20040,27.745,00000000
20050,27.650,00000000
20060,27.705,00000000
20070,27.902,00000000
20080,28.040,00000000
20090,27.800,00000000
20100,27.906,00000000
20110,27.974,00000000
20120,28.035,00000000
20130,28.016,00000000
20140,27.925,00000000
20150,27.880,00000000
20160,27.607,00000000
20170,27.462,00000000
20180,27.175,00000000
20190,27.120,00000000
20200,27.341,00000000
20210,27.408,00000000
20220,27.391,00000000
20230,27.488,00000000
20240,27.903,00000000
20250,27.924,00000000
20260,27.841,00000000
20270,27.834,00000000
20280,28.050,00000000
20290,28.058,00000000
20300,27.989,00000000
20310,27.858,00000000
20320,28.009,00000000
20330,27.892,00000000
20340,27.754,00000000
20350,27.595,00000000
20360,27.324,00000000
20370,27.395,00000000
20380,27.300,00000000
20390,27.186,00000000
20400,27.425,00000000
20410,27.563,00000000
20420,27.578,00000000
20430,27.646,00000000
20440,27.697,00000000
20450,27.886,00000000
20460,27.881,00000000
20470,28.001,00000000
20480,28.175,00000000
20490,28.001,00000000
20500,28.106,00000000
20510,28.119,00000000
20520,28.036,00000000
20530,27.809,00000000
20540,27.559,00000000
20550,27.440,00000000
20560,27.138,00000000
20570,27.116,00000000
20580,27.224,00000000
20590,27.293,00000000
20600,27.343,00000000
20610,27.707,00000000
20620,27.711,00000000
20630,27.769,00000000
20640,27.787,00000000
20650,27.902,00000000
20660,28.061,00000000
20670,28.165,00000000
20680,27.871,00000000
20690,27.921,00000000
20700,28.110,00000000
20710,28.025,00000000
20720,27.797,00000000
20730,27.597,00000000
20740,27.392,00000000
20750,27.184,00000000
20760,27.253,00000000
20770,27.210,00000000
20780,27.342,00000000
20790,27.563,00000000
20800,27.701,00000000
20810,27.728,00000000
20820,27.603,00000000
20830,27.722,00000000
20840,28.080,00000000
20850,28.171,00000000
20860,28.053,00000000
20870,27.935,00000000
20880,28.111,00000000
20890,28.160,00000000
20900,27.918,00000000
20910,27.891,00000000
20920,27.699,00000000
20930,27.642,00000000
20940,27.458,00000000
20950,27.135,00000000
20960,27.219,00000000
20970,27.308,00000000
20980,27.502,00000000
20990,27.714,00000000
21000,27.641,00000000
21010,27.653,00000000
21020,27.826,00000000
21030,28.001,00000000
21040,27.994,00000000
21050,27.897,00000000
21060,27.928,00000000
21070,28.161,00000000
21080,27.979,00000000
21090,27.984,00000000
21100,27.838,00000000
21110,27.690,00000000
21120,27.517,00000000
21130,27.477,00000000
21140,27.334,00000000
21150,27.453,00000000
21160,27.310,00000000
21170,27.423,00000000
21180,27.569,00000000
21190,27.712,00000000
21200,27.698,00000000
21210,27.829,00000000
21220,27.814,00000000
21230,28.046,00000000
21240,28.177,00000000
21250,28.217,00000000
21260,27.878,00000000
21270,27.970,00000000
21280,27.999,00000000
21290,27.842,00000000
21300,27.592,00000000
21310,27.438,00000000
21320,27.129,00000000
21330,27.278,00000000
21340,27.362,00000000
21350,27.348,00000000
21360,27.376,00000000
21370,27.577,00000000
21380,27.647,00000000
21390,27.878,00000000
21400,28.085,00000000
21410,27.874,00000000
21420,27.875,00000000
21430,27.992,00000000
21440,28.087,00000000
21450,28.042,00000000
21460,28.001,00000000
21470,27.822,00000000
21480,27.819,00000000
21490,27.606,00000000
21500,27.633,00000000
21510,27.287,00000000
21520,27.106,00000000
21530,27.175,00000000
21540,27.430,00000000
21550,27.608,00000000
21560,27.609,00000000
21570,27.579,00000000
21580,27.861,00000000
21590,27.829,00000000
21600,27.951,00000000
21610,27.791,00000000
21620,27.982,00000000
21630,28.148,00000000
21640,28.163,00000000
21650,27.899,00000000
21660,28.057,00000000
21670,27.901,00000000
21680,27.733,00000000
21690,27.452,00000000
21700,27.233,00000000
21710,27.065,00000000
21720,27.326,00000000
21730,27.338,00000000
21740,27.437,00000000
21750,27.757,00000000
21760,27.840,00000000
21770,27.879,00000000
21780,27.747,00000000
21790,27.817,00000000
21800,28.058,00000000
21810,28.083,00000000
21820,27.938,00000000
21830,28.126,00000000
21840,28.104,00000000
21850,28.008,00000000
21860,27.703,00000000
21870,27.660,00000000
21880,27.584,00000000
21890,27.244,00000000
21900,27.071,00000000
21910,27.417,00000000
21920,27.378,00000000
21930,27.550,00000000
21940,27.534,00000000
21950,27.703,00000000
21960,27.697,00000000
21970,27.944,00000000
21980,28.015,00000000
21990,27.843,00000000
22000,27.907,00000000
22010,28.087,00000000
22020,28.107,00000000
22030,28.062,00000000
22040,27.988,00000000
22050,27.660,00000000
22060,27.756,00000000
22070,27.628,00000000
22080,27.141,00000000
22090,27.218,00000000
22100,27.347,00000000
22110,27.348,00000000
22120,27.373,00000000
22130,27.494,00000000
22140,27.621,00000000
22150,27.982,00000000
22160,28.060,00000000
22170,27.965,00000000
22180,27.895,00000000
22190,28.107,00000000
22200,28.130,00000000
22210,27.890,00000000
22220,27.764,00000000
22230,27.874,00000000
22240,27.930,00000000
22250,27.712,00000000
22260,27.507,00000000
22270,27.233,00000000
22280,27.177,00000000
22290,27.341,00000000
22300,27.423,00000000
22310,27.397,00000000
22320,27.624,00000000
22330,27.689,00000000
22340,27.891,00000000
22350,27.758,00000000
22360,27.909,00000000
22370,28.082,00000000
22380,28.006,00000000
22390,27.958,00000000
22400,28.114,00000000
22410,27.948,00000000
22420,27.908,00000000
22430,27.851,00000000
22440,27.620,00000000
22450,27.569,00000000
22460,27.560,00000000
22470,27.226,00000000
22480,27.135,00000000
22490,27.393,00000000
22500,27.510,00000000
22510,27.494,00000000
22520,27.701,00000000
22530,27.699,00000000
22540,27.896,00000000
22550,28.024,00000000
22560,27.927,00000000
22570,28.045,00000000
22580,27.941,00000000
22590,28.123,00000000
22600,28.145,00000000
22610,27.908,00000000
22620,27.860,00000000
22630,27.863,00000000
22640,27.749,00000000
22650,27.482,00000000
22660,27.181,00000000
22670,27.084,00000000
22680,27.174,00000000
22690,27.510,00000000
22700,27.695,00000000
22710,27.524,00000000
22720,27.761,00000000
22730,27.960,00000000
22740,27.888,00000000
22750,27.803,00000000
22760,27.939,00000000
22770,28.224,00000000
22780,28.020,00000000
22790,27.895,00000000
22800,27.885,00000000
22810,28.122,00000000
22820,27.766,00000000
22830,27.590,00000000
22840,27.314,00000000
22850,27.070,00000000
22860,27.185,00000000
22870,27.399,00000000
22880,27.570,00000000
22890,27.496,00000000
22900,27.764,00000000
22910,27.884,00000000
22920,27.827,00000000
22930,27.776,00000000
22940,27.804,00000000
22950,27.849,00000000
22960,28.020,00000000
22970,28.009,00000000
22980,27.897,00000000
22990,27.867,00000000
23000,27.876,00000000
23010,27.990,00000000
23020,27.798,00000000
23030,27.417,00000000
23040,27.212,00000000
23050,27.096,00000000
23060,27.243,00000000
23070,27.493,00000000
23080,27.607,00000000
23090,27.498,00000000
23100,27.759,00000000
23110,27.942,00000000
23120,27.926,00000000
23130,27.873,00000000
23140,27.839,00000000
23150,28.075,00000000
23160,28.127,00000000
23170,27.881,00000000
23180,27.925,00000000
23190,28.095,00000000
23200,27.911,00000000
23210,27.576,00000000
23220,27.503,00000000
23230,27.147,00000000
23240,27.248,00000000
23250,27.482,00000000
23260,27.513,00000000
23270,27.355,00000000
23280,27.626,00000000
23290,27.835,00000000
23300,27.851,00000000
23310,27.783,00000000
23320,28.070,00000000
23330,28.025,00000000
23340,27.917,00000000
23350,28.046,00000000
23360,27.939,00000000
23370,27.967,00000000
23380,28.065,00000000
23390,27.833,00000000
23400,27.656,00000000
23410,27.574,00000000
23420,27.312,00000000
23430,27.280,00000000
23440,27.181,00000000
23450,27.449,00000000
23460,27.396,00000000
23470,27.549,00000000
23480,27.563,00000000
23490,27.866,00000000
23500,28.068,00000000
23510,28.066,00000000
23520,27.928,00000000
23530,28.041,00000000
23540,27.928,00000000
23550,28.115,00000000
23560,28.120,00000000
23570,27.904,00000000
23580,27.753,00000000
23590,27.805,00000000
23600,27.552,00000000
23610,27.185,00000000
23620,27.015,00000000
23630,27.300,00000000
23640,27.469,00000000
23650,27.436,00000000
23660,27.602,00000000
23670,27.853,00000000
23680,27.802,00000000
23690,27.776,00000000
23700,27.916,00000000
23710,27.918,00000000
23720,28.066,00000000
23730,28.176,00000000
23740,28.078,00000000
23750,27.885,00000000
23760,27.978,00000000
23770,27.923,00000000
23780,27.682,00000000
23790,27.417,00000000
23800,27.452,00000000
23810,27.286,00000000
23820,27.378,00000000
23830,27.251,00000000
23840,27.485,00000000
23850,27.687,00000000
23860,27.579,00000000
23870,27.817,00000000
23880,27.979,00000000
23890,27.970,00000000
23900,27.819,00000000
23910,27.964,00000000
23920,27.897,00000000
23930,27.969,00000000
23940,28.151,00000000
23950,27.967,00000000
23960,27.891,00000000
23970,27.681,00000000
23980,27.590,00000000
23990,27.448,00000000
24000,27.235,00000000
24010,27.192,00000000
24020,27.274,00000000
24030,27.551,00000000
24040,27.681,00000000
24050,27.621,00000000
24060,27.768,00000000
24070,27.921,00000000
24080,27.875,00000000
24090,27.872,00000000
24100,28.004,00000000
24110,27.932,00000000
24120,28.088,00000000
24130,28.126,00000000
24140,27.828,00000000
24150,27.945,00000000
24160,27.933,00000000
24170,27.683,00000000
24180,27.346,00000000
24190,27.111,00000000
24200,27.174,00000000
24210,27.271,00000000
24220,27.438,00000000
24230,27.594,00000000
24240,27.719,00000000
24250,27.889,00000000
24260,27.868,00000000
24270,27.941,00000000
24280,27.967,00000000
24290,27.910,00000000
24300,27.970,00000000
24310,28.081,00000000
24320,28.045,00000000
24330,27.995,00000000
24340,27.767,00000000
24350,27.737,00000000
24360,27.572,00000000
24370,27.288,00000000
24380,27.182,00000000
24390,27.202,00000000
24400,27.460,00000000
24410,27.631,00000000
24420,27.624,00000000
24430,27.595,00000000
24440,27.891,00000000
24450,28.071,00000000
24460,28.002,00000000
24470,28.026,00000000
24480,28.042,00000000
24490,27.994,00000000
24500,28.008,00000000
24510,28.054,00000000
24520,27.826,00000000
24530,27.772,00000000
24540,27.560,00000000
24550,27.508,00000000
24560,27.313,00000000
24570,27.423,00000000
24580,27.497,00000000
24590,27.421,00000000
24600,27.601,00000000
24610,27.603,00000000
24620,27.790,00000000
24630,27.687,00000000
24640,27.922,00000000
24650,27.932,00000000
24660,27.983,00000000
24670,28.150,00000000
24680,28.094,00000000
24690,27.915,00000000
24700,27.906,00000000
24710,27.809,00000000
24720,27.748,00000000
24730,27.769,00000000
24740,27.527,00000000
24750,27.158,00000000
24760,27.134,00000000
24770,27.491,00000000
24780,27.395,00000000
24790,27.420,00000000
24800,27.671,00000000
24810,27.681,00000000
24820,27.968,00000000
24830,27.997,00000000
24840,28.043,00000000
24850,27.967,00000000
24860,27.875,00000000
24870,28.055,00000000
24880,28.169,00000000
24890,27.917,00000000
24900,27.910,00000000
24910,27.867,00000000
24920,27.658,00000000
24930,27.420,00000000
24940,26.918,00000000
24950,27.117,00000000
24960,27.326,00000000
24970,27.425,00000000
24980,27.655,00000000
24990,27.624,00000000
25000,27.881,00000000
25010,28.032,00000000
25020,27.919,00000000
25030,28.008,00000000
25040,28.000,00000000
25050,27.978,00000000
25060,27.987,00000000
25070,28.101,00000000
25080,28.129,00000000
25090,27.863,00000000
25100,27.601,00000000
25110,27.503,00000000
25120,27.223,00000000
25130,27.071,00000000
25140,27.223,00000000
25150,27.298,00000000
25160,27.397,00000000
25170,27.654,00000000
25180,27.724,00000000
25190,27.822,00000000
25200,27.900,00000000
25210,27.936,00000000
25220,27.896,00000000
25230,28.019,00000000
25240,28.036,00000000
25250,27.953,00000000
25260,27.874,00000000
25270,27.748,00000000
25280,27.884,00000000
25290,27.826,00000000
25300,27.445,00000000
25310,27.164,00000000
25320,27.198,00000000
25330,27.438,00000000
25340,27.414,00000000
25350,27.373,00000000
25360,27.459,00000000
25370,27.797,00000000
25380,27.869,00000000
25390,27.698,00000000
25400,28.019,00000000
25410,28.087,00000000
25420,27.947,00000000
25430,27.871,00000000
25440,27.871,00000000
25450,28.102,00000000
25460,27.987,00000000
25470,27.647,00000000
25480,27.550,00000000
25490,27.528,00000000
25500,27.217,00000000
25510,27.053,00000000
25520,27.287,00000000
25530,27.308,00000000
25540,27.551,00000000
25550,27.703,00000000
25560,27.581,00000000
25570,27.751,00000000
25580,27.988,00000000
25590,28.062,00000000
25600,28.042,00000000
25610,27.881,00000000
25620,28.120,00000000
25630,28.178,00000000
25640,27.779,00000000
25650,27.878,00000000
25660,27.854,00000000
25670,27.744,00000000
25680,27.397,00000000
25690,26.985,00000000
25700,27.131,00000000
25710,27.149,00000000
25720,27.360,00000000
25730,27.549,00000000
25740,27.721,00000000
25750,27.622,00000000
25760,27.887,00000000
25770,27.941,00000000
25780,27.866,00000000
25790,27.887,00000000
25800,27.950,00000000
25810,27.932,00000000
25820,28.123,00000000
25830,28.087,00000000
25840,27.734,00000000
25850,27.894,00000000
25860,27.693,00000000
25870,27.262,00000000
25880,27.120,00000000
25890,27.106,00000000
25900,27.410,00000000
25910,27.581,00000000
25920,27.432,00000000
25930,27.555,00000000
25940,27.659,00000000
25950,27.893,00000000
25960,27.949,00000000
25970,28.054,00000000
25980,27.930,00000000
25990,27.783,00000000
26000,28.029,00000000
26010,28.007,00000000
26020,28.001,00000000
26030,27.791,00000000
26040,27.877,00000000
26050,27.786,00000000
26060,27.345,00000000
26070,27.109,00000000
26080,27.063,00000000
26090,27.418,00000000
26100,27.527,00000000
26110,27.400,00000000
26120,27.504,00000000
26130,27.807,00000000
26140,27.787,00000000
26150,27.753,00000000
26160,27.939,00000000
26170,28.027,00000000
26180,28.033,00000000
26190,27.988,00000000
26200,27.870,00000000
26210,27.800,00000000
26220,27.761,00000000
26230,27.897,00000000
26240,27.801,00000000
26250,27.524,00000000
26260,27.003,00000000
26270,27.212,00000000
26280,27.494,00000000
26290,27.306,00000000
26300,27.432,00000000
26310,27.497,00000000
26320,27.837,00000000
26330,27.880,00000000
26340,27.832,00000000
26350,27.980,00000000
26360,27.858,00000000
26370,28.065,00000000
26380,28.139,00000000
26390,28.039,00000000
26400,27.828,00000000
26410,27.895,00000000
26420,27.887,00000000
26430,27.597,00000000
26440,27.232,00000000
26450,27.030,00000000
26460,27.149,00000000
26470,27.455,00000000
26480,27.364,00000000
26490,27.453,00000000
26500,27.710,00000000
26510,27.851,00000000
26520,27.650,00000000
26530,27.746,00000000
26540,27.775,00000000
26550,27.942,00000000
26560,28.144,00000000
26570,27.888,00000000
26580,28.082,00000000
26590,28.151,00000000
26600,27.955,00000000
26610,27.823,00000000
26620,27.445,00000000
26630,27.425,00000000
26640,27.290,00000000
26650,27.086,00000000
26660,27.275,00000000
26670,27.542,00000000
26680,27.515,00000000
26690,27.535,00000000
26700,27.573,00000000
26710,27.846,00000000
26720,27.959,00000000
26730,27.743,00000000
26740,27.890,00000000
26750,28.120,00000000
26760,28.073,00000000
26770,27.920,00000000
26780,27.859,00000000
26790,27.850,00000000
26800,27.910,00000000
26810,27.739,00000000
26820,27.389,00000000
26830,27.224,00000000
26840,27.199,00000000
26850,27.321,00000000
26860,27.306,00000000
26870,27.380,00000000
26880,27.705,00000000
26890,27.695,00000000
26900,27.683,00000000
26910,27.717,00000000
26920,27.846,00000000
26930,27.977,00000000
26940,28.077,00000000
26950,28.032,00000000
26960,27.899,00000000
26970,27.853,00000000
26980,27.826,00000000
26990,27.902,00000000
27000,27.832,00000000
27010,27.409,00000000
27020,27.238,00000000
27030,27.169,00000000
27040,27.342,00000000
27050,27.456,00000000
27060,27.308,00000000
27070,27.493,00000000
27080,27.735,00000000
27090,27.843,00000000
27100,27.714,00000000
27110,27.808,00000000
27120,28.064,00000000
27130,28.067,00000000
27140,27.931,00000000
27150,28.024,00000000
27160,27.919,00000000
27170,27.979,00000000
27180,27.931,00000000
27190,27.593,00000000
27200,27.491,00000000
27210,27.163,00000000
27220,27.208,00000000
27230,27.387,00000000
27240,27.418,00000000
27250,27.419,00000000
27260,27.475,00000000
27270,27.780,00000000
27280,27.849,00000000
27290,27.742,00000000
27300,27.930,00000000
27310,27.869,00000000
27320,27.978,00000000
27330,28.100,00000000
27340,28.123,00000000
27350,27.884,00000000
27360,27.866,00000000
27370,27.897,00000000
27380,27.824,00000000
27390,27.451,00000000
27400,27.352,00000000
27410,27.272,00000000
27420,27.415,00000000
27430,27.308,00000000
27440,27.506,00000000
27450,27.666,00000000
27460,27.558,00000000
27470,27.815,00000000
27480,27.949,00000000
27490,27.821,00000000
27500,27.916,00000000
27510,27.828,00000000
27520,27.957,00000000
27530,28.124,00000000
27540,28.203,00000000
27550,27.819,00000000
27560,27.673,00000000
27570,27.620,00000000
27580,27.392,00000000
27590,27.237,00000000
27600,27.253,00000000
27610,27.143,00000000
27620,27.359,00000000
27630,27.559,00000000
27640,27.605,00000000
27650,27.725,00000000
27660,27.611,00000000
27670,27.878,00000000
27680,28.001,00000000
27690,27.962,00000000
27700,27.867,00000000
27710,28.004,00000000
27720,28.072,00000000
27730,28.044,00000000
27740,27.855,00000000
27750,27.885,00000000
27760,27.739,00000000
27770,27.392,00000000
27780,27.275,00000000
27790,27.029,00000000
27800,27.288,00000000
27810,27.468,00000000
27820,27.525,00000000
27830,27.457,00000000
27840,27.656,00000000
27850,27.831,00000000
27860,27.888,00000000
27870,27.833,00000000
27880,27.835,00000000
27890,28.026,00000000
27900,28.055,00000000
27910,27.903,00000000
27920,28.073,00000000
27930,27.928,00000000
27940,27.853,00000000
27950,27.650,00000000
27960,27.479,00000000
27970,27.136,00000000
27980,27.200,00000000
27990,27.271,00000000
28000,27.376,00000000
28010,27.450,00000000
28020,27.618,00000000
28030,27.682,00000000
28040,27.779,00000000
28050,27.729,00000000
28060,27.874,00000000
28070,27.849,00000000
28080,28.030,00000000
28090,27.884,00000000
28100,27.985,00000000
28110,28.015,00000000
28120,27.933,00000000
28130,27.788,00000000
28140,27.632,00000000
28150,27.532,00000000
28160,27.300,00000000
28170,27.115,00000000
28180,27.221,00000000
28190,27.284,00000000
28200,27.335,00000000
28210,27.448,00000000
28220,27.629,00000000
28230,27.775,00000000
28240,27.890,00000000
28250,28.018,00000000
28260,27.860,00000000
28270,28.031,00000000
28280,28.081,00000000
28290,28.026,00000000
28300,27.967,00000000
28310,27.821,00000000
28320,27.692,00000000
28330,27.659,00000000
28340,27.381,00000000
28350,27.277,00000000
28360,27.153,00000000
28370,27.275,00000000
28380,27.317,00000000
28390,27.368,00000000
28400,27.590,00000000
28410,27.617,00000000
28420,27.682,00000000
28430,27.758,00000000
28440,27.897,00000000
28450,27.969,00000000
28460,27.911,00000000
28470,27.986,00000000
28480,28.010,00000000
28490,27.949,00000000
28500,27.899,00000000
28510,27.850,00000000
28520,27.606,00000000
28530,27.574,00000000
28540,27.415,00000000
28550,27.166,00000000
28560,27.137,00000000
28570,27.263,00000000
28580,27.505,00000000
28590,27.684,00000000
28600,27.569,00000000
28610,27.839,00000000
28620,27.938,00000000
28630,27.967,00000000
28640,27.825,00000000
28650,27.959,00000000
28660,28.079,00000000
28670,27.957,00000000
28680,27.937,00000000
28690,28.048,00000000
28700,27.887,00000000
28710,27.676,00000000
28720,27.270,00000000
28730,27.340,00000000
28740,27.242,00000000
28750,27.169,00000000
28760,27.388,00000000
28770,27.536,00000000
28780,27.668,00000000
28790,27.734,00000000
28800,27.670,00000000
28810,27.866,00000000
28820,28.000,00000000
28830,28.020,00000000
28840,27.845,00000000
28850,28.109,00000000
28860,28.155,00000000
28870,27.883,00000000
28880,27.850,00000000
28890,27.894,00000000
28900,27.765,00000000
28910,27.510,00000000
28920,27.122,00000000
28930,27.146,00000000
28940,27.288,00000000
28950,27.449,00000000
28960,27.371,00000000
28970,27.559,00000000
28980,27.854,00000000
28990,27.858,00000000
29000,27.696,00000000
29010,27.981,00000000
29020,28.130,00000000
29030,27.947,00000000
29040,27.913,00000000
29050,27.907,00000000
29060,28.044,00000000
29070,27.891,00000000
29080,27.666,00000000
29090,27.747,00000000
29100,27.610,00000000
29110,27.206,00000000
29120,27.041,00000000
29130,27.122,00000000
29140,27.314,00000000
29150,27.539,00000000
29160,27.745,00000000
29170,27.713,00000000
29180,27.690,00000000
29190,27.993,00000000
29200,27.854,00000000
29210,27.873,00000000
29220,28.008,00000000
29230,27.963,00000000
29240,28.148,00000000
29250,28.102,00000000
29260,27.910,00000000
29270,27.733,00000000
29280,27.554,00000000
29290,27.501,00000000
29300,27.339,00000000
29310,27.133,00000000
29320,27.222,00000000
29330,27.311,00000000
29340,27.458,00000000
29350,27.750,00000000
29360,27.809,00000000
29370,27.762,00000000
29380,27.634,00000000
29390,27.949,00000000
29400,28.026,00000000
29410,27.884,00000000
29420,28.006,00000000
29430,27.897,00000000
29440,27.996,00000000
29450,27.929,00000000
29460,27.744,00000000
29470,27.760,00000000
29480,27.299,00000000
29490,27.120,00000000
29500,27.249,00000000
29510,27.280,00000000
29520,27.320,00000000
29530,27.650,00000000
29540,27.617,00000000
29550,27.639,00000000
29560,27.643,00000000
29570,27.828,00000000
29580,27.853,00000000
29590,28.044,00000000
29600,28.127,00000000
29610,27.918,00000000
29620,27.993,00000000
29630,28.063,00000000
29640,27.968,00000000
29650,27.766,00000000
29660,27.645,00000000
29670,27.439,00000000
29680,27.334,00000000
29690,27.216,00000000
29700,27.208,00000000
29710,27.347,00000000
29720,27.607,00000000
29730,27.679,00000000
29740,27.577,00000000
29750,27.686,00000000
29760,27.766,00000000
29770,28.000,00000000
29780,28.079,00000000
29790,28.001,00000000
29800,27.972,00000000
29810,28.124,00000000
29820,28.048,00000000
29830,27.926,00000000
29840,27.734,00000000
29850,27.679,00000000
29860,27.649,00000000
29870,27.397,00000000
29880,27.020,00000000
29890,27.243,00000000
29900,27.463,00000000
29910,27.491,00000000
29920,27.510,00000000
29930,27.736,00000000
29940,27.826,00000000
29950,27.928,00000000
29960,27.795,00000000
29970,27.812,00000000
29980,27.910,00000000
29990,28.133,00000000
30000,28.166,00000000
30010,27.846,00000000
30020,27.857,00000000
30030,27.829,00000000
30040,27.832,00000000
30050,27.653,00000000
30060,27.217,00000000
30070,27.205,00000000
30080,27.396,00000000
30090,27.381,00000000
30100,27.234,00000000
30110,27.554,00000000
30120,27.750,00000000
30130,27.873,00000000
30140,27.716,00000000
30150,27.755,00000000
30160,28.031,00000000
30170,28.208,00000000
30180,27.975,00000000
30190,27.892,00000000
30200,27.902,00000000
30210,28.047,00000000
30220,27.886,00000000
30230,27.782,00000000
30240,27.418,00000000
30250,27.327,00000000
30260,27.278,00000000
30270,27.397,00000000
30280,27.194,00000000
30290,27.479,00000000
30300,27.735,00000000
30310,27.690,00000000
30320,27.644,00000000
30330,27.872,00000000
30340,28.051,00000000
30350,28.052,00000000
30360,27.897,00000000
30370,27.971,00000000
30380,28.094,00000000
30390,28.122,00000000
30400,27.992,00000000
30410,27.897,00000000
30420,27.916,00000000
30430,27.676,00000000
30440,27.517,00000000
30450,26.953,00000000
30460,27.122,00000000
30470,27.270,00000000
30480,27.500,00000000
30490,27.630,00000000
30500,27.648,00000000
30510,27.828,00000000
30520,27.772,00000000
30530,27.878,00000000
30540,27.947,00000000
30550,28.109,00000000
30560,28.033,00000000
30570,28.090,00000000
30580,27.992,00000000
30590,27.960,00000000
30600,27.811,00000000
30610,27.692,00000000
30620,27.650,00000000
30630,27.545,00000000
30640,27.068,00000000
30650,27.092,00000000
30660,27.227,00000000
30670,27.488,00000000
30680,27.728,00000000
30690,27.801,00000000
30700,27.619,00000000
30710,27.798,00000000
30720,28.095,00000000
30730,28.107,00000000
30740,27.983,00000000
30750,27.958,00000000
30760,27.939,00000000
30770,27.883,00000000
30780,28.056,00000000
30790,27.822,00000000
30800,27.816,00000000
30810,27.540,00000000
30820,27.344,00000000
30830,27.188,00000000
30840,27.299,00000000
30850,27.279,00000000
30860,27.422,00000000
30870,27.390,00000000
30880,27.789,00000000
30890,27.837,00000000
30900,27.744,00000000
30910,27.771,00000000
30920,28.088,00000000
30930,28.112,00000000
30940,27.953,00000000
30950,27.932,00000000
30960,27.877,00000000
30970,27.920,00000000
30980,28.104,00000000
30990,27.873,00000000
31000,27.537,00000000
31010,27.478,00000000
31020,27.256,00000000
31030,27.043,00000000
31040,27.184,00000000
31050,27.486,00000000
31060,27.567,00000000
31070,27.531,00000000
31080,27.575,00000000
31090,27.975,00000000
31100,28.142,00000000
31110,28.077,00000000
31120,27.877,00000000
31130,28.145,00000000
31140,28.183,00000000
31150,27.918,00000000
31160,27.897,00000000
31170,27.865,00000000
31180,27.758,00000000
31190,27.846,00000000
31200,27.561,00000000
31210,27.221,00000000
31220,27.135,00000000
31230,27.230,00000000
31240,27.349,00000000
31250,27.675,00000000
31260,27.768,00000000
31270,27.630,00000000
31280,27.732,00000000
31290,27.780,00000000
31300,27.996,00000000
31310,28.055,00000000
31320,28.002,00000000
31330,28.050,00000000
31340,27.952,00000000
31350,27.961,00000000
31360,28.046,00000000
31370,27.907,00000000
31380,27.788,00000000
31390,27.608,00000000
31400,27.238,00000000
31410,27.142,00000000
31420,27.214,00000000
31430,27.384,00000000
31440,27.405,00000000
31450,27.601,00000000
31460,27.599,00000000
31470,27.819,00000000
31480,27.951,00000000
31490,27.959,00000000
31500,27.976,00000000
31510,27.848,00000000
31520,27.979,00000000
31530,27.949,00000000
31540,28.115,00000000
31550,28.024,00000000
31560,27.997,00000000
31570,27.627,00000000
31580,27.579,00000000
31590,27.481,00000000
31600,27.205,00000000
31610,27.104,00000000
31620,27.283,00000000
31630,27.468,00000000
31640,27.717,00000000
31650,27.592,00000000
31660,27.674,00000000
31670,27.926,00000000
31680,27.874,00000000
31690,27.842,00000000
31700,27.901,00000000
31710,27.900,00000000
31720,28.128,00000000
31730,28.204,00000000
31740,27.922,00000000
31750,27.931,00000000
31760,27.834,00000000
31770,27.706,00000000
31780,27.173,00000000
31790,27.182,00000000
31800,27.264,00000000
31810,27.280,00000000
31820,27.341,00000000
31830,27.460,00000000
31840,27.726,00000000
31850,27.877,00000000
31860,27.937,00000000
31870,27.927,00000000
31880,27.801,00000000
31890,28.054,00000000
31900,28.013,00000000
31910,27.943,00000000
31920,28.116,00000000
31930,28.132,00000000
31940,27.928,00000000
31950,27.546,00000000
31960,27.463,00000000
31970,27.253,00000000
31980,27.135,00000000
31990,27.431,00000000
32000,27.497,00000000
32010,27.313,00000000
32020,27.448,00000000
32030,27.797,00000000
32040,27.736,00000000
32050,27.876,00000000
32060,27.846,00000000
32070,27.894,00000000
32080,28.103,00000000
32090,28.120,00000000
32100,27.980,00000000
32110,27.923,00000000
32120,27.995,00000000
32130,27.954,00000000
32140,27.609,00000000
32150,27.541,00000000
32160,27.349,00000000
32170,27.318,00000000
32180,27.259,00000000
32190,27.324,00000000
32200,27.303,00000000
32210,27.554,00000000
32220,27.558,00000000
32230,27.756,00000000
32240,27.770,00000000
32250,27.769,00000000
32260,28.054,00000000
32270,28.079,00000000
32280,27.878,00000000
32290,27.888,00000000
32300,27.926,00000000
32310,28.090,00000000
32320,27.923,00000000
32330,27.715,00000000
32340,27.543,00000000
32350,27.613,00000000
32360,27.244,00000000
32370,27.017,00000000
32380,27.235,00000000
32390,27.507,00000000
32400,27.592,00000000
32410,27.552,00000000
32420,27.611,00000000
32430,27.774,00000000
32440,27.773,00000000
32450,27.962,00000000
32460,28.072,00000000
32470,28.088,00000000
32480,27.895,00000000
32490,28.048,00000000
32500,28.145,00000000
32510,27.838,00000000
32520,27.853,00000000
32530,27.611,00000000
32540,27.537,00000000
32550,27.438,00000000
32560,27.192,00000000
32570,27.173,00000000
32580,27.271,00000000
32590,27.569,00000000
32600,27.645,00000000
32610,27.647,00000000
32620,27.650,00000000
32630,27.798,00000000
32640,27.870,00000000
32650,28.087,00000000
32660,28.208,00000000
32670,27.976,00000000
32680,28.113,00000000
32690,28.121,00000000
32700,27.954,00000000
32710,27.708,00000000
32720,27.684,00000000
32730,27.476,00000000
32740,27.393,00000000
32750,27.244,00000000
32760,27.240,00000000
32770,27.314,00000000
32780,27.346,00000000
32790,27.581,00000000
32800,27.754,00000000
32810,27.736,00000000
32820,27.720,00000000
32830,756.428,X0000000
32840,346.662,10000000
32850,200.767,10000000
32860,145.771,10000000
32870,126.059,10000000
32880,291.769,10000000
32890,924.656,10000000
32900,407.717,10000000
32910,222.964,10000000
32920,154.192,10000000
32930,129.258,10000000
32940,120.232,10000000
32950,116.256,10000000
32960,114.590,10000000
32970,111.960,10000000
32980,111.654,10000000
32990,111.297,10000000
33000,111.761,10000000
33010,111.818,10000000
33020,112.001,10000000
33030,111.722,10000000
33040,112.769,10000000
33050,112.511,10000000
33060,112.761,10000000
33070,113.128,10000000
33080,113.320,10000000
33090,113.807,10000000
33100,113.833,10000000
33110,114.055,10000000
33120,114.856,10000000
33130,114.873,10000000
33140,115.018,10000000
33150,114.467,10000000
33160,113.556,10000000
33170,111.569,10000000
33180,111.538,10000000
33190,112.041,10000000
33200,112.052,10000000
33210,112.422,10000000
33220,112.421,10000000
33230,112.293,10000000
33240,112.566,10000000
33250,112.763,10000000
33260,113.369,10000000
33270,113.382,10000000
33280,113.337,10000000
33290,113.597,10000000
33300,114.137,10000000
33310,114.497,10000000
33320,114.957,10000000
33330,114.989,10000000
33340,114.791,10000000
33350,114.480,10000000
33360,112.873,10000000
33370,111.799,10000000
33380,111.691,10000000
33390,112.412,10000000
33400,111.846,10000000
33410,112.326,10000000
33420,112.650,10000000
33430,112.378,10000000
33440,112.859,10000000
33450,113.084,10000000
33460,113.512,10000000
33470,113.325,10000000
33480,114.033,10000000
33490,113.786,10000000
33500,114.474,10000000
33510,114.686,10000000
33520,114.917,10000000
33530,114.797,10000000
33540,114.842,10000000
33550,114.333,10000000
33560,112.403,10000000
33570,111.805,10000000
33580,111.918,10000000
33590,111.794,10000000
33600,112.532,10000000
33610,112.582,10000000
33620,112.480,10000000
33630,112.528,10000000
33640,113.216,10000000
33650,113.109,10000000
33660,113.207,10000000
33670,113.632,10000000
33680,114.236,10000000
33690,114.218,10000000
33700,114.593,10000000
33710,114.497,10000000
33720,115.147,10000000
33730,115.241,10000000
33740,114.737,10000000
33750,113.806,10000000
33760,111.765,10000000
33770,111.868,10000000
33780,112.039,10000000
33790,111.964,10000000
33800,112.280,10000000
33810,112.385,10000000
33820,112.537,10000000
33830,112.909,10000000
33840,113.281,10000000
33850,113.522,10000000
33860,113.676,10000000
33870,113.694,10000000
33880,114.233,10000000
33890,178.682,10000000
33900,443.004,10000000
33910,234.651,10000000
33920,157.785,10000000
33930,128.489,10000000
33940,118.350,10000000
33950,114.639,10000000
33960,113.101,10000000
33970,112.666,10000000
33980,112.942,10000000
33990,113.194,10000000
34000,113.046,10000000
34010,113.299,10000000
34020,113.500,10000000
34030,113.735,10000000
34040,114.179,10000000
34050,114.159,10000000
34060,114.721,10000000
34070,114.529,10000000
34080,115.142,10000000
34090,115.071,10000000
34100,114.790,10000000
34110,114.198,10000000
34120,112.240,10000000
34130,112.153,10000000
34140,112.207,10000000
34150,112.261,10000000
34160,112.831,10000000
34170,112.968,10000000
34180,113.113,10000000
34190,112.911,10000000
34200,113.152,10000000
34210,113.597,10000000
34220,113.758,10000000
34230,113.782,10000000
34240,113.967,10000000
34250,114.429,10000000
34260,114.845,10000000
34270,114.767,10000000
34280,114.725,10000000
34290,115.013,10000000
34300,114.786,10000000
34310,114.176,10000000
34320,111.951,10000000
34330,111.617,10000000
34340,112.090,10000000
34350,112.365,10000000
34360,112.662,10000000
34370,112.606,10000000
34380,112.786,10000000
34390,112.983,10000000
34400,113.305,10000000
34410,113.540,10000000
34420,113.509,10000000
34430,113.854,10000000
34440,114.210,10000000
34450,114.127,10000000
34460,114.700,10000000
34470,114.646,10000000
34480,114.989,10000000
34490,115.044,10000000
34500,115.030,10000000
34510,113.766,10000000
34520,111.823,10000000
34530,111.843,10000000
34540,112.237,10000000
34550,112.176,10000000
34560,112.494,10000000
34570,112.272,10000000
34580,113.017,10000000
34590,113.111,10000000
34600,113.029,10000000
34610,113.466,10000000
34620,114.001,10000000
34630,113.897,10000000
34640,113.937,10000000
34650,114.271,10000000
34660,114.560,10000000
34670,114.617,10000000
34680,115.287,10000000
34690,114.769,10000000
34700,114.725,10000000
34710,113.341,10000000
34720,112.432,10000000
34730,111.972,10000000
34740,112.351,10000000
34750,112.177,10000000
34760,112.501,10000000
34770,112.532,10000000
34780,113.146,10000000
34790,113.113,10000000
34800,113.528,10000000
34810,113.971,10000000
34820,114.200,10000000
34830,114.183,10000000
34840,114.287,10000000
34850,114.523,10000000
34860,114.947,10000000
34870,115.162,10000000
34880,115.618,10000000
34890,115.050,10000000
34900,508.257,10000000
34910,256.160,10000000
34920,165.728,10000000
34930,132.449,10000000
34940,120.392,10000000
34950,115.597,10000000
34960,114.028,10000000
34970,113.435,10000000
34980,113.491,10000000
34990,113.451,10000000
35000,113.968,10000000
35010,113.800,10000000
35020,114.026,10000000
35030,114.290,10000000
35040,115.036,10000000
35050,115.083,10000000
35060,115.294,10000000
35070,114.673,10000000
35080,114.660,10000000
35090,112.993,10000000
35100,112.153,10000000
35110,111.963,10000000
35120,112.443,10000000
35130,112.569,10000000
35140,112.599,10000000
35150,112.693,10000000
35160,112.862,10000000
35170,113.053,10000000
35180,113.775,10000000
35190,113.849,10000000
35200,113.855,10000000
35210,114.172,10000000
35220,114.516,10000000
35230,114.644,10000000
35240,115.018,10000000
35250,114.872,10000000
35260,115.378,10000000
35270,115.037,10000000
35280,114.192,10000000
35290,111.698,10000000
35300,112.092,10000000
35310,112.321,10000000
35320,112.292,10000000
35330,113.046,10000000
35340,112.855,10000000
35350,113.167,10000000
35360,113.208,10000000
35370,113.184,10000000
35380,113.810,10000000
35390,114.024,10000000
35400,114.308,10000000
35410,113.964,10000000
35420,114.557,10000000
35430,115.108,10000000
35440,115.332,10000000
35450,115.326,10000000
35460,115.010,10000000
35470,114.945,10000000
35480,114.451,10000000
35490,111.884,10000000
35500,112.794,10000000
35510,112.691,10000000
35520,112.566,10000000
35530,112.619,10000000
35540,113.194,10000000
35550,113.081,10000000
35560,113.029,10000000
35570,112.983,10000000
35580,113.353,10000000
35590,113.719,10000000
35600,113.918,10000000
35610,113.986,10000000
35620,114.512,10000000
35630,114.916,10000000
35640,114.936,10000000
35650,115.161,10000000
35660,115.374,10000000
35670,114.619,10000000
35680,114.204,10000000
35690,112.466,10000000
35700,112.376,10000000
35710,112.460,10000000
35720,112.529,10000000
35730,112.659,10000000
35740,113.131,10000000
35750,113.099,10000000
35760,112.916,10000000
35770,112.821,10000000
35780,113.283,10000000
35790,113.796,10000000
35800,114.110,10000000
35810,113.892,10000000
35820,114.549,10000000
35830,114.405,10000000
35840,115.011,10000000
35850,115.078,10000000
35860,114.922,10000000
35870,114.916,10000000
35880,114.590,10000000
35890,103.018,X0000000
35900,53.125,00000000
35910,37.207,00000000
35920,31.257,00000000
35930,28.965,00000000
35940,27.798,00000000
35950,27.325,00000000
35960,27.460,00000000
35970,27.472,00000000
35980,27.255,00000000
35990,27.523,00000000
36000,27.634,00000000
36010,27.757,00000000
36020,27.694,00000000
36030,27.833,00000000
36040,27.972,00000000
36050,27.893,00000000
36060,27.939,00000000
36070,28.010,00000000
36080,28.042,00000000
36090,27.911,00000000
36100,27.829,00000000
36110,27.680,00000000
36120,27.605,00000000
36130,27.376,00000000
36140,27.085,00000000
36150,27.289,00000000
36160,27.351,00000000
36170,27.518,00000000
36180,27.709,00000000
36190,27.727,00000000
36200,27.797,00000000
36210,27.956,00000000
36220,28.003,00000000
36230,27.811,00000000
36240,27.774,00000000
36250,27.916,00000000
36260,28.063,00000000
36270,28.078,00000000
36280,28.110,00000000
36290,27.894,00000000
36300,27.749,00000000
36310,27.575,00000000
36320,27.572,00000000
36330,27.252,00000000
36340,27.180,00000000
36350,27.377,00000000
36360,27.538,00000000
36370,27.524,00000000
36380,27.662,00000000
36390,27.685,00000000
36400,27.849,00000000
36410,28.007,00000000
36420,27.868,00000000
36430,28.034,00000000
36440,28.169,00000000
36450,28.086,00000000
36460,27.960,00000000
36470,27.951,00000000
36480,27.823,00000000
36490,27.681,00000000
36500,27.747,00000000
36510,27.335,00000000
36520,27.223,00000000
36530,27.276,00000000
36540,27.418,00000000
36550,27.480,00000000
36560,27.542,00000000
36570,27.514,00000000
36580,27.713,00000000
36590,27.978,00000000
36600,27.810,00000000
36610,27.901,00000000
36620,28.137,00000000
36630,28.120,00000000
36640,28.048,00000000
36650,27.878,00000000
36660,27.825,00000000
36670,27.971,00000000
36680,27.786,00000000
36690,27.588,00000000
36700,27.532,00000000
36710,27.139,00000000
36720,27.145,00000000
36730,27.310,00000000
36740,27.356,00000000
36750,27.678,00000000
36760,27.877,00000000
36770,27.674,00000000
36780,27.804,00000000
36790,27.988,00000000
36800,28.095,00000000
36810,28.055,00000000
36820,27.890,00000000
36830,28.124,00000000
36840,27.974,00000000
36850,27.853,00000000
36860,27.896,00000000
36870,27.729,00000000
36880,27.534,00000000
36890,27.384,00000000
36900,27.028,00000000
36910,27.086,00000000
36920,27.216,00000000
36930,27.339,00000000
36940,27.663,00000000
36950,27.581,00000000
36960,27.696,00000000
36970,27.939,00000000
36980,27.988,00000000
36990,27.893,00000000
37000,28.023,00000000
37010,27.921,00000000
37020,28.096,00000000
37030,28.093,00000000
37040,27.872,00000000
37050,27.874,00000000
37060,27.885,00000000
37070,27.729,00000000
37080,27.285,00000000
37090,27.024,00000000
37100,27.262,00000000
37110,27.340,00000000
37120,27.343,00000000
37130,27.576,00000000
37140,27.720,00000000
37150,27.846,00000000
37160,27.647,00000000
37170,27.945,00000000
37180,28.054,00000000
37190,27.930,00000000
37200,28.002,00000000
37210,28.146,00000000
37220,28.048,00000000
37230,28.150,00000000
37240,27.838,00000000
37250,27.758,00000000
37260,27.571,00000000
37270,27.362,00000000
37280,27.192,00000000
37290,27.089,00000000
37300,27.145,00000000
37310,27.388,00000000
37320,27.534,00000000
37330,27.615,00000000
37340,27.692,00000000
37350,27.713,00000000
37360,27.835,00000000
37370,27.876,00000000
37380,27.940,00000000
37390,28.154,00000000
37400,27.966,00000000
37410,27.955,00000000
37420,28.052,00000000
37430,28.008,00000000
37440,27.882,00000000
37450,27.589,00000000
37460,27.266,00000000
37470,27.077,00000000
37480,27.318,00000000
37490,27.505,00000000
37500,27.419,00000000
37510,27.486,00000000
37520,27.543,00000000
37530,27.753,00000000
37540,27.822,00000000
37550,27.789,00000000
37560,27.882,00000000
37570,28.106,00000000
37580,28.131,00000000
37590,27.968,00000000
37600,27.961,00000000
37610,27.893,00000000
37620,27.933,00000000
37630,27.906,00000000
37640,27.628,00000000
37650,27.330,00000000
37660,27.338,00000000
37670,27.261,00000000
37680,27.219,00000000
37690,27.448,00000000
37700,27.424,00000000
37710,27.588,00000000
37720,27.900,00000000
37730,27.813,00000000
37740,27.867,00000000
37750,27.859,00000000
37760,27.975,00000000
37770,28.159,00000000
37780,28.065,00000000
37790,28.022,00000000
37800,27.886,00000000
37810,27.937,00000000
37820,27.960,00000000
37830,27.711,00000000
37840,27.399,00000000
37850,27.219,00000000
37860,27.152,00000000
37870,27.315,00000000
37880,27.459,00000000
37890,27.498,00000000
37900,27.490,00000000
37910,27.831,00000000
37920,27.892,00000000
37930,27.824,00000000
37940,28.111,00000000
37950,28.046,00000000
37960,27.965,00000000
37970,28.033,00000000
37980,28.110,00000000
37990,27.968,00000000
38000,27.822,00000000
38010,27.836,00000000
38020,27.714,00000000
38030,27.561,00000000
38040,27.251,00000000
38050,27.201,00000000
38060,27.348,00000000
38070,27.280,00000000
38080,27.480,00000000
38090,27.765,00000000
38100,27.617,00000000
38110,27.818,00000000
38120,27.978,00000000
38130,27.865,00000000
38140,27.891,00000000
38150,27.913,00000000
38160,28.018,00000000
38170,27.916,00000000
38180,27.903,00000000
38190,28.068,00000000
38200,27.874,00000000
38210,27.604,00000000
38220,27.430,00000000
38230,27.127,00000000
38240,27.109,00000000
38250,27.390,00000000
38260,27.536,00000000
38270,27.437,00000000
38280,27.578,00000000
38290,27.576,00000000
38300,27.902,00000000
38310,27.912,00000000
38320,28.073,00000000
38330,27.878,00000000
38340,28.046,00000000
38350,28.139,00000000
38360,28.091,00000000
38370,27.872,00000000
38380,27.964,00000000
38390,27.920,00000000
38400,27.721,00000000
38410,27.271,00000000
38420,27.055,00000000
38430,27.309,00000000
38440,27.396,00000000
38450,27.466,00000000
38460,27.483,00000000
38470,27.527,00000000
38480,27.880,00000000
38490,27.948,00000000
38500,27.958,00000000
38510,27.767,00000000
38520,27.887,00000000
38530,28.045,00000000
38540,28.049,00000000
38550,27.992,00000000
38560,27.993,00000000
38570,27.966,00000000
38580,27.707,00000000
38590,27.772,00000000
38600,27.560,00000000
38610,27.252,00000000
38620,26.970,00000000
38630,27.194,00000000
38640,27.420,00000000
38650,27.594,00000000
38660,27.541,00000000
38670,27.597,00000000
38680,27.760,00000000
38690,27.774,00000000
38700,27.983,00000000
38710,28.070,00000000
38720,27.895,00000000
38730,27.958,00000000
38740,27.996,00000000
38750,28.125,00000000
38760,28.023,00000000
38770,27.817,00000000
38780,27.720,00000000
38790,27.509,00000000
38800,27.484,00000000
38810,27.178,00000000
38820,27.255,00000000
38830,27.274,00000000
38840,27.568,00000000
38850,27.706,00000000
38860,27.695,00000000
38870,27.658,00000000
38880,27.737,00000000
38890,27.806,00000000
38900,27.903,00000000
38910,27.959,00000000
38920,28.017,00000000
38930,27.903,00000000
38940,27.986,00000000
38950,28.080,00000000
38960,28.025,00000000
38970,27.802,00000000
38980,27.712,00000000
38990,27.405,00000000
39000,27.160,00000000
39010,27.153,00000000
39020,27.317,00000000
39030,27.402,00000000
39040,27.458,00000000
39050,27.618,00000000
39060,27.725,00000000
39070,27.689,00000000
39080,27.880,00000000
39090,27.946,00000000
39100,28.011,00000000
39110,27.970,00000000
39120,27.998,00000000
39130,28.030,00000000
39140,28.025,00000000
39150,27.902,00000000
39160,27.768,00000000
39170,27.732,00000000
39180,27.456,00000000
39190,27.125,00000000
39200,27.184,00000000
39210,27.328,00000000
39220,27.496,00000000
39230,27.432,00000000
39240,27.651,00000000
39250,27.583,00000000
39260,27.819,00000000
39270,27.796,00000000
39280,27.783,00000000
39290,28.002,00000000
39300,27.960,00000000
39310,28.095,00000000
39320,28.056,00000000
39330,28.013,00000000
39340,27.889,00000000
39350,27.839,00000000
39360,27.914,00000000
39370,27.655,00000000
39380,27.180,00000000
39390,27.285,00000000
39400,27.425,00000000
39410,27.352,00000000
39420,27.462,00000000
39430,27.736,00000000
39440,27.690,00000000
39450,27.705,00000000
39460,27.897,00000000
39470,27.931,00000000
39480,28.022,00000000
39490,28.065,00000000
39500,28.045,00000000
39510,28.124,00000000
39520,27.946,00000000
39530,28.065,00000000
39540,28.039,00000000
39550,27.778,00000000
39560,27.569,00000000
39570,27.336,00000000
39580,27.212,00000000
39590,27.423,00000000
39600,27.409,00000000
39610,27.336,00000000
39620,27.514,00000000
39630,27.852,00000000
39640,27.597,00000000
39650,27.738,00000000
39660,27.812,00000000
39670,27.899,00000000
39680,28.166,00000000
39690,28.247,00000000
39700,28.039,00000000
39710,28.076,00000000
39720,27.833,00000000
39730,27.876,00000000
39740,27.869,00000000
39750,27.657,00000000
39760,27.361,00000000
39770,27.070,00000000
39780,27.385,00000000
39790,27.488,00000000
39800,27.366,00000000
39810,27.577,00000000
39820,27.537,00000000
39830,27.825,00000000
39840,28.007,00000000
39850,27.947,00000000
39860,27.865,00000000
39870,28.065,00000000
39880,28.145,00000000
39890,28.094,00000000
39900,27.892,00000000
39910,28.047,00000000
39920,28.008,00000000
39930,27.839,00000000
39940,27.461,00000000
39950,27.278,00000000
39960,27.224,00000000
39970,27.323,00000000
39980,27.340,00000000
39990,27.493,00000000
40000,27.472,00000000
40010,27.581,00000000
40020,27.954,00000000
40030,28.047,00000000
40040,27.974,00000000
40050,27.886,00000000
40060,28.110,00000000
40070,28.179,00000000
40080,28.172,00000000
40090,27.939,00000000
40100,27.877,00000000
40110,27.826,00000000
40120,27.873,00000000
40130,27.646,00000000
40140,27.510,00000000
40150,27.091,00000000
40160,27.186,00000000
40170,27.477,00000000
40180,27.432,00000000
40190,27.518,00000000
40200,27.580,00000000
40210,27.627,00000000
40220,27.873,00000000
40230,27.998,00000000
40240,27.848,00000000
40250,27.986,00000000
40260,27.931,00000000
40270,28.108,00000000
40280,28.165,00000000
40290,28.028,00000000
40300,28.017,00000000
40310,27.973,00000000
40320,27.832,00000000
40330,27.585,00000000
40340,27.251,00000000
40350,27.261,00000000
40360,27.140,00000000
40370,27.251,00000000
40380,27.377,00000000
40390,27.653,00000000
40400,27.826,00000000
40410,27.793,00000000
40420,27.912,00000000
40430,27.736,00000000
40440,28.039,00000000
40450,28.124,00000000
40460,27.918,00000000
40470,28.071,00000000
40480,28.154,00000000
40490,27.912,00000000
40500,27.767,00000000
40510,27.753,00000000
40520,27.449,00000000
40530,27.365,00000000
40540,27.256,00000000
40550,27.211,00000000
40560,27.291,00000000
40570,27.588,00000000
40580,27.765,00000000
40590,27.741,00000000
40600,27.683,00000000
40610,27.758,00000000
40620,28.013,00000000
40630,28.020,00000000
40640,27.829,00000000
40650,27.960,00000000
40660,28.070,00000000
40670,28.026,00000000
40680,28.021,00000000
40690,27.900,00000000
40700,27.710,00000000
40710,27.532,00000000
40720,27.519,00000000
40730,27.227,00000000
40740,27.332,00000000
40750,27.190,00000000
40760,27.412,00000000
40770,27.632,00000000
40780,27.727,00000000
40790,27.574,00000000
40800,27.834,00000000
40810,27.946,00000000
40820,27.915,00000000
40830,27.918,00000000
40840,27.966,00000000
40850,28.082,00000000
40860,28.111,00000000
40870,27.818,00000000
40880,27.877,00000000
40890,27.738,00000000
40900,27.732,00000000
40910,27.632,00000000
40920,27.241,00000000
40930,27.113,00000000
40940,27.481,00000000
40950,27.456,00000000
40960,27.408,00000000
40970,27.702,00000000
40980,27.637,00000000
40990,27.727,00000000
41000,27.928,00000000
41010,27.970,00000000
41020,28.017,00000000
41030,27.952,00000000
41040,27.953,00000000
41050,27.922,00000000
41060,28.122,00000000
41070,28.090,00000000
41080,27.936,00000000
41090,27.451,00000000
41100,27.380,00000000
41110,27.255,00000000
41120,27.109,00000000
41130,27.257,00000000
41140,27.261,00000000
41150,27.556,00000000
41160,27.743,00000000
41170,27.834,00000000
41180,27.665,00000000
41190,27.966,00000000
41200,28.066,00000000
41210,27.849,00000000
41220,27.887,00000000
41230,28.095,00000000
41240,28.133,00000000
41250,27.967,00000000
41260,27.862,00000000
41270,27.787,00000000
41280,27.702,00000000
41290,27.571,00000000
41300,27.194,00000000
41310,27.258,00000000
41320,27.168,00000000
41330,27.405,00000000
41340,27.665,00000000
41350,27.726,00000000
41360,27.617,00000000
41370,27.698,00000000
41380,27.779,00000000
41390,28.060,00000000
41400,28.175,00000000
41410,28.048,00000000
41420,27.877,00000000
41430,27.958,00000000
41440,28.174,00000000
41450,28.070,00000000
41460,27.940,00000000
41470,27.689,00000000
41480,27.551,00000000
41490,27.252,00000000
41500,27.235,00000000
41510,27.284,00000000
41520,27.345,00000000
41530,27.419,00000000
41540,27.480,00000000
41550,27.752,00000000
41560,27.714,00000000
41570,27.834,00000000
41580,27.922,00000000
41590,27.834,00000000
41600,27.920,00000000
41610,28.154,00000000
41620,28.217,00000000
41630,27.930,00000000
41640,27.840,00000000
41650,27.850,00000000
41660,27.920,00000000
41670,27.717,00000000
41680,27.350,00000000
41690,27.163,00000000
41700,27.181,00000000
41710,27.463,00000000
41720,27.468,00000000
41730,27.497,00000000
41740,27.633,00000000
41750,27.672,00000000
41760,27.873,00000000
41770,28.073,00000000
41780,28.104,00000000
41790,27.969,00000000
41800,27.954,00000000
41810,28.094,00000000
41820,27.870,00000000
41830,27.947,00000000
41840,27.853,00000000
41850,27.765,00000000
41860,27.678,00000000
41870,27.480,00000000
41880,27.220,00000000
41890,27.169,00000000
41900,27.250,00000000
41910,27.337,00000000
41920,27.422,00000000
41930,27.666,00000000
41940,28.004,00000000
41950,27.842,00000000
41960,27.981,00000000
41970,28.059,00000000
41980,28.114,00000000
41990,27.902,00000000
42000,27.908,00000000
42010,27.949,00000000
42020,27.931,00000000
42030,28.014,00000000
42040,27.892,00000000
42050,27.635,00000000
42060,27.385,00000000
42070,27.177,00000000
42080,27.188,00000000
42090,27.326,00000000
42100,27.560,00000000
42110,27.478,00000000
42120,27.553,00000000
42130,27.740,00000000
42140,27.721,00000000
42150,27.992,00000000
42160,28.148,00000000
42170,27.989,00000000
42180,28.148,00000000
42190,28.218,00000000
42200,28.206,00000000
42210,28.144,00000000
42220,27.824,00000000
42230,27.801,00000000
42240,27.643,00000000
42250,27.505,00000000
42260,27.183,00000000
42270,27.204,00000000
42280,27.386,00000000
42290,27.560,00000000
42300,27.637,00000000
42310,27.661,00000000
42320,27.678,00000000
42330,27.824,00000000
42340,27.863,00000000
42350,27.936,00000000
42360,28.071,00000000
42370,28.052,00000000
42380,28.067,00000000
42390,27.944,00000000
42400,28.121,00000000
42410,28.119,00000000
42420,27.809,00000000
42430,27.690,00000000
42440,27.390,00000000
42450,27.211,00000000
42460,27.259,00000000
42470,27.453,00000000
42480,27.451,00000000
42490,27.529,00000000
42500,27.725,00000000
42510,27.657,00000000
42520,27.735,00000000
42530,27.888,00000000
42540,28.018,00000000
42550,28.037,00000000
42560,27.988,00000000
42570,27.932,00000000
42580,27.844,00000000
42590,28.078,00000000
42600,28.114,00000000
42610,27.687,00000000
42620,27.741,00000000
42630,27.406,00000000
42640,27.219,00000000
42650,27.319,00000000
42660,27.395,00000000
42670,27.378,00000000
42680,27.451,00000000
42690,27.648,00000000
42700,27.653,00000000
42710,27.873,00000000
42720,28.016,00000000
42730,27.943,00000000
42740,27.884,00000000
42750,28.108,00000000
42760,28.130,00000000
42770,27.964,00000000
42780,27.876,00000000
42790,27.848,00000000
42800,28.005,00000000
42810,27.841,00000000
42820,27.366,00000000
42830,27.238,00000000
42840,27.251,00000000
42850,27.552,00000000
42860,27.442,00000000
42870,27.579,00000000
42880,27.731,00000000
42890,27.881,00000000
42900,27.789,00000000
42910,27.752,00000000
42920,27.810,00000000
42930,27.973,00000000
42940,27.925,00000000
42950,28.049,00000000
42960,28.149,00000000
42970,28.155,00000000
42980,28.008,00000000
42990,27.929,00000000
43000,27.741,00000000
43010,27.560,00000000
43020,27.491,00000000
43030,27.155,00000000
43040,27.302,00000000
43050,27.512,00000000
43060,27.423,00000000
43070,27.630,00000000
43080,27.700,00000000
43090,27.706,00000000
43100,27.822,00000000
43110,27.806,00000000
43120,27.973,00000000
43130,28.239,00000000
43140,28.026,00000000
43150,28.132,00000000
43160,28.160,00000000
43170,28.091,00000000
43180,27.761,00000000
43190,27.722,00000000
43200,27.623,00000000
43210,27.481,00000000
43220,27.213,00000000
43230,27.121,00000000
43240,27.311,00000000
43250,27.308,00000000
43260,27.663,00000000
43270,27.832,00000000
43280,27.658,00000000
43290,27.823,00000000
43300,27.858,00000000
43310,28.082,00000000
43320,28.174,00000000
43330,28.012,00000000
43340,28.005,00000000
43350,28.039,00000000
43360,28.148,00000000
43370,28.038,00000000
43380,27.690,00000000
43390,27.772,00000000
43400,27.609,00000000
43410,27.284,00000000
43420,27.198,00000000
43430,27.251,00000000
43440,27.433,00000000
43450,27.394,00000000
43460,27.505,00000000
43470,27.648,00000000
43480,27.854,00000000
43490,28.101,00000000
43500,28.047,00000000
43510,27.972,00000000
43520,27.915,00000000
43530,27.965,00000000
43540,27.853,00000000
43550,28.009,00000000
43560,28.066,00000000
43570,27.835,00000000
43580,27.501,00000000
43590,27.452,00000000
43600,27.310,00000000
43610,27.345,00000000
43620,27.317,00000000
43630,27.532,00000000
43640,27.684,00000000
43650,27.750,00000000
43660,27.837,00000000
43670,27.744,00000000
43680,27.976,00000000
43690,28.000,00000000
43700,27.910,00000000
43710,28.189,00000000
43720,28.186,00000000
43730,28.108,00000000
43740,28.014,00000000
43750,27.816,00000000
43760,27.838,00000000
43770,27.803,00000000
43780,27.331,00000000
43790,27.119,00000000
43800,27.229,00000000
43810,27.468,00000000
43820,27.590,00000000
43830,27.472,00000000
43840,27.644,00000000
43850,27.903,00000000
43860,27.942,00000000
43870,27.844,00000000
43880,27.912,00000000
43890,28.044,00000000
43900,28.077,00000000
43910,28.050,00000000
43920,28.147,00000000
43930,27.993,00000000
43940,28.000,00000000
43950,28.081,00000000
43960,27.869,00000000
43970,27.542,00000000
43980,27.077,00000000
43990,27.266,00000000
44000,27.387,00000000
44010,27.383,00000000
44020,27.410,00000000
44030,27.543,00000000
44040,27.790,00000000
44050,27.965,00000000
44060,27.956,00000000
44070,28.042,00000000
44080,28.004,00000000
44090,28.051,00000000
44100,28.018,00000000
44110,28.063,00000000
44120,28.085,00000000
44130,27.865,00000000
44140,27.912,00000000
44150,27.675,00000000
44160,27.322,00000000
44170,27.040,00000000
44180,27.159,00000000
44190,27.461,00000000
44200,27.511,00000000
44210,27.581,00000000
44220,27.551,00000000
44230,27.621,00000000
44240,27.748,00000000
44250,28.062,00000000
44260,28.036,00000000
44270,27.893,00000000
44280,28.192,00000000
44290,28.127,00000000
44300,27.984,00000000
44310,27.973,00000000
44320,27.751,00000000
44330,27.872,00000000
44340,27.883,00000000
44350,27.612,00000000
44360,27.127,00000000
44370,27.303,00000000
44380,27.456,00000000
44390,27.419,00000000
44400,27.327,00000000
44410,27.698,00000000
44420,27.726,00000000
44430,27.874,00000000
44440,27.922,00000000
44450,27.858,00000000
44460,28.053,00000000
44470,28.081,00000000
44480,28.129,00000000
44490,27.949,00000000
44500,27.913,00000000
44510,28.017,00000000
44520,27.855,00000000
44530,27.548,00000000
44540,27.423,00000000
44550,27.082,00000000
44560,27.311,00000000
44570,27.513,00000000
44580,27.431,00000000
44590,27.487,00000000
44600,27.830,00000000
44610,27.840,00000000
44620,27.900,00000000
44630,27.757,00000000
44640,27.998,00000000
44650,28.145,00000000
44660,27.920,00000000
44670,28.053,00000000
44680,28.119,00000000
44690,28.106,00000000
44700,27.854,00000000
44710,27.833,00000000
44720,27.803,00000000
44730,27.539,00000000
44740,27.013,00000000
44750,27.260,00000000
44760,27.400,00000000
44770,27.540,00000000
44780,27.487,00000000
44790,27.595,00000000
44800,27.612,00000000
44810,27.947,00000000
44820,27.928,00000000
44830,27.821,00000000
44840,28.119,00000000
44850,28.169,00000000
44860,28.075,00000000
44870,27.893,00000000
44880,28.039,00000000
44890,28.054,00000000
44900,27.925,00000000
44910,27.526,00000000
44920,27.379,00000000
44930,27.360,00000000
44940,27.277,00000000
44950,27.214,00000000
44960,27.306,00000000
44970,27.519,00000000
44980,27.650,00000000
44990,27.729,00000000
45000,27.713,00000000
45010,27.819,00000000
45020,27.869,00000000
45030,27.987,00000000
45040,28.171,00000000
45050,28.009,00000000
45060,27.937,00000000
45070,28.168,00000000
45080,28.031,00000000
45090,27.855,00000000
45100,27.628,00000000
45110,27.840,00000000
45120,27.570,00000000
45130,27.133,00000000
45140,27.098,00000000
45150,27.312,00000000
45160,27.379,00000000
45170,27.580,00000000
45180,27.725,00000000
45190,27.838,00000000
45200,28.016,00000000
45210,27.985,00000000
45220,27.921,00000000
45230,28.029,00000000
45240,28.131,00000000
45250,28.086,00000000
45260,27.900,00000000
45270,27.883,00000000
45280,27.941,00000000
45290,27.819,00000000
45300,27.767,00000000
45310,27.484,00000000
45320,27.179,00000000
45330,27.182,00000000
45340,27.200,00000000
45350,27.379,00000000
45360,27.614,00000000
45370,27.721,00000000
45380,27.676,00000000
45390,27.939,00000000
45400,27.964,00000000
45410,27.902,00000000
45420,27.898,00000000
45430,28.046,00000000
45440,28.032,00000000
45450,28.162,00000000
45460,28.156,00000000
45470,27.836,00000000
45480,27.763,00000000
45490,27.832,00000000
45500,27.570,00000000
45510,27.318,00000000
45520,27.084,00000000
45530,27.179,00000000
45540,27.321,00000000
45550,27.527,00000000
45560,27.582,00000000
45570,27.624,00000000
45580,27.923,00000000
45590,28.038,00000000
45600,27.996,00000000
45610,27.826,00000000
45620,27.982,00000000
45630,28.186,00000000
45640,28.151,00000000
45650,27.854,00000000
45660,27.802,00000000
45670,27.985,00000000
45680,27.656,00000000
45690,27.568,00000000
45700,27.163,00000000
45710,27.248,00000000
45720,27.408,00000000
45730,27.348,00000000
45740,27.316,00000000
45750,27.508,00000000
45760,27.597,00000000
45770,27.895,00000000
45780,27.949,00000000
45790,27.884,00000000
45800,27.867,00000000
45810,27.929,00000000
45820,28.170,00000000
45830,28.143,00000000
45840,27.916,00000000
45850,27.935,00000000
45860,28.045,00000000
45870,27.863,00000000
45880,27.709,00000000
45890,27.191,00000000
45900,27.295,00000000
45910,27.469,00000000
45920,27.423,00000000
45930,27.397,00000000
45940,27.674,00000000
45950,27.584,00000000
45960,27.664,00000000
45970,27.738,00000000
45980,27.796,00000000
45990,27.955,00000000
46000,28.079,00000000
46010,28.039,00000000
46020,28.046,00000000
46030,27.957,00000000
46040,27.911,00000000
46050,27.928,00000000
46060,28.002,00000000
46070,27.874,00000000
46080,27.493,00000000
46090,27.233,00000000
46100,27.270,00000000
46110,27.448,00000000
46120,27.215,00000000
46130,27.366,00000000
46140,27.557,00000000
46150,27.821,00000000
46160,27.984,00000000
46170,27.853,00000000
46180,27.839,00000000
46190,28.166,00000000
46200,28.162,00000000
46210,28.138,00000000
46220,27.965,00000000
46230,28.035,00000000
46240,27.854,00000000
46250,27.810,00000000
46260,27.692,00000000
46270,27.433,00000000
46280,27.364,00000000
46290,27.347,00000000
46300,27.381,00000000
46310,27.548,00000000
46320,27.599,00000000
46330,27.552,00000000
46340,27.598,00000000
46350,27.824,00000000
46360,27.757,00000000
46370,27.875,00000000
46380,27.922,00000000
46390,27.999,00000000
46400,28.133,00000000
46410,28.212,00000000
46420,28.058,00000000
46430,27.845,00000000
46440,27.756,00000000
46450,27.662,00000000
46460,27.691,00000000
46470,27.325,00000000
46480,27.168,00000000
46490,27.450,00000000
46500,27.445,00000000
46510,27.414,00000000
46520,27.473,00000000
46530,27.683,00000000
46540,27.797,00000000
46550,27.817,00000000
46560,27.999,00000000
46570,28.019,00000000
46580,27.965,00000000
46590,27.950,00000000
46600,27.944,00000000
46610,28.004,00000000
46620,28.129,00000000
46630,27.983,00000000
46640,27.710,00000000
46650,27.661,00000000
46660,27.570,00000000
46670,27.160,00000000
46680,27.094,00000000
46690,27.238,00000000
46700,27.414,00000000
46710,27.721,00000000
46720,27.767,00000000
46730,27.663,00000000
46740,27.973,00000000
46750,28.110,00000000
46760,28.071,00000000
46770,27.974,00000000
46780,27.982,00000000
46790,28.401,00000000
46800,28.062,00000000
46810,27.833,00000000
46820,27.756,00000000
46830,27.863,00000000
46840,27.687,00000000
46850,27.464,00000000
46860,27.115,00000000
46870,27.320,00000000
46880,27.330,00000000
46890,27.613,00000000
46900,27.778,00000000
46910,27.531,00000000
46920,27.918,00000000
46930,28.031,00000000
46940,28.082,00000000
46950,27.895,00000000
46960,28.038,00000000
46970,27.996,00000000
46980,28.142,00000000
46990,28.261,00000000
47000,27.930,00000000
47010,27.885,00000000
47020,27.779,00000000
47030,27.758,00000000
47040,27.514,00000000
47050,27.209,00000000
47060,27.099,00000000
47070,27.458,00000000
47080,27.740,00000000
47090,27.776,00000000
47100,27.708,00000000
47110,27.862,00000000
47120,27.956,00000000
47130,27.914,00000000
47140,27.945,00000000
47150,27.899,00000000
47160,27.994,00000000
47170,28.086,00000000
47180,28.202,00000000
47190,28.021,00000000
47200,28.141,00000000
47210,27.965,00000000
47220,27.754,00000000
47230,27.537,00000000
47240,27.357,00000000
47250,27.324,00000000
47260,27.390,00000000
47270,27.433,00000000
47280,27.431,00000000
47290,27.604,00000000
47300,27.998,00000000
47310,27.858,00000000
47320,27.875,00000000
47330,27.915,00000000
47340,28.107,00000000
47350,28.247,00000000
47360,28.228,00000000
47370,27.947,00000000
47380,28.029,00000000
47390,28.200,00000000
47400,27.990,00000000
47410,27.675,00000000
47420,27.512,00000000
47430,27.266,00000000
47440,27.353,00000000
47450,27.544,00000000
47460,27.361,00000000
47470,27.744,00000000
47480,27.668,00000000
47490,27.733,00000000
47500,27.756,00000000
47510,28.067,00000000
47520,27.885,00000000
47530,27.994,00000000
47540,28.272,00000000
47550,28.123,00000000
47560,28.114,00000000
47570,27.983,00000000
47580,28.089,00000000
47590,28.122,00000000
47600,28.036,00000000
47610,27.732,00000000
47620,27.343,00000000
47630,27.124,00000000
47640,27.370,00000000
47650,27.350,00000000
47660,27.635,00000000
47670,27.864,00000000
47680,27.601,00000000
47690,27.589,00000000
47700,27.731,00000000
47710,27.892,00000000
47720,28.023,00000000
47730,28.075,00000000
47740,27.970,00000000
47750,27.969,00000000
47760,28.059,00000000
47770,28.251,00000000
47780,28.150,00000000
47790,27.786,00000000
47800,27.633,00000000
47810,27.318,00000000
47820,27.463,00000000
47830,27.451,00000000
47840,27.224,00000000
47850,27.444,00000000
47860,27.578,00000000
47870,27.752,00000000
47880,27.977,00000000
47890,27.974,00000000
47900,27.788,00000000
47910,28.004,00000000
47920,28.215,00000000
47930,28.153,00000000
47940,27.998,00000000
47950,27.974,00000000
47960,28.193,00000000
47970,28.298,00000000
47980,28.054,00000000
47990,27.599,00000000
48000,27.711,00000000
48010,27.390,00000000
48020,27.228,00000000
48030,27.363,00000000
48040,27.566,00000000
48050,27.670,00000000
48060,27.782,00000000
48070,27.734,00000000
48080,27.751,00000000
48090,28.073,00000000
48100,28.056,00000000
48110,27.913,00000000
48120,28.049,00000000
48130,28.128,00000000
48140,28.301,00000000
48150,27.923,00000000
48160,28.090,00000000
48170,27.909,00000000
48180,27.720,00000000
48190,27.380,00000000
48200,27.158,00000000
48210,27.459,00000000
48220,27.423,00000000
48230,27.559,00000000
48240,27.481,00000000
48250,27.598,00000000
48260,27.858,00000000
48270,28.019,00000000
48280,28.011,00000000
48290,27.951,00000000
48300,27.969,00000000
48310,28.048,00000000
48320,28.260,00000000
48330,28.032,00000000
48340,28.063,00000000
48350,28.095,00000000
48360,28.074,00000000
48370,27.750,00000000
48380,27.652,00000000
48390,27.228,00000000
48400,27.276,00000000
48410,27.369,00000000
48420,27.327,00000000
48430,27.485,00000000
48440,27.826,00000000
48450,27.840,00000000
48460,27.926,00000000
48470,27.860,00000000
48480,28.016,00000000
48490,28.043,00000000
48500,28.100,00000000
48510,28.334,00000000
48520,28.065,00000000
48530,27.989,00000000
48540,27.957,00000000
48550,28.065,00000000
48560,27.743,00000000
48570,27.589,00000000
48580,27.463,00000000
48590,27.107,00000000
48600,27.257,00000000
48610,27.589,00000000
48620,27.512,00000000
48630,27.512,00000000
48640,27.688,00000000
48650,27.977,00000000
48660,28.045,00000000
48670,28.010,00000000
48680,27.960,00000000
48690,27.942,00000000
48700,28.261,00000000
48710,28.263,00000000
48720,28.167,00000000
48730,27.968,00000000
48740,27.812,00000000
48750,27.696,00000000
48760,27.894,00000000
48770,27.542,00000000
48780,27.084,00000000
48790,27.061,00000000
48800,27.284,00000000
48810,27.436,00000000
48820,27.743,00000000
48830,27.644,00000000
48840,27.661,00000000
48850,27.815,00000000
48860,28.155,00000000
48870,28.106,00000000
48880,28.012,00000000
48890,27.989,00000000
48900,28.070,00000000
48910,27.992,00000000
48920,28.132,00000000
48930,28.015,00000000
48940,27.744,00000000
48950,27.556,00000000
48960,27.579,00000000
48970,27.165,00000000
48980,27.397,00000000
48990,27.380,00000000
49000,27.614,00000000
49010,27.560,00000000
49020,27.694,00000000
49030,27.713,00000000
49040,27.849,00000000
49050,28.013,00000000
49060,27.832,00000000
49070,28.057,00000000
49080,28.031,00000000
49090,28.191,00000000
49100,28.009,00000000
49110,28.151,00000000
49120,28.076,00000000
49130,27.761,00000000
49140,27.602,00000000
49150,27.384,00000000
49160,27.306,00000000
49170,27.259,00000000
49180,27.220,00000000
49190,27.558,00000000
49200,27.496,00000000
49210,27.747,00000000
49220,27.786,00000000
49230,27.803,00000000
49240,27.928,00000000
49250,27.988,00000000
49260,28.045,00000000
49270,28.088,00000000
49280,28.198,00000000
49290,28.122,00000000
49300,28.100,00000000
49310,27.925,00000000
49320,27.806,00000000
49330,27.863,00000000
49340,27.475,00000000
49350,27.308,00000000
49360,27.213,00000000
49370,27.243,00000000
49380,27.462,00000000
49390,27.505,00000000
49400,27.645,00000000
49410,27.759,00000000
49420,27.988,00000000
49430,28.053,00000000
49440,28.088,00000000
49450,27.996,00000000
49460,27.968,00000000
49470,28.135,00000000
49480,28.134,00000000
49490,27.952,00000000
49500,27.873,00000000
49510,27.970,00000000
49520,27.767,00000000
49530,27.633,00000000
49540,27.276,00000000
49550,27.333,00000000
49560,27.430,00000000
49570,27.428,00000000
49580,27.548,00000000
49590,27.782,00000000
49600,27.789,00000000
49610,27.812,00000000
49620,27.731,00000000
49630,27.878,00000000
49640,28.059,00000000
49650,28.193,00000000
49660,28.064,00000000
49670,28.217,00000000
49680,28.126,00000000
49690,27.879,00000000
49700,27.879,00000000
49710,27.927,00000000
49720,27.623,00000000
49730,27.313,00000000
49740,27.272,00000000
49750,27.375,00000000
49760,27.461,00000000
49770,27.463,00000000
49780,27.628,00000000
49790,27.811,00000000
49800,27.763,00000000
49810,27.829,00000000
49820,27.950,00000000
49830,27.983,00000000
49840,27.974,00000000
49850,28.023,00000000
49860,28.222,00000000
49870,28.223,00000000
49880,27.995,00000000
49890,27.783,00000000
49900,27.653,00000000
49910,27.588,00000000
49920,27.333,00000000
49930,27.443,00000000
49940,27.524,00000000
49950,27.435,00000000
49960,27.694,00000000
49970,27.828,00000000
49980,27.927,00000000
49990,27.618,00000000
50000,27.768,00000000
50010,27.891,00000000
50020,28.226,00000000
50030,28.217,00000000
50040,27.996,00000000
50050,28.206,00000000
50060,28.124,00000000
50070,27.874,00000000
50080,27.868,00000000
50090,27.806,00000000
50100,27.558,00000000
50110,27.362,00000000
50120,27.268,00000000
50130,27.374,00000000
50140,27.279,00000000
50150,27.471,00000000
50160,27.619,00000000
50170,27.724,00000000
50180,27.848,00000000
50190,27.890,00000000
50200,27.844,00000000
50210,28.131,00000000
50220,28.173,00000000
50230,28.076,00000000
50240,28.079,00000000
50250,28.202,00000000
50260,27.990,00000000
50270,27.750,00000000
50280,27.670,00000000
50290,27.602,00000000
50300,27.195,00000000
50310,27.319,00000000
50320,27.344,00000000
50330,27.393,00000000
50340,27.406,00000000
50350,27.705,00000000
50360,27.663,00000000
50370,27.818,00000000
50380,27.962,00000000
50390,27.949,00000000
50400,27.983,00000000
50410,28.234,00000000
50420,28.168,00000000
50430,27.920,00000000
50440,27.980,00000000
50450,27.977,00000000
50460,27.836,00000000
50470,27.906,00000000
50480,27.559,00000000
50490,27.455,00000000
50500,27.174,00000000
50510,27.164,00000000
50520,27.709,00000000
50530,27.661,00000000
50540,27.708,00000000
50550,27.806,00000000
50560,27.930,00000000
50570,27.769,00000000
50580,27.835,00000000
50590,28.082,00000000
50600,28.263,00000000
50610,27.964,00000000
50620,28.111,00000000
50630,28.255,00000000
50640,27.934,00000000
50650,27.743,00000000
50660,27.747,00000000
50670,27.662,00000000
50680,27.413,00000000
50690,27.186,00000000
50700,27.248,00000000
50710,27.344,00000000
50720,27.471,00000000
50730,27.491,00000000
50740,27.767,00000000
50750,27.841,00000000
50760,27.768,00000000
50770,27.997,00000000
50780,28.122,00000000
50790,27.972,00000000
50800,28.134,00000000
50810,28.139,00000000
50820,27.906,00000000
50830,28.025,00000000
50840,27.855,00000000
50850,27.883,00000000
50860,27.764,00000000
50870,27.404,00000000
50880,27.076,00000000
50890,27.324,00000000
50900,27.382,00000000
50910,27.556,00000000
50920,27.500,00000000
50930,27.671,00000000
50940,27.912,00000000
50950,27.831,00000000
50960,28.038,00000000
50970,27.821,00000000
50980,28.126,00000000
50990,28.095,00000000
51000,28.159,00000000
51010,27.908,00000000
51020,27.967,00000000
51030,27.932,00000000
51040,27.947,00000000
51050,27.731,00000000
51060,27.612,00000000
51070,27.117,00000000
51080,27.224,00000000
51090,27.282,00000000
51100,27.394,00000000
51110,27.503,00000000
51120,27.731,00000000
51130,27.912,00000000
51140,27.780,00000000
51150,27.915,00000000
51160,27.984,00000000
51170,28.100,00000000
51180,28.001,00000000
51190,28.111,00000000
51200,28.112,00000000
51210,27.881,00000000
51220,27.889,00000000
51230,27.887,00000000
51240,27.867,00000000
51250,27.543,00000000
51260,27.226,00000000
51270,27.252,00000000
51280,27.372,00000000
51290,27.448,00000000
51300,27.392,00000000
51310,27.541,00000000
51320,27.783,00000000
51330,27.919,00000000
51340,27.982,00000000
51350,27.921,00000000
51360,28.135,00000000
51370,27.963,00000000
51380,28.141,00000000
51390,28.088,00000000
51400,27.942,00000000
51410,27.841,00000000
51420,27.885,00000000
51430,27.856,00000000
51440,27.461,00000000
51450,27.266,00000000
51460,27.303,00000000
51470,27.351,00000000
51480,27.390,00000000
51490,27.578,00000000
51500,27.799,00000000
51510,27.840,00000000
51520,27.786,00000000
51530,27.863,00000000
51540,28.026,00000000
51550,27.912,00000000
51560,28.017,00000000
51570,28.197,00000000
51580,28.099,00000000
51590,28.090,00000000
51600,27.982,00000000
51610,27.815,00000000
51620,27.619,00000000
51630,27.689,00000000
51640,27.370,00000000
51650,27.171,00000000
51660,27.226,00000000
51670,27.593,00000000
51680,27.705,00000000
51690,27.823,00000000
51700,27.864,00000000
51710,27.702,00000000
51720,27.937,00000000
51730,27.991,00000000
51740,27.830,00000000
51750,28.062,00000000
51760,28.266,00000000
51770,28.134,00000000
51780,27.924,00000000
51790,28.111,00000000
51800,27.859,00000000
51810,27.611,00000000
51820,27.506,00000000
51830,27.507,00000000
51840,27.239,00000000
51850,27.356,00000000
51860,27.489,00000000
51870,27.489,00000000
51880,27.604,00000000
51890,27.806,00000000
51900,27.832,00000000
51910,27.858,00000000
51920,27.906,00000000
51930,28.104,00000000
51940,28.286,00000000
51950,28.223,00000000
51960,28.051,00000000
51970,27.953,00000000
51980,27.952,00000000
51990,27.858,00000000
52000,27.739,00000000
52010,27.678,00000000
52020,27.454,00000000
52030,27.434,00000000
52040,27.240,00000000
52050,27.402,00000000
52060,27.682,00000000
52070,27.590,00000000
52080,27.794,00000000
52090,28.123,00000000
52100,27.962,00000000
52110,28.084,00000000
52120,28.019,00000000
52130,28.146,00000000
52140,28.209,00000000
52150,28.091,00000000
52160,28.255,00000000
52170,28.006,00000000
52180,27.951,00000000
52190,27.835,00000000
52200,27.390,00000000
52210,27.353,00000000
52220,27.337,00000000
52230,27.412,00000000
52240,27.587,00000000
52250,27.740,00000000
52260,27.525,00000000
52270,27.829,00000000
52280,27.921,00000000
52290,28.122,00000000
52300,27.929,00000000
52310,27.996,00000000
52320,28.186,00000000
52330,28.193,00000000
52340,28.012,00000000
52350,28.120,00000000
52360,27.888,00000000
52370,27.755,00000000
52380,27.824,00000000
52390,27.713,00000000
52400,27.255,00000000
52410,27.293,00000000
52420,27.312,00000000
52430,27.502,00000000
52440,27.874,00000000
52450,27.763,00000000
52460,27.682,00000000
52470,27.727,00000000
52480,28.053,00000000
52490,28.243,00000000
52500,27.933,00000000
52510,28.069,00000000
52520,28.036,00000000
52530,28.126,00000000
52540,28.174,00000000
52550,27.852,00000000
52560,27.964,00000000
52570,27.629,00000000
52580,27.405,00000000
52590,27.163,00000000
52600,27.349,00000000
52610,27.537,00000000
52620,27.469,00000000
52630,27.440,00000000
52640,27.655,00000000
52650,27.987,00000000
52660,27.856,00000000
52670,27.971,00000000
52680,28.022,00000000
52690,27.972,00000000
52700,28.154,00000000
52710,28.191,00000000
52720,28.020,00000000
52730,28.058,00000000
52740,27.943,00000000
52750,27.939,00000000
52760,27.650,00000000
52770,27.560,00000000
52780,27.326,00000000
52790,27.262,00000000
52800,27.450,00000000
52810,27.682,00000000
52820,27.562,00000000
52830,27.686,00000000
52840,27.838,00000000
52850,27.979,00000000
52860,28.186,00000000
52870,28.070,00000000
52880,28.214,00000000
52890,28.065,00000000
52900,28.183,00000000
52910,28.182,00000000
52920,27.999,00000000
52930,27.836,00000000
52940,27.958,00000000
52950,27.645,00000000
52960,27.439,00000000
52970,27.265,00000000
52980,27.313,00000000
52990,27.455,00000000
53000,27.603,00000000
53010,27.498,00000000
53020,27.723,00000000
53030,27.875,00000000
53040,27.940,00000000
53050,27.873,00000000
53060,27.908,00000000
53070,28.095,00000000
53080,28.271,00000000
53090,28.206,00000000
53100,28.119,00000000
53110,28.074,00000000
53120,28.226,00000000
53130,27.955,00000000
53140,27.772,00000000
53150,27.468,00000000
53160,27.235,00000000
53170,27.405,00000000
53180,27.286,00000000
53190,27.434,00000000
53200,27.626,00000000
53210,27.644,00000000
53220,27.843,00000000
53230,28.126,00000000
53240,27.925,00000000
53250,27.928,00000000
53260,27.956,00000000
53270,28.212,00000000
53280,28.215,00000000
53290,28.048,00000000
53300,27.990,00000000
53310,27.977,00000000
53320,27.779,00000000
53330,27.798,00000000
53340,27.830,00000000
53350,27.218,00000000
53360,27.280,00000000
53370,27.292,00000000
53380,27.521,00000000
53390,27.680,00000000
53400,27.694,00000000
53410,27.814,00000000
53420,27.798,00000000
53430,27.929,00000000
53440,28.197,00000000
53450,28.137,00000000
53460,28.231,00000000
53470,28.062,00000000
53480,28.144,00000000
53490,27.945,00000000
53500,27.873,00000000
53510,27.783,00000000
53520,27.746,00000000
53530,27.722,00000000
53540,27.682,00000000
53550,27.285,00000000
53560,27.437,00000000
53570,27.461,00000000
53580,27.568,00000000
53590,27.708,00000000
53600,27.686,00000000
53610,27.708,00000000
53620,27.841,00000000
53630,28.027,00000000
53640,28.051,00000000
53650,28.228,00000000
53660,28.181,00000000
53670,28.151,00000000
53680,28.147,00000000
53690,28.030,00000000
53700,28.083,00000000
53710,27.760,00000000
53720,27.637,00000000
53730,27.544,00000000
53740,27.207,00000000
53750,27.441,00000000
53760,27.502,00000000
53770,27.721,00000000
53780,27.762,00000000
53790,27.557,00000000
53800,27.683,00000000
53810,27.960,00000000
53820,28.071,00000000
53830,28.091,00000000
53840,28.086,00000000
53850,28.108,00000000
53860,28.153,00000000
53870,28.041,00000000
53880,27.955,00000000
53890,28.037,00000000
53900,27.937,00000000
53910,27.714,00000000
53920,27.626,00000000
53930,27.458,00000000
53940,27.463,00000000
53950,27.370,00000000
53960,27.579,00000000
53970,27.712,00000000
53980,27.591,00000000
53990,27.716,00000000
54000,27.887,00000000
54010,27.976,00000000
54020,28.068,00000000
54030,28.223,00000000
54040,28.134,00000000
54050,28.078,00000000
54060,27.905,00000000
54070,27.965,00000000
54080,28.014,00000000
54090,28.108,00000000
54100,27.876,00000000
54110,27.601,00000000
54120,27.321,00000000
54130,27.156,00000000
54140,27.429,00000000
54150,27.419,00000000
54160,27.583,00000000
54170,27.558,00000000
54180,27.833,00000000
54190,28.085,00000000
54200,27.828,00000000
54210,27.847,00000000
54220,28.029,00000000
54230,28.173,00000000
54240,28.096,00000000
54250,28.073,00000000
54260,28.193,00000000
54270,27.879,00000000
54280,27.817,00000000
54290,27.895,00000000
54300,27.893,00000000
54310,27.551,00000000
54320,27.163,00000000
54330,27.197,00000000
54340,27.471,00000000
54350,27.613,00000000
54360,27.555,00000000
54370,27.740,00000000
54380,27.678,00000000
54390,27.940,00000000
54400,27.971,00000000
54410,28.046,00000000
54420,28.133,00000000
54430,28.262,00000000
54440,28.072,00000000
54450,28.152,00000000
54460,27.991,00000000
54470,27.959,00000000
54480,27.874,00000000
54490,27.987,00000000
54500,27.587,00000000
54510,27.546,00000000
54520,27.197,00000000
54530,27.300,00000000
54540,27.587,00000000
54550,27.641,00000000
54560,27.669,00000000
54570,27.939,00000000
54580,27.789,00000000
54590,27.952,00000000
54600,28.204,00000000
54610,28.075,00000000
54620,28.150,00000000
54630,28.126,00000000
54640,28.270,00000000
54650,28.083,00000000
54660,28.108,00000000
54670,28.011,00000000
54680,27.839,00000000
54690,27.753,00000000
54700,27.658,00000000
54710,27.253,00000000
54720,27.270,00000000
54730,27.382,00000000
54740,27.654,00000000
54750,27.628,00000000
54760,27.736,00000000
54770,27.778,00000000
54780,27.828,00000000
54790,27.914,00000000
54800,28.215,00000000
54810,28.053,00000000
54820,28.167,00000000
54830,28.059,00000000
54840,28.212,00000000
54850,28.291,00000000
54860,28.007,00000000
54870,27.965,00000000
54880,27.602,00000000
54890,27.497,00000000
54900,27.428,00000000
54910,27.294,00000000
54920,27.282,00000000
54930,27.469,00000000
54940,27.749,00000000
54950,27.987,00000000
54960,27.770,00000000
54970,27.810,00000000
54980,27.784,00000000
54990,27.994,00000000
55000,28.266,00000000
55010,28.214,00000000
55020,28.142,00000000
55030,28.006,00000000
55040,27.957,00000000
55050,28.021,00000000
55060,28.039,00000000
55070,27.540,00000000
55080,27.477,00000000
55090,27.104,00000000
55100,27.425,00000000
55110,27.571,00000000
55120,27.430,00000000
55130,27.488,00000000
55140,27.889,00000000
55150,27.987,00000000
55160,28.032,00000000
55170,28.121,00000000
55180,27.875,00000000
55190,28.057,00000000
55200,28.049,00000000
55210,27.986,00000000
55220,28.107,00000000
55230,28.242,00000000
55240,28.131,00000000
55250,28.113,00000000
55260,27.710,00000000
55270,27.591,00000000
55280,27.480,00000000
55290,27.260,00000000
55300,27.443,00000000
55310,27.472,00000000
55320,27.534,00000000
55330,27.608,00000000
55340,27.793,00000000
55350,28.055,00000000
55360,27.948,00000000
55370,27.938,00000000
55380,28.017,00000000
55390,28.123,00000000
55400,28.104,00000000
55410,28.160,00000000
55420,27.839,00000000
55430,28.050,00000000
55440,27.966,00000000
55450,28.015,00000000
55460,27.723,00000000
55470,27.537,00000000
55480,27.197,00000000
55490,27.345,00000000
55500,27.471,00000000
55510,27.615,00000000
55520,27.510,00000000
55530,27.641,00000000
55540,27.845,00000000
55550,27.779,00000000
55560,27.896,00000000
55570,28.030,00000000
55580,28.301,00000000
55590,28.125,00000000
55600,28.260,00000000
55610,28.051,00000000
55620,28.016,00000000
55630,28.040,00000000
55640,27.907,00000000
55650,27.713,00000000
55660,27.474,00000000
55670,27.142,00000000
55680,27.232,00000000
55690,27.368,00000000
55700,27.620,00000000
55710,27.766,00000000
55720,27.746,00000000
55730,27.727,00000000
55740,27.872,00000000
55750,28.060,00000000
55760,28.179,00000000
55770,28.106,00000000
55780,28.017,00000000
55790,28.065,00000000
55800,27.993,00000000
55810,28.071,00000000
55820,28.050,00000000
55830,27.958,00000000
55840,27.688,00000000
55850,27.601,00000000
55860,27.186,00000000
55870,27.111,00000000
55880,27.550,00000000
55890,27.686,00000000
55900,27.527,00000000
55910,27.670,00000000
55920,27.971,00000000
55930,28.041,00000000
55940,27.840,00000000
55950,28.064,00000000
55960,28.206,00000000
55970,28.082,00000000
55980,28.081,00000000
55990,28.109,00000000
56000,28.217,00000000
56010,27.987,00000000
56020,27.916,00000000
56030,27.728,00000000
56040,27.587,00000000
56050,27.514,00000000
56060,27.181,00000000
56070,27.492,00000000
56080,27.505,00000000
56090,27.506,00000000
56100,27.647,00000000
56110,28.018,00000000
56120,27.830,00000000
56130,27.860,00000000
56140,27.919,00000000
56150,28.054,00000000
56160,28.315,00000000
56170,28.142,00000000
56180,27.987,00000000
56190,27.860,00000000
56200,27.833,00000000
56210,27.970,00000000
56220,27.766,00000000
56230,27.552,00000000
56240,27.276,00000000
56250,27.204,00000000
56260,27.339,00000000
56270,27.506,00000000
56280,27.606,00000000
56290,27.765,00000000
56300,27.774,00000000
56310,27.760,00000000
56320,27.877,00000000
56330,28.111,00000000
56340,27.944,00000000
56350,28.111,00000000
56360,28.217,00000000
56370,28.194,00000000
56380,28.042,00000000
56390,27.991,00000000
56400,27.763,00000000
56410,27.742,00000000
56420,27.750,00000000
56430,27.355,00000000
56440,27.211,00000000
56450,27.176,00000000
56460,27.386,00000000
56470,27.708,00000000
56480,27.698,00000000
56490,27.730,00000000
56500,27.798,00000000
56510,27.861,00000000
56520,27.926,00000000
56530,28.020,00000000
56540,28.198,00000000
56550,28.027,00000000
56560,28.030,00000000
56570,28.050,00000000
56580,28.066,00000000
56590,28.083,00000000
56600,27.820,00000000
56610,27.600,00000000
56620,27.354,00000000
56630,27.204,00000000
56640,27.530,00000000
56650,27.647,00000000
56660,27.709,00000000
56670,27.713,00000000
56680,27.640,00000000
56690,27.789,00000000
56700,28.056,00000000
56710,27.859,00000000
56720,27.896,00000000
56730,27.951,00000000
56740,28.007,00000000
56750,28.221,00000000
56760,28.139,00000000
56770,28.036,00000000
56780,27.868,00000000
56790,27.756,00000000
56800,27.555,00000000
56810,27.585,00000000
56820,27.293,00000000
56830,27.223,00000000
56840,27.354,00000000
56850,27.469,00000000
56860,27.723,00000000
56870,27.849,00000000
56880,27.774,00000000
56890,27.768,00000000
56900,28.002,00000000
56910,28.147,00000000
56920,28.048,00000000
56930,28.067,00000000
56940,28.205,00000000
56950,27.954,00000000
56960,28.057,00000000
56970,28.034,00000000
56980,27.672,00000000
56990,27.736,00000000
57000,27.589,00000000
57010,27.284,00000000
57020,27.176,00000000
57030,27.249,00000000
57040,27.409,00000000
57050,27.599,00000000
57060,27.816,00000000
57070,27.786,00000000
57080,27.714,00000000
57090,28.067,00000000
57100,28.176,00000000
57110,28.080,00000000
57120,28.065,00000000
57130,28.036,00000000
57140,27.973,00000000
57150,28.086,00000000
57160,28.330,00000000
57170,28.091,00000000
57180,27.730,00000000
57190,27.550,00000000
57200,27.494,00000000
57210,27.306,00000000
57220,27.443,00000000
57230,27.276,00000000
57240,27.469,00000000
57250,27.634,00000000
57260,27.892,00000000
57270,27.681,00000000
57280,27.729,00000000
57290,27.992,00000000
57300,28.187,00000000
57310,28.284,00000000
57320,28.084,00000000
57330,27.977,00000000
57340,28.071,00000000
57350,28.085,00000000
57360,27.928,00000000
57370,27.696,00000000
57380,27.547,00000000
57390,27.434,00000000
57400,27.112,00000000
57410,27.219,00000000
57420,27.444,00000000
57430,27.529,00000000
57440,27.742,00000000
57450,27.751,00000000
57460,27.734,00000000
57470,27.773,00000000
57480,28.021,00000000
57490,28.119,00000000
57500,28.162,00000000
57510,28.064,00000000
57520,27.967,00000000
57530,27.941,00000000
57540,28.144,00000000
57550,28.079,00000000
57560,27.869,00000000
57570,27.607,00000000
57580,27.462,00000000
57590,27.262,00000000
57600,27.401,00000000
57610,27.481,00000000
57620,27.386,00000000
57630,27.413,00000000
57640,27.846,00000000
57650,27.917,00000000
57660,27.841,00000000
57670,28.051,00000000
57680,27.989,00000000
57690,28.109,00000000
57700,28.366,00000000
57710,28.280,00000000
57720,28.061,00000000
57730,27.813,00000000
57740,27.876,00000000
57750,27.801,00000000
57760,27.711,00000000
57770,27.614,00000000
57780,27.335,00000000
57790,27.214,00000000
57800,27.331,00000000
57810,27.294,00000000
57820,27.483,00000000
57830,27.648,00000000
57840,27.802,00000000
57850,27.981,00000000
57860,28.063,00000000
57870,27.835,00000000
57880,27.947,00000000
57890,28.037,00000000
57900,28.228,00000000
57910,28.303,00000000
57920,28.019,00000000
57930,28.135,00000000
57940,27.827,00000000
57950,27.763,00000000
57960,27.811,00000000
57970,27.369,00000000
57980,27.291,00000000
57990,27.177,00000000
58000,27.439,00000000
58010,27.484,00000000
58020,27.726,00000000
58030,27.802,00000000
58040,27.668,00000000
58050,28.030,00000000
58060,27.847,00000000
58070,28.140,00000000
58080,28.038,00000000
58090,28.152,00000000
58100,28.279,00000000
58110,28.101,00000000
58120,28.175,00000000
58130,27.828,00000000
58140,27.949,00000000
58150,27.788,00000000
58160,27.516,00000000
58170,27.152,00000000
58180,27.373,00000000
58190,27.477,00000000
58200,27.473,00000000
58210,27.565,00000000
58220,27.702,00000000
58230,27.733,00000000
58240,28.022,00000000
58250,28.010,00000000
58260,28.016,00000000
58270,27.961,00000000
58280,27.991,00000000
58290,28.284,00000000
58300,28.180,00000000
58310,27.945,00000000
58320,27.985,00000000
58330,27.989,00000000
58340,27.736,00000000
58350,27.506,00000000
58360,27.268,00000000
58370,27.131,00000000
58380,27.323,00000000
58390,27.602,00000000
58400,27.537,00000000
58410,27.660,00000000
58420,27.740,00000000
58430,27.818,00000000
58440,27.796,00000000
58450,28.038,00000000
58460,27.997,00000000
58470,28.151,00000000
58480,28.102,00000000
58490,28.037,00000000
58500,28.134,00000000
58510,28.118,00000000
58520,28.077,00000000
58530,27.772,00000000
58540,27.569,00000000
58550,27.480,00000000
58560,27.170,00000000
58570,27.238,00000000
58580,27.486,00000000
58590,27.400,00000000
58600,27.537,00000000
58610,27.653,00000000
58620,27.755,00000000
58630,27.939,00000000
58640,27.921,00000000
58650,28.128,00000000
58660,28.040,00000000
58670,28.043,00000000
58680,28.093,00000000
58690,28.092,00000000
58700,28.164,00000000
58710,27.979,00000000
58720,28.002,00000000
58730,27.768,00000000
58740,27.488,00000000
58750,27.288,00000000
58760,27.231,00000000
58770,27.350,00000000
58780,27.493,00000000
58790,27.639,00000000
58800,27.540,00000000
58810,27.677,00000000
58820,27.958,00000000
58830,27.913,00000000
58840,28.133,00000000
58850,28.227,00000000
58860,28.198,00000000
58870,28.033,00000000
58880,28.137,00000000
58890,28.018,00000000
58900,28.024,00000000
58910,27.803,00000000
58920,27.758,00000000
58930,27.540,00000000
58940,27.281,00000000
58950,27.178,00000000
58960,27.449,00000000
58970,27.501,00000000
58980,27.437,00000000
58990,27.629,00000000
59000,27.708,00000000
59010,27.730,00000000
59020,27.800,00000000
59030,27.983,00000000
59040,28.010,00000000
59050,28.060,00000000
59060,27.940,00000000
59070,28.000,00000000
59080,28.149,00000000
59090,28.242,00000000
59100,28.026,00000000
59110,27.654,00000000
59120,27.488,00000000
59130,27.292,00000000
59140,27.338,00000000
59150,27.386,00000000
59160,27.438,00000000
59170,27.441,00000000
59180,27.590,00000000
59190,27.785,00000000
59200,27.838,00000000
59210,27.810,00000000
59220,28.064,00000000
59230,28.034,00000000
59240,28.362,00000000
59250,28.181,00000000
59260,28.198,00000000
59270,28.214,00000000
59280,27.975,00000000
59290,27.897,00000000
59300,27.726,00000000
59310,27.546,00000000
59320,27.450,00000000
59330,27.262,00000000
59340,27.374,00000000
59350,27.545,00000000
59360,27.636,00000000
59370,27.590,00000000
59380,27.685,00000000
59390,27.900,00000000
59400,27.956,00000000
59410,27.887,00000000
59420,28.027,00000000
59430,28.079,00000000
59440,28.094,00000000
59450,28.172,00000000
59460,28.005,00000000
59470,27.906,00000000
59480,27.978,00000000
59490,27.786,00000000
59500,27.713,00000000
59510,27.451,00000000
59520,27.258,00000000
59530,27.305,00000000
59540,27.322,00000000
59550,27.526,00000000
59560,27.638,00000000
59570,27.717,00000000
59580,27.831,00000000
59590,27.976,00000000
59600,27.934,00000000
59610,27.924,00000000
59620,28.097,00000000
59630,28.094,00000000
59640,28.026,00000000
59650,28.094,00000000
59660,28.000,00000000
59670,27.983,00000000
59680,27.810,00000000
59690,27.650,00000000
59700,27.524,00000000
59710,27.088,00000000
59720,27.355,00000000
59730,27.515,00000000
59740,27.403,00000000
59750,27.633,00000000
59760,27.838,00000000
59770,27.869,00000000
59780,27.869,00000000
59790,27.885,00000000
59800,28.001,00000000
59810,28.170,00000000
59820,27.979,00000000
59830,28.026,00000000
59840,28.106,00000000
59850,28.037,00000000
59860,27.873,00000000
59870,27.851,00000000
59880,27.782,00000000
59890,27.543,00000000
59900,27.396,00000000
59910,27.252,00000000
59920,27.206,00000000
59930,27.544,00000000
59940,27.687,00000000
59950,27.614,00000000
59960,27.818,00000000
59970,27.713,00000000
59980,27.963,00000000
59990,27.971,00000000
60000,28.073,00000000
60010,28.230,00000000
60020,28.016,00000000
60030,28.191,00000000
60040,28.134,00000000
60050,27.991,00000000
60060,27.942,00000000
60070,27.741,00000000
60080,27.558,00000000
60090,27.469,00000000
60100,27.154,00000000
60110,27.214,00000000
60120,27.494,00000000
60130,27.429,00000000
60140,27.693,00000000
60150,27.697,00000000
60160,27.954,00000000
60170,27.994,00000000
60180,27.835,00000000
60190,27.904,00000000
60200,28.226,00000000
60210,28.187,00000000
60220,28.129,00000000
60230,28.115,00000000
60240,27.914,00000000
60250,28.011,00000000
60260,27.735,00000000
60270,27.668,00000000
60280,27.440,00000000
60290,27.154,00000000
60300,27.204,00000000
60310,27.466,00000000
60320,27.585,00000000
60330,27.571,00000000
60340,27.765,00000000
60350,27.878,00000000
60360,27.871,00000000
60370,28.018,00000000
60380,28.047,00000000
60390,28.042,00000000
60400,28.151,00000000
60410,28.151,00000000
60420,28.119,00000000
60430,28.091,00000000
60440,27.834,00000000
60450,27.936,00000000
60460,27.702,00000000
60470,27.612,00000000
60480,27.183,00000000
60490,27.235,00000000
60500,27.434,00000000
60510,27.364,00000000
60520,27.689,00000000
60530,27.747,00000000
60540,27.694,00000000
60550,27.862,00000000
60560,27.875,00000000
60570,28.050,00000000
60580,28.048,00000000
60590,28.017,00000000
60600,28.158,00000000
60610,28.028,00000000
60620,28.047,00000000
60630,27.924,00000000
60640,27.798,00000000
60650,27.715,00000000
60660,27.537,00000000
60670,27.239,00000000
60680,27.306,00000000
60690,27.425,00000000
60700,27.524,00000000
60710,27.696,00000000
60720,27.794,00000000
60730,27.532,00000000
60740,27.615,00000000
60750,27.933,00000000
60760,28.019,00000000
60770,28.053,00000000
60780,27.961,00000000
60790,28.366,00000000
60800,28.352,00000000
60810,28.340,00000000
60820,27.771,00000000
60830,27.778,00000000
60840,27.768,00000000
60850,27.584,00000000
60860,27.186,00000000
60870,27.191,00000000
60880,27.258,00000000
60890,27.406,00000000
60900,27.582,00000000
60910,27.746,00000000
60920,27.725,00000000
60930,27.881,00000000
60940,28.022,00000000
60950,27.928,00000000
60960,27.951,00000000
60970,28.070,00000000
60980,28.064,00000000
60990,28.097,00000000
61000,28.238,00000000
61010,28.015,00000000
61020,27.909,00000000
61030,27.849,00000000
61040,27.479,00000000
61050,27.306,00000000
61060,27.096,00000000
61070,27.412,00000000
61080,27.378,00000000
61090,27.651,00000000
61100,27.834,00000000
61110,27.779,00000000
61120,27.738,00000000
61130,27.788,00000000
61140,27.978,00000000
61150,27.967,00000000
61160,27.910,00000000
61170,28.078,00000000
61180,27.976,00000000
61190,27.996,00000000
61200,28.087,00000000
61210,27.803,00000000
61220,27.791,00000000
61230,27.605,00000000
61240,27.460,00000000
61250,27.236,00000000
61260,27.195,00000000
61270,27.390,00000000
61280,27.670,00000000
61290,27.723,00000000
61300,27.820,00000000
61310,27.537,00000000
61320,27.878,00000000
61330,28.064,00000000
61340,28.109,00000000
61350,28.017,00000000
61360,27.937,00000000
61370,28.001,00000000
61380,27.943,00000000
61390,27.982,00000000
61400,28.020,00000000
61410,27.805,00000000
61420,27.417,00000000
61430,27.406,00000000
61440,27.310,00000000
61450,27.265,00000000
61460,27.449,00000000
61470,27.635,00000000
61480,27.624,00000000
61490,27.766,00000000
61500,27.903,00000000
61510,28.064,00000000
61520,27.984,00000000
61530,28.090,00000000
61540,28.135,00000000
61550,28.043,00000000
61560,28.082,00000000
61570,28.157,00000000
61580,28.060,00000000
61590,28.021,00000000
61600,27.786,00000000
61610,27.618,00000000
61620,27.340,00000000
61630,27.132,00000000
61640,27.344,00000000
61650,27.456,00000000
61660,27.618,00000000
61670,27.476,00000000
61680,27.683,00000000
61690,27.799,00000000
61700,27.909,00000000
61710,27.998,00000000
61720,28.010,00000000
61730,28.029,00000000
61740,28.149,00000000
61750,28.210,00000000
61760,28.210,00000000
61770,28.173,00000000
61780,27.825,00000000
61790,27.800,00000000
61800,27.546,00000000
61810,27.482,00000000
61820,27.330,00000000
61830,27.141,00000000
61840,27.342,00000000
61850,27.456,00000000
61860,27.656,00000000
61870,27.944,00000000
61880,27.858,00000000
61890,27.913,00000000
61900,27.853,00000000
61910,28.034,00000000
61920,28.201,00000000
61930,27.815,00000000
61940,28.091,00000000
61950,28.126,00000000
61960,27.953,00000000
61970,27.989,00000000
61980,27.862,00000000
61990,27.727,00000000
62000,27.595,00000000
62010,27.333,00000000
62020,27.092,00000000
62030,27.359,00000000
62040,27.508,00000000
62050,27.478,00000000
62060,27.807,00000000
62070,27.663,00000000
62080,28.040,00000000
62090,27.839,00000000
62100,27.926,00000000
62110,27.992,00000000
62120,28.078,00000000
62130,28.026,00000000
62140,28.067,00000000
62150,28.108,00000000
62160,28.003,00000000
62170,27.924,00000000
62180,27.809,00000000
62190,27.674,00000000
62200,27.375,00000000
62210,27.166,00000000
62220,27.313,00000000
62230,27.346,00000000
62240,27.540,00000000
62250,27.552,00000000
62260,27.648,00000000
62270,27.897,00000000
62280,27.913,00000000
62290,27.935,00000000
62300,27.983,00000000
62310,27.949,00000000
62320,28.067,00000000
62330,28.112,00000000
62340,28.191,00000000
62350,28.112,00000000
62360,27.997,00000000
62370,27.839,00000000
62380,27.870,00000000
62390,27.650,00000000
62400,27.408,00000000
62410,27.185,00000000
62420,27.292,00000000
62430,27.409,00000000
62440,27.546,00000000
62450,27.671,00000000
62460,27.784,00000000
62470,27.841,00000000
62480,27.930,00000000
62490,27.945,00000000
62500,28.155,00000000
62510,28.038,00000000
62520,28.122,00000000
62530,28.044,00000000
62540,28.007,00000000
62550,27.954,00000000
62560,27.854,00000000
62570,27.802,00000000
62580,27.633,00000000
62590,27.373,00000000
62600,27.179,00000000
62610,27.249,00000000
62620,27.455,00000000
62630,27.408,00000000
62640,27.659,00000000
62650,27.781,00000000
62660,27.699,00000000
62670,27.908,00000000
62680,28.170,00000000
62690,28.093,00000000
62700,28.065,00000000
62710,28.073,00000000
62720,28.153,00000000
62730,28.161,00000000
62740,28.045,00000000
62750,27.840,00000000
62760,27.929,00000000
62770,27.835,00000000
62780,27.354,00000000
62790,27.109,00000000
62800,27.218,00000000
62810,27.300,00000000
62820,27.711,00000000
62830,27.700,00000000
62840,27.578,00000000
62850,27.799,00000000
62860,27.979,00000000
62870,27.973,00000000
62880,27.971,00000000
62890,479.606,X0000000
62900,245.558,10000000
62910,162.252,10000000
62920,130.654,10000000
62930,118.965,10000000
62940,273.650,10000000
62950,565.238,10000000
62960,276.793,10000000
62970,173.387,10000000
62980,134.905,10000000
62990,120.609,10000000
63000,115.643,10000000
63010,113.554,10000000
63020,113.330,10000000
63030,113.261,10000000
63040,113.103,10000000
63050,113.139,10000000
63060,113.560,10000000
63070,113.706,10000000
63080,114.115,10000000
63090,114.384,10000000
63100,114.402,10000000
63110,114.940,10000000
63120,114.679,10000000
63130,114.178,10000000
63140,113.298,10000000
63150,111.546,10000000
63160,112.163,10000000
63170,111.796,10000000
63180,112.083,10000000
63190,112.146,10000000
63200,112.530,10000000
63210,112.775,10000000
63220,113.208,10000000
63230,113.173,10000000
63240,113.597,10000000
63250,113.708,10000000
63260,113.870,10000000
63270,113.994,10000000
63280,114.778,10000000
63290,114.383,10000000
63300,114.849,10000000
63310,115.025,10000000
63320,114.952,10000000
63330,114.767,10000000
63340,114.358,10000000
63350,111.830,10000000
63360,112.069,10000000
63370,112.181,10000000
63380,112.635,10000000
63390,112.487,10000000
63400,112.891,10000000
63410,112.823,10000000
63420,113.237,10000000
63430,113.543,10000000
63440,113.472,10000000
63450,113.478,10000000
63460,114.226,10000000
63470,114.033,10000000
63480,114.528,10000000
63490,114.565,10000000
63500,115.258,10000000
63510,115.077,10000000
63520,115.175,10000000
63530,115.225,10000000
63540,114.542,10000000
63550,112.380,10000000
63560,112.225,10000000
63570,112.051,10000000
63580,112.815,10000000
63590,112.617,10000000
63600,113.243,10000000
63610,113.187,10000000
63620,113.706,10000000
63630,113.485,10000000
63640,113.917,10000000
63650,114.442,10000000
63660,114.487,10000000
63670,114.540,10000000
63680,114.778,10000000
63690,115.303,10000000
63700,114.823,10000000
63710,115.282,10000000
63720,115.995,10000000
63730,115.558,10000000
63740,114.805,10000000
63750,112.857,10000000
63760,112.651,10000000
63770,112.434,10000000
63780,112.645,10000000
63790,113.360,10000000
63800,113.415,10000000
63810,112.920,10000000
63820,113.978,10000000
63830,113.707,10000000
63840,113.917,10000000
63850,114.050,10000000
63860,114.331,10000000
63870,114.609,10000000
63880,114.755,10000000
63890,114.856,10000000
63900,115.690,10000000
63910,115.266,10000000
63920,115.950,10000000
63930,115.830,10000000
63940,115.194,10000000
63950,666.195,10000000
63960,314.709,10000000
63970,189.003,10000000
63980,142.051,10000000
63990,124.219,10000000
64000,118.339,10000000
64010,116.106,10000000
64020,115.597,10000000
64030,115.147,10000000
64040,115.405,10000000
64050,115.600,10000000
64060,116.156,10000000
64070,114.513,10000000
64080,112.799,10000000
64090,112.645,10000000
64100,112.678,10000000
64110,112.583,10000000
64120,113.054,10000000
64130,112.760,10000000
64140,112.976,10000000
64150,113.469,10000000
64160,113.510,10000000
64170,113.377,10000000
64180,113.966,10000000
64190,114.082,10000000
64200,114.564,10000000
64210,114.709,10000000
64220,114.845,10000000
64230,115.178,10000000
64240,115.417,10000000
64250,115.580,10000000
64260,115.383,10000000
64270,114.807,10000000
64280,113.840,10000000
64290,112.096,10000000
64300,112.633,10000000
64310,112.529,10000000
64320,112.861,10000000
64330,112.694,10000000
64340,113.480,10000000
64350,113.560,10000000
64360,113.980,10000000
64370,113.884,10000000
64380,114.369,10000000
64390,114.310,10000000
64400,114.861,10000000
64410,114.657,10000000
64420,115.077,10000000
64430,115.260,10000000
64440,116.059,10000000
64450,115.545,10000000
64460,115.871,10000000
64470,115.208,10000000
64480,113.964,10000000
64490,112.601,10000000
64500,113.035,10000000
64510,112.670,10000000
64520,112.916,10000000
64530,113.168,10000000
64540,113.283,10000000
64550,113.342,10000000
64560,113.869,10000000
64570,113.756,10000000
64580,114.288,10000000
64590,114.121,10000000
64600,114.732,10000000
64610,114.872,10000000
64620,115.019,10000000
64630,115.306,10000000
64640,115.593,10000000
64650,115.864,10000000
64660,115.540,10000000
64670,115.085,10000000
64680,114.114,10000000
64690,112.244,10000000
64700,113.004,10000000
64710,112.733,10000000
64720,113.187,10000000
64730,113.020,10000000
64740,113.269,10000000
64750,113.415,10000000
64760,113.895,10000000
64770,113.435,10000000
64780,113.717,10000000
64790,114.277,10000000
64800,114.537,10000000
64810,114.469,10000000
64820,115.309,10000000
64830,115.190,10000000
64840,115.492,10000000
64850,115.526,10000000
64860,115.554,10000000
64870,115.438,10000000
64880,114.735,10000000
64890,112.886,10000000
64900,112.572,10000000
64910,112.476,10000000
64920,112.879,10000000
64930,112.635,10000000
64940,113.099,10000000
64950,178.738,10000000
64960,445.259,10000000
64970,236.083,10000000
64980,158.759,10000000
64990,129.291,10000000
65000,119.218,10000000
65010,114.943,10000000
65020,113.833,10000000
65030,113.447,10000000
65040,113.546,10000000
65050,113.515,10000000
65060,114.420,10000000
65070,114.041,10000000
65080,114.077,10000000
65090,114.070,10000000
65100,114.517,10000000
65110,114.492,10000000
65120,115.095,10000000
65130,115.022,10000000
65140,115.506,10000000
65150,115.514,10000000
65160,115.974,10000000
65170,115.361,10000000
65180,114.008,10000000
65190,112.356,10000000
65200,112.583,10000000
65210,112.676,10000000
65220,113.818,10000000
65230,112.909,10000000
65240,113.277,10000000
65250,113.049,10000000
65260,113.586,10000000
65270,113.829,10000000
65280,114.005,10000000
65290,114.227,10000000
65300,114.586,10000000
65310,114.624,10000000
65320,114.970,10000000
65330,114.777,10000000
65340,115.409,10000000
65350,115.877,10000000
65360,115.525,10000000
65370,114.810,10000000
65380,113.633,10000000
65390,112.271,10000000
65400,112.973,10000000
65410,112.607,10000000
65420,113.425,10000000
65430,113.323,10000000
65440,113.444,10000000
65450,113.244,10000000
65460,113.977,10000000
65470,114.002,10000000
65480,114.344,10000000
65490,114.246,10000000
65500,115.307,10000000
65510,114.856,10000000
65520,115.185,10000000
65530,115.036,10000000
65540,115.524,10000000
65550,115.341,10000000
65560,116.059,10000000
65570,115.132,10000000
65580,113.913,10000000
65590,112.517,10000000
65600,112.825,10000000
65610,112.907,10000000
65620,112.869,10000000
65630,113.004,10000000
65640,113.715,10000000
65650,113.347,10000000
65660,113.696,10000000
65670,113.975,10000000
65680,114.146,10000000
65690,114.492,10000000
65700,114.933,10000000
65710,114.945,10000000
65720,115.571,10000000
65730,115.724,10000000
65740,115.989,10000000
65750,115.808,10000000
65760,116.169,10000000
65770,115.100,10000000
65780,113.837,10000000
65790,112.469,10000000
65800,112.858,10000000
65810,112.886,10000000
65820,112.807,10000000
65830,112.905,10000000
65840,113.135,10000000
65850,113.630,10000000
65860,113.702,10000000
65870,113.785,10000000
65880,114.039,10000000
65890,114.282,10000000
65900,114.187,10000000
65910,114.272,10000000
65920,114.584,10000000
65930,115.588,10000000
65940,151.454,X0000000
65950,68.345,00000000
65960,42.391,00000000
65970,33.269,00000000
65980,29.940,00000000
65990,28.633,00000000
66000,28.278,00000000
66010,28.146,00000000
66020,28.113,00000000
66030,28.195,00000000
66040,27.910,00000000
66050,28.006,00000000
66060,27.977,00000000
66070,27.868,00000000
66080,28.001,00000000
66090,27.672,00000000
66100,27.214,00000000
66110,27.207,00000000
66120,27.466,00000000
66130,27.395,00000000
66140,27.427,00000000
66150,27.607,00000000
66160,27.624,00000000
66170,27.760,00000000
66180,27.883,00000000
66190,27.929,00000000
66200,28.198,00000000
66210,28.056,00000000
66220,28.241,00000000
66230,28.175,00000000
66240,28.083,00000000
66250,28.027,00000000
66260,27.901,00000000
66270,27.844,00000000
66280,27.551,00000000
66290,27.348,00000000
66300,27.204,00000000
66310,27.414,00000000
66320,27.377,00000000
66330,27.551,00000000
66340,27.575,00000000
66350,27.695,00000000
66360,27.889,00000000
66370,27.825,00000000
66380,27.944,00000000
66390,28.034,00000000
66400,28.136,00000000
66410,28.176,00000000
66420,28.133,00000000
66430,28.047,00000000
66440,28.202,00000000
66450,27.993,00000000
66460,27.801,00000000
66470,27.583,00000000
66480,27.353,00000000
66490,27.278,00000000
66500,27.466,00000000
66510,27.622,00000000
66520,27.425,00000000
66530,27.598,00000000
66540,27.592,00000000
66550,27.729,00000000
66560,27.979,00000000
66570,27.865,00000000
66580,27.999,00000000
66590,28.133,00000000
66600,28.288,00000000
66610,28.051,00000000
66620,27.889,00000000
66630,27.918,00000000
66640,27.866,00000000
66650,27.800,00000000
66660,27.596,00000000
66670,27.518,00000000
66680,27.082,00000000
66690,27.321,00000000
66700,27.328,00000000
66710,27.589,00000000
66720,27.760,00000000
66730,27.718,00000000
66740,27.769,00000000
66750,27.910,00000000
66760,27.984,00000000
66770,28.076,00000000
66780,28.052,00000000
66790,28.134,00000000
66800,28.048,00000000
66810,27.952,00000000
66820,27.946,00000000
66830,27.795,00000000
66840,27.793,00000000
66850,27.653,00000000
66860,27.330,00000000
66870,27.180,00000000
66880,27.320,00000000
66890,27.302,00000000
66900,27.554,00000000
66910,27.579,00000000
66920,27.698,00000000
66930,27.766,00000000
66940,27.926,00000000
66950,27.953,00000000
66960,27.891,00000000
66970,28.011,00000000
66980,28.207,00000000
66990,28.055,00000000
67000,28.085,00000000
67010,28.109,00000000
67020,27.945,00000000
67030,27.816,00000000
67040,27.509,00000000
67050,27.418,00000000
67060,27.184,00000000
67070,27.226,00000000
67080,27.313,00000000
67090,27.414,00000000
67100,27.416,00000000
67110,27.784,00000000
67120,27.971,00000000
67130,27.762,00000000
67140,27.954,00000000
67150,28.116,00000000
67160,27.972,00000000
67170,28.273,00000000
67180,28.087,00000000
67190,28.018,00000000
67200,28.209,00000000
67210,28.164,00000000
67220,27.873,00000000
67230,27.609,00000000
67240,27.405,00000000
67250,27.098,00000000
67260,27.277,00000000
67270,27.318,00000000
67280,27.403,00000000
67290,27.573,00000000
67300,27.786,00000000
67310,27.730,00000000
67320,27.823,00000000
67330,27.997,00000000
67340,28.037,00000000
67350,27.972,00000000
67360,28.106,00000000
67370,28.080,00000000
67380,28.108,00000000
67390,27.988,00000000
67400,27.963,00000000
67410,27.847,00000000
67420,27.780,00000000
67430,27.371,00000000
67440,27.363,00000000
67450,27.379,00000000
67460,27.174,00000000
67470,27.456,00000000
67480,27.721,00000000
67490,27.703,00000000
67500,27.862,00000000
67510,28.001,00000000
67520,27.925,00000000
67530,28.041,00000000
67540,28.069,00000000
67550,27.940,00000000
67560,28.065,00000000
67570,28.048,00000000
67580,28.026,00000000
67590,27.893,00000000
67600,27.660,00000000
67610,27.557,00000000
67620,27.348,00000000
67630,27.197,00000000
67640,27.345,00000000
67650,27.380,00000000
67660,27.497,00000000
67670,27.669,00000000
67680,27.732,00000000
67690,27.812,00000000
67700,28.021,00000000
67710,27.958,00000000
67720,28.108,00000000
67730,28.088,00000000
67740,27.945,00000000
67750,28.091,00000000
67760,27.953,00000000
67770,27.942,00000000
67780,27.877,00000000
67790,27.645,00000000
67800,27.538,00000000
67810,27.141,00000000
67820,27.333,00000000
67830,27.307,00000000
67840,27.429,00000000
67850,27.499,00000000
67860,27.732,00000000
67870,27.901,00000000
67880,27.821,00000000
67890,28.115,00000000
67900,27.930,00000000
67910,28.084,00000000
67920,28.111,00000000
67930,28.123,00000000
67940,28.311,00000000
67950,28.206,00000000
67960,27.963,00000000
67970,27.780,00000000
67980,27.520,00000000
67990,27.237,00000000
68000,27.143,00000000
68010,27.395,00000000
68020,27.366,00000000
68030,27.577,00000000
68040,27.728,00000000
68050,27.819,00000000
68060,27.873,00000000
68070,27.900,00000000
68080,28.101,00000000
68090,27.999,00000000
68100,28.092,00000000
68110,27.941,00000000
68120,28.046,00000000
68130,28.160,00000000
68140,28.070,00000000
68150,27.833,00000000
68160,27.663,00000000
68170,27.467,00000000
68180,27.290,00000000
68190,27.357,00000000
68200,27.278,00000000
68210,27.488,00000000
68220,27.481,00000000
68230,27.781,00000000
68240,27.767,00000000
68250,27.886,00000000
68260,27.938,00000000
68270,28.036,00000000
68280,28.083,00000000
68290,28.089,00000000
68300,28.109,00000000
68310,28.005,00000000
68320,28.101,00000000
68330,27.829,00000000
68340,27.821,00000000
68350,27.609,00000000
68360,27.378,00000000
68370,27.145,00000000
68380,27.443,00000000
68390,27.466,00000000
68400,27.600,00000000
68410,27.643,00000000
68420,27.691,00000000
68430,27.838,00000000
68440,28.009,00000000
68450,27.807,00000000
68460,28.012,00000000
68470,28.235,00000000
68480,28.104,00000000
68490,28.203,00000000
68500,28.081,00000000
68510,27.962,00000000
68520,27.825,00000000
68530,27.789,00000000
68540,27.318,00000000
68550,27.002,00000000
68560,27.288,00000000
68570,27.382,00000000
68580,27.363,00000000
68590,27.440,00000000
68600,27.579,00000000
68610,27.709,00000000
68620,27.927,00000000
68630,27.932,00000000
68640,27.938,00000000
68650,28.137,00000000
68660,28.023,00000000
68670,28.055,00000000
68680,28.105,00000000
68690,28.000,00000000
68700,28.157,00000000
68710,27.887,00000000
68720,27.696,00000000
68730,27.508,00000000
68740,27.268,00000000
68750,27.294,00000000
68760,27.217,00000000
68770,27.424,00000000
68780,27.389,00000000
68790,27.764,00000000
68800,27.720,00000000
68810,27.864,00000000
68820,27.943,00000000
68830,27.938,00000000
68840,28.014,00000000
68850,27.981,00000000
68860,28.101,00000000
68870,27.935,00000000
68880,28.178,00000000
68890,27.915,00000000
68900,27.876,00000000
68910,27.725,00000000
68920,27.475,00000000
68930,27.336,00000000
68940,27.250,00000000
68950,27.381,00000000
68960,27.384,00000000
68970,27.678,00000000
68980,27.517,00000000
68990,27.709,00000000
69000,27.741,00000000
69010,27.816,00000000
69020,28.144,00000000
69030,27.895,00000000
69040,28.104,00000000
69050,28.036,00000000
69060,28.101,00000000
69070,28.139,00000000
69080,28.017,00000000
69090,27.942,00000000
69100,27.788,00000000
69110,27.634,00000000
69120,27.508,00000000
69130,27.318,00000000
69140,27.247,00000000
69150,27.363,00000000
69160,27.370,00000000
69170,27.620,00000000
69180,27.689,00000000
69190,27.836,00000000
69200,27.863,00000000
69210,28.137,00000000
69220,27.945,00000000
69230,28.117,00000000
69240,28.005,00000000
69250,28.136,00000000
69260,27.956,00000000
69270,27.949,00000000
69280,27.977,00000000
69290,27.899,00000000
69300,27.698,00000000
69310,27.545,00000000
69320,27.299,00000000
69330,27.254,00000000
69340,27.160,00000000
69350,27.381,00000000
69360,27.458,00000000
69370,27.751,00000000
69380,27.744,00000000
69390,27.788,00000000
69400,27.984,00000000
69410,27.835,00000000
69420,27.905,00000000
69430,28.049,00000000
69440,28.091,00000000
69450,28.125,00000000
69460,28.090,00000000
69470,27.977,00000000
69480,27.986,00000000
69490,27.805,00000000
69500,27.805,00000000
69510,27.276,00000000
69520,27.202,00000000
69530,27.259,00000000
69540,27.377,00000000
69550,27.535,00000000
69560,27.512,00000000
69570,27.697,00000000
69580,27.777,00000000
69590,27.902,00000000
69600,28.004,00000000
69610,27.907,00000000
69620,28.174,00000000
69630,28.085,00000000
69640,28.047,00000000
69650,28.108,00000000
69660,27.926,00000000
69670,27.929,00000000
69680,27.878,00000000
69690,27.675,00000000
69700,27.478,00000000
69710,27.304,00000000
69720,27.178,00000000
69730,27.286,00000000
69740,27.396,00000000
69750,27.510,00000000
69760,27.721,00000000
69770,27.756,00000000
69780,27.974,00000000
69790,27.913,00000000
69800,27.919,00000000
69810,27.969,00000000
69820,28.108,00000000
69830,28.140,00000000
69840,28.023,00000000
69850,28.072,00000000
69860,27.865,00000000
69870,27.987,00000000
69880,27.646,00000000
69890,27.660,00000000
69900,27.426,00000000
69910,27.064,00000000
69920,27.325,00000000
69930,27.276,00000000
69940,27.604,00000000
69950,27.609,00000000
69960,27.718,00000000
69970,27.832,00000000
69980,27.933,00000000
69990,27.961,00000000
70000,27.959,00000000
70010,28.210,00000000
70020,28.176,00000000
70030,28.135,00000000
70040,28.069,00000000
70050,27.979,00000000
70060,28.006,00000000
70070,27.814,00000000
70080,27.588,00000000
70090,27.463,00000000
70100,27.112,00000000
70110,27.319,00000000
70120,27.334,00000000
70130,27.415,00000000
70140,27.566,00000000
70150,27.714,00000000
70160,27.803,00000000
70170,27.878,00000000
70180,27.849,00000000
70190,27.982,00000000
70200,28.245,00000000
70210,28.007,00000000
70220,28.051,00000000
70230,28.011,00000000
70240,28.029,00000000
70250,27.985,00000000
70260,27.715,00000000
70270,27.788,00000000
70280,27.503,00000000
70290,27.246,00000000
70300,27.271,00000000
70310,27.276,00000000
70320,27.576,00000000
70330,27.461,00000000
70340,27.592,00000000
70350,27.708,00000000
70360,27.722,00000000
70370,27.926,00000000
70380,27.980,00000000
70390,28.015,00000000
70400,28.100,00000000
70410,28.079,00000000
70420,28.206,00000000
70430,28.057,00000000
70440,27.922,00000000
70450,27.892,00000000
70460,27.732,00000000
70470,27.641,00000000
70480,27.398,00000000
70490,27.208,00000000
70500,27.261,00000000
70510,27.461,00000000
70520,27.578,00000000
70530,27.495,00000000
70540,27.747,00000000
70550,27.751,00000000
70560,27.820,00000000
70570,27.975,00000000
70580,27.784,00000000
70590,28.008,00000000
70600,28.111,00000000
70610,28.104,00000000
70620,28.106,00000000
70630,28.023,00000000
70640,27.988,00000000
70650,27.836,00000000
70660,27.720,00000000
70670,27.440,00000000
70680,27.243,00000000
70690,27.236,00000000
70700,27.398,00000000
70710,27.469,00000000
70720,27.532,00000000
70730,27.718,00000000
70740,27.841,00000000
70750,27.906,00000000
70760,27.745,00000000
70770,27.970,00000000
70780,28.004,00000000
70790,28.052,00000000
70800,28.116,00000000
70810,28.017,00000000
70820,28.074,00000000
70830,28.087,00000000
70840,27.790,00000000
70850,27.651,00000000
70860,27.473,00000000
70870,27.100,00000000
70880,27.304,00000000
70890,27.428,00000000
70900,27.424,00000000
70910,27.568,00000000
70920,27.713,00000000
70930,27.890,00000000
70940,27.927,00000000
70950,28.009,00000000
70960,27.951,00000000
70970,28.055,00000000
70980,28.212,00000000
70990,28.185,00000000
71000,28.020,00000000
71010,28.196,00000000
71020,28.019,00000000
71030,27.895,00000000
71040,27.794,00000000
71050,27.740,00000000
71060,27.269,00000000
71070,27.103,00000000
71080,27.320,00000000
71090,27.372,00000000
71100,27.619,00000000
71110,27.569,00000000
71120,27.698,00000000
71130,27.705,00000000
71140,27.775,00000000
71150,27.893,00000000
71160,27.932,00000000
71170,28.230,00000000
71180,28.126,00000000
71190,28.182,00000000
71200,27.944,00000000
71210,27.948,00000000
71220,28.070,00000000
71230,27.918,00000000
71240,27.646,00000000
71250,27.364,00000000
71260,27.209,00000000
71270,27.308,00000000
71280,27.413,00000000
71290,27.633,00000000
71300,27.525,00000000
71310,27.637,00000000
71320,27.798,00000000
71330,27.870,00000000
71340,28.035,00000000
71350,28.021,00000000
71360,27.972,00000000
71370,28.055,00000000
71380,28.059,00000000
71390,27.983,00000000
71400,27.938,00000000
71410,27.915,00000000
71420,27.964,00000000
71430,27.791,00000000
71440,27.412,00000000
71450,27.255,00000000
71460,27.178,00000000
71470,27.476,00000000
71480,27.548,00000000
71490,27.506,00000000
71500,27.664,00000000
71510,27.754,00000000
71520,27.773,00000000
71530,27.920,00000000
71540,28.018,00000000
71550,28.100,00000000
71560,28.097,00000000
71570,27.932,00000000
71580,28.035,00000000
71590,28.070,00000000
71600,27.989,00000000
71610,27.774,00000000
71620,27.836,00000000
71630,27.532,00000000
71640,27.344,00000000
71650,27.300,00000000
71660,27.270,00000000
71670,27.477,00000000
71680,27.553,00000000
71690,27.824,00000000
71700,27.786,00000000
71710,27.882,00000000
71720,27.927,00000000
71730,27.913,00000000
71740,28.178,00000000
71750,28.050,00000000
71760,28.144,00000000
71770,28.058,00000000
71780,28.035,00000000
71790,28.060,00000000
71800,27.882,00000000
71810,27.778,00000000
71820,27.489,00000000
71830,27.242,00000000
71840,27.326,00000000
71850,27.256,00000000
71860,27.569,00000000
71870,27.513,00000000
71880,27.587,00000000
71890,27.871,00000000
71900,27.704,00000000
71910,27.933,00000000
71920,27.954,00000000
71930,28.028,00000000
71940,28.131,00000000
71950,28.142,00000000
71960,28.015,00000000
71970,28.036,00000000
71980,27.996,00000000
71990,27.942,00000000
72000,27.719,00000000
72010,27.414,00000000
72020,27.330,00000000
72030,27.193,00000000
72040,27.380,00000000
72050,27.657,00000000
72060,27.488,00000000
72070,27.786,00000000
72080,27.675,00000000
72090,27.993,00000000
72100,27.819,00000000
72110,28.170,00000000
72120,27.906,00000000
72130,27.904,00000000
72140,28.257,00000000
72150,27.904,00000000
72160,28.154,00000000
72170,27.788,00000000
72180,27.759,00000000
72190,27.705,00000000
72200,27.588,00000000
72210,27.197,00000000
72220,27.453,00000000
72230,27.392,00000000
72240,27.552,00000000
72250,27.741,00000000
72260,27.694,00000000
72270,27.700,00000000
72280,27.907,00000000
72290,28.135,00000000
72300,27.899,00000000
72310,28.149,00000000
72320,27.985,00000000
72330,28.003,00000000
72340,28.149,00000000
72350,27.957,00000000
72360,27.949,00000000
72370,27.767,00000000
72380,27.781,00000000
72390,27.344,00000000
72400,27.293,00000000
72410,27.270,00000000
72420,27.426,00000000
72430,27.504,00000000
72440,27.701,00000000
72450,27.760,00000000
72460,27.813,00000000
72470,27.870,00000000
72480,27.962,00000000
72490,28.196,00000000
72500,28.006,00000000
72510,28.098,00000000
72520,27.885,00000000
72530,28.088,00000000
72540,28.048,00000000
72550,27.788,00000000
72560,27.590,00000000
72570,27.671,00000000
72580,27.440,00000000
72590,27.269,00000000
72600,27.487,00000000
72610,27.303,00000000
72620,27.626,00000000
72630,27.856,00000000
72640,27.912,00000000
72650,28.027,00000000
72660,27.774,00000000
72670,28.009,00000000
72680,27.926,00000000
72690,28.250,00000000
72700,28.010,00000000
72710,28.009,00000000
72720,28.096,00000000
72730,27.847,00000000
72740,27.936,00000000
72750,27.721,00000000
72760,27.446,00000000
72770,27.388,00000000
72780,27.202,00000000
72790,27.271,00000000
72800,27.504,00000000
72810,27.563,00000000
72820,27.622,00000000
72830,27.687,00000000
72840,27.864,00000000
72850,27.927,00000000
72860,27.927,00000000
72870,28.137,00000000
72880,27.924,00000000
72890,28.046,00000000
72900,28.142,00000000
72910,28.058,00000000
72920,28.120,00000000
72930,27.852,00000000
72940,27.839,00000000
72950,27.654,00000000
72960,27.313,00000000
72970,27.229,00000000
72980,27.307,00000000
72990,27.565,00000000
73000,27.639,00000000
73010,27.700,00000000
73020,27.789,00000000
73030,27.662,00000000
73040,27.925,00000000
73050,27.811,00000000
73060,27.976,00000000
73070,27.968,00000000
73080,27.992,00000000
73090,28.186,00000000
73100,28.109,00000000
73110,28.084,00000000
73120,27.959,00000000
73130,27.793,00000000
73140,27.786,00000000
73150,27.414,00000000
73160,27.298,00000000
73170,27.204,00000000
73180,27.409,00000000
73190,27.467,00000000
73200,27.608,00000000
73210,27.731,00000000
73220,27.680,00000000
73230,27.853,00000000
73240,27.993,00000000
73250,27.987,00000000
73260,27.989,00000000
73270,28.076,00000000
73280,28.023,00000000
73290,28.176,00000000
73300,27.988,00000000
73310,27.878,00000000
73320,27.975,00000000
73330,27.864,00000000
73340,27.541,00000000
73350,27.307,00000000
73360,27.190,00000000
73370,27.395,00000000
73380,27.521,00000000
73390,27.640,00000000
73400,27.709,00000000
73410,27.724,00000000
73420,27.751,00000000
73430,27.937,00000000
73440,28.004,00000000
73450,28.028,00000000
73460,28.162,00000000
73470,28.074,00000000
73480,28.228,00000000
73490,28.166,00000000
73500,27.990,00000000
73510,27.923,00000000
73520,27.757,00000000
73530,27.592,00000000
73540,27.485,00000000
73550,27.263,00000000
73560,27.271,00000000
73570,27.512,00000000
73580,27.631,00000000
73590,27.730,00000000
73600,27.774,00000000
73610,27.879,00000000
73620,27.877,00000000
73630,28.088,00000000
73640,28.046,00000000
73650,28.025,00000000
73660,27.969,00000000
73670,27.988,00000000
73680,28.012,00000000
73690,28.028,00000000
73700,27.944,00000000
73710,27.830,00000000
73720,27.732,00000000
73730,27.445,00000000
73740,27.234,00000000
73750,27.317,00000000
73760,27.352,00000000
73770,27.532,00000000
73780,27.710,00000000
73790,27.605,00000000
73800,27.901,00000000
73810,27.824,00000000
73820,28.007,00000000
73830,28.032,00000000
73840,28.094,00000000
73850,28.177,00000000
73860,28.131,00000000
73870,28.012,00000000
73880,28.126,00000000
73890,28.009,00000000
73900,27.912,00000000
73910,27.589,00000000
73920,27.494,00000000
73930,27.118,00000000
73940,27.362,00000000
73950,27.446,00000000
73960,27.360,00000000
73970,27.693,00000000
73980,27.709,00000000
73990,27.776,00000000
74000,27.901,00000000
74010,28.032,00000000
74020,28.213,00000000
74030,28.200,00000000
74040,28.233,00000000
74050,27.998,00000000
74060,27.981,00000000
74070,27.872,00000000
74080,27.976,00000000
74090,27.890,00000000
74100,27.669,00000000
74110,27.547,00000000
74120,27.077,00000000
74130,27.284,00000000
74140,27.456,00000000
74150,27.364,00000000
74160,27.546,00000000
74170,27.660,00000000
74180,27.810,00000000
74190,27.812,00000000
74200,27.866,00000000
74210,27.965,00000000
74220,28.102,00000000
74230,28.056,00000000
74240,28.266,00000000
74250,28.034,00000000
74260,28.018,00000000
74270,27.924,00000000
74280,27.929,00000000
74290,27.870,00000000
74300,27.544,00000000
74310,27.222,00000000
74320,27.174,00000000
74330,27.238,00000000
74340,27.455,00000000
74350,27.609,00000000
74360,27.730,00000000
74370,27.904,00000000
74380,27.782,00000000
74390,28.014,00000000
74400,28.004,00000000
74410,28.049,00000000
74420,28.020,00000000
74430,28.268,00000000
74440,27.953,00000000
74450,28.220,00000000
74460,27.947,00000000
74470,27.977,00000000
74480,27.869,00000000
74490,27.623,00000000
74500,27.352,00000000
74510,27.284,00000000
74520,27.396,00000000
74530,27.298,00000000
74540,27.546,00000000
74550,27.629,00000000
74560,27.658,00000000
74570,27.820,00000000
74580,27.813,00000000
74590,28.055,00000000
74600,28.120,00000000
74610,27.991,00000000
74620,28.303,00000000
74630,28.218,00000000
74640,28.243,00000000
74650,28.131,00000000
74660,27.914,00000000
74670,27.928,00000000
74680,27.687,00000000
74690,27.656,00000000
74700,27.183,00000000
74710,27.438,00000000
74720,27.186,00000000
74730,27.457,00000000
74740,27.692,00000000
74750,27.775,00000000
74760,27.786,00000000
74770,27.881,00000000
74780,27.898,00000000
74790,27.944,00000000
74800,28.098,00000000
74810,27.947,00000000
74820,28.185,00000000
74830,28.082,00000000
74840,28.029,00000000
74850,27.969,00000000
74860,27.861,00000000
74870,27.670,00000000
74880,27.505,00000000
74890,27.371,00000000
74900,27.227,00000000
74910,27.380,00000000
74920,27.351,00000000
74930,27.594,00000000
74940,27.679,00000000
74950,27.748,00000000
74960,27.868,00000000
74970,27.958,00000000
74980,28.033,00000000
74990,28.005,00000000
75000,28.132,00000000
75010,27.950,00000000
75020,27.970,00000000
75030,28.054,00000000
75040,28.034,00000000
75050,28.042,00000000
75060,27.859,00000000
75070,27.676,00000000
75080,27.422,00000000
75090,27.223,00000000
75100,27.349,00000000
75110,27.369,00000000
75120,27.685,00000000
75130,27.757,00000000
75140,27.850,00000000
75150,27.682,00000000
75160,27.651,00000000
75170,27.923,00000000
75180,27.995,00000000
75190,28.008,00000000
75200,28.092,00000000
75210,28.030,00000000
75220,28.085,00000000
75230,27.885,00000000
75240,27.894,00000000
75250,27.862,00000000
75260,27.602,00000000
75270,27.496,00000000
75280,27.102,00000000
75290,27.283,00000000
75300,27.441,00000000
75310,27.443,00000000
75320,27.684,00000000
75330,27.714,00000000
75340,27.699,00000000
75350,27.866,00000000
75360,27.904,00000000
75370,28.072,00000000
75380,28.198,00000000
75390,28.221,00000000
75400,28.109,00000000
75410,28.188,00000000
75420,27.956,00000000
75430,27.878,00000000
75440,27.876,00000000
75450,27.703,00000000
75460,27.531,00000000
75470,27.315,00000000
75480,27.147,00000000
75490,27.344,00000000
75500,27.486,00000000
75510,27.490,00000000
75520,27.750,00000000
75530,27.593,00000000
75540,27.835,00000000
75550,27.814,00000000
75560,28.056,00000000
75570,28.101,00000000
75580,28.074,00000000
75590,28.151,00000000
75600,28.090,00000000
75610,28.010,00000000
75620,28.157,00000000
75630,27.958,00000000
75640,27.934,00000000
75650,27.711,00000000
75660,27.367,00000000
75670,27.169,00000000
75680,27.352,00000000
75690,27.375,00000000
75700,27.389,00000000
75710,27.673,00000000
75720,27.703,00000000
75730,27.875,00000000
75740,27.872,00000000
75750,27.910,00000000
75760,28.027,00000000
75770,28.072,00000000
75780,28.011,00000000
75790,28.052,00000000
75800,28.237,00000000
75810,27.945,00000000
75820,28.006,00000000
75830,27.807,00000000
75840,27.609,00000000
75850,27.649,00000000
75860,27.175,00000000
75870,27.257,00000000
75880,27.315,00000000
75890,27.542,00000000
75900,27.535,00000000
75910,27.509,00000000
75920,27.841,00000000
75930,28.030,00000000
75940,28.118,00000000
75950,28.090,00000000
75960,28.118,00000000
75970,27.908,00000000
75980,27.969,00000000
75990,27.962,00000000
76000,27.975,00000000
76010,27.903,00000000
76020,27.900,00000000
76030,27.835,00000000
76040,27.498,00000000
76050,27.287,00000000
76060,27.130,00000000
76070,27.247,00000000
76080,27.627,00000000
76090,27.600,00000000
76100,27.675,00000000
76110,27.754,00000000
76120,27.883,00000000
76130,28.088,00000000
76140,27.827,00000000
76150,27.867,00000000
76160,27.990,00000000
76170,28.090,00000000
76180,28.154,00000000
76190,28.022,00000000
76200,27.827,00000000
76210,27.820,00000000
76220,27.772,00000000
76230,27.609,00000000
76240,27.348,00000000
76250,27.265,00000000
76260,27.269,00000000
76270,27.454,00000000
76280,27.538,00000000
76290,27.643,00000000
76300,27.672,00000000
76310,27.882,00000000
76320,27.837,00000000
76330,27.979,00000000
76340,27.962,00000000
76350,28.123,00000000
76360,28.052,00000000
76370,28.225,00000000
76380,28.009,00000000
76390,28.011,00000000
76400,27.957,00000000
76410,27.677,00000000
76420,27.753,00000000
76430,27.426,00000000
76440,27.188,00000000
76450,27.385,00000000
76460,27.413,00000000
76470,27.393,00000000
76480,27.469,00000000
76490,27.783,00000000
76500,27.872,00000000
76510,27.844,00000000
76520,27.985,00000000
76530,27.970,00000000
76540,28.058,00000000
76550,28.243,00000000
76560,28.042,00000000
76570,27.923,00000000
76580,28.029,00000000
76590,28.006,00000000
76600,27.952,00000000
76610,27.659,00000000
76620,27.427,00000000
76630,27.327,00000000
76640,27.251,00000000
76650,27.364,00000000
76660,27.471,00000000
76670,27.470,00000000
76680,27.599,00000000
76690,27.768,00000000
76700,27.954,00000000
76710,27.874,00000000
76720,27.993,00000000
76730,28.117,00000000
76740,28.002,00000000
76750,28.148,00000000
76760,28.086,00000000
76770,28.036,00000000
76780,28.031,00000000
76790,27.955,00000000
76800,27.946,00000000
76810,27.680,00000000
76820,27.408,00000000
76830,27.061,00000000
76840,27.364,00000000
76850,27.329,00000000
76860,27.620,00000000
76870,27.664,00000000
76880,27.639,00000000
76890,27.868,00000000
76900,27.940,00000000
76910,27.847,00000000
76920,27.970,00000000
76930,28.088,00000000
76940,28.036,00000000
76950,28.078,00000000
76960,28.157,00000000
76970,27.935,00000000
76980,27.889,00000000
76990,27.922,00000000
77000,27.603,00000000
77010,27.476,00000000
77020,27.294,00000000
77030,27.211,00000000
77040,27.345,00000000
77050,27.461,00000000
77060,27.555,00000000
77070,27.810,00000000
77080,27.649,00000000
77090,27.848,00000000
77100,27.950,00000000
77110,27.943,00000000
77120,28.218,00000000
77130,28.098,00000000
77140,28.147,00000000
77150,28.080,00000000
77160,27.995,00000000
77170,28.008,00000000
77180,27.876,00000000
77190,27.700,00000000
77200,27.517,00000000
77210,27.242,00000000
77220,27.201,00000000
77230,27.398,00000000
77240,27.444,00000000
77250,27.662,00000000
77260,27.593,00000000
77270,27.765,00000000
77280,27.874,00000000
77290,27.838,00000000
77300,28.014,00000000
77310,28.009,00000000
77320,28.047,00000000
77330,28.183,00000000
77340,28.066,00000000
77350,27.989,00000000
77360,27.900,00000000
77370,27.942,00000000
77380,27.763,00000000
77390,27.734,00000000
77400,27.495,00000000
77410,27.022,00000000
77420,27.236,00000000
77430,27.417,00000000
77440,27.396,00000000
77450,27.621,00000000
77460,27.691,00000000
77470,27.672,00000000
77480,27.920,00000000
77490,27.935,00000000
77500,27.981,00000000
77510,28.133,00000000
77520,28.057,00000000
77530,28.059,00000000
77540,28.001,00000000
77550,28.063,00000000
77560,27.901,00000000
77570,27.882,00000000
77580,27.813,00000000
77590,27.583,00000000
77600,27.344,00000000
77610,27.354,00000000
77620,27.312,00000000
77630,27.476,00000000
77640,27.623,00000000
77650,27.643,00000000
77660,27.745,00000000
77670,27.847,00000000
77680,27.990,00000000
77690,28.041,00000000
77700,27.934,00000000
77710,28.101,00000000
77720,28.018,00000000
77730,28.040,00000000
77740,28.029,00000000
77750,27.986,00000000
77760,27.944,00000000
77770,27.808,00000000
77780,27.638,00000000
77790,27.372,00000000
77800,27.264,00000000
77810,27.326,00000000
77820,27.439,00000000
77830,27.414,00000000
77840,27.711,00000000
77850,27.824,00000000
77860,27.961,00000000
77870,27.848,00000000
77880,28.027,00000000
77890,28.180,00000000
77900,28.056,00000000
77910,28.046,00000000
77920,28.002,00000000
77930,28.110,00000000
77940,28.087,00000000
77950,27.969,00000000
77960,27.798,00000000
77970,27.784,00000000
77980,27.466,00000000
77990,27.325,00000000
78000,27.259,00000000
78010,27.302,00000000
78020,27.443,00000000
78030,27.560,00000000
78040,27.635,00000000
78050,27.902,00000000
78060,27.857,00000000
78070,27.934,00000000
78080,28.056,00000000
78090,28.004,00000000
78100,28.184,00000000
78110,28.086,00000000
78120,28.038,00000000
78130,28.128,00000000
78140,28.135,00000000
78150,27.885,00000000
78160,27.764,00000000
78170,27.618,00000000
78180,27.415,00000000
78190,27.281,00000000
78200,27.266,00000000
78210,27.487,00000000
78220,27.554,00000000
78230,27.653,00000000
78240,27.858,00000000
78250,27.843,00000000
78260,27.862,00000000
78270,28.047,00000000
78280,27.953,00000000
78290,28.036,00000000
78300,28.165,00000000
78310,28.073,00000000
78320,28.148,00000000
78330,27.887,00000000
78340,27.815,00000000
78350,27.783,00000000
78360,27.476,00000000
78370,27.237,00000000
78380,27.272,00000000
78390,27.390,00000000
78400,27.475,00000000
78410,27.617,00000000
78420,27.644,00000000
78430,27.700,00000000
78440,27.896,00000000
78450,27.962,00000000
78460,28.020,00000000
78470,28.039,00000000
78480,28.082,00000000
78490,28.140,00000000
78500,28.120,00000000
78510,28.015,00000000
78520,28.058,00000000
78530,27.973,00000000
78540,27.744,00000000
78550,27.622,00000000
78560,27.385,00000000
78570,27.235,00000000
78580,27.273,00000000
78590,27.382,00000000
78600,27.643,00000000
78610,27.518,00000000
78620,27.762,00000000
78630,27.840,00000000
78640,27.934,00000000
78650,28.060,00000000
78660,27.989,00000000
78670,28.036,00000000
78680,28.123,00000000
78690,28.103,00000000
78700,28.141,00000000
78710,27.888,00000000
78720,28.057,00000000
78730,27.837,00000000
78740,27.564,00000000
78750,27.489,00000000
78760,27.014,00000000
78770,27.366,00000000
78780,27.313,00000000
78790,27.583,00000000
78800,27.536,00000000
78810,27.719,00000000
78820,27.775,00000000
78830,27.857,00000000
78840,28.211,00000000
78850,28.053,00000000
78860,28.053,00000000
78870,28.193,00000000
78880,28.114,00000000
78890,28.149,00000000
78900,27.882,00000000
78910,27.940,00000000
78920,27.841,00000000
78930,27.812,00000000
78940,27.459,00000000
78950,27.314,00000000
78960,27.210,00000000
78970,27.382,00000000
78980,27.553,00000000
78990,27.550,00000000
79000,27.778,00000000
79010,27.763,00000000
79020,27.822,00000000
79030,27.914,00000000
79040,28.032,00000000
79050,27.988,00000000
79060,27.993,00000000
79070,28.093,00000000
79080,28.126,00000000
79090,27.988,00000000
79100,28.043,00000000
79110,27.890,00000000
79120,27.819,00000000
79130,27.584,00000000
79140,27.317,00000000
79150,27.129,00000000
79160,27.416,00000000
79170,27.407,00000000
79180,27.463,00000000
79190,27.607,00000000
79200,27.711,00000000
79210,27.835,00000000
79220,27.926,00000000
79230,27.963,00000000
79240,28.038,00000000
79250,28.088,00000000
79260,28.067,00000000
79270,28.072,00000000
79280,28.104,00000000
79290,28.065,00000000
79300,27.974,00000000
79310,27.854,00000000
79320,27.674,00000000
79330,27.443,00000000
79340,27.254,00000000
79350,27.186,00000000
79360,27.319,00000000
79370,27.469,00000000
79380,27.588,00000000
79390,27.695,00000000
79400,27.817,00000000
79410,27.852,00000000
79420,27.950,00000000
79430,27.979,00000000
79440,27.939,00000000
79450,28.019,00000000
79460,28.007,00000000
79470,28.046,00000000
79480,28.065,00000000
79490,27.928,00000000
79500,27.871,00000000
79510,27.706,00000000
79520,27.660,00000000
79530,27.387,00000000
79540,27.131,00000000
79550,27.360,00000000
79560,27.362,00000000
79570,27.528,00000000
79580,27.686,00000000
79590,27.733,00000000
79600,27.745,00000000
79610,27.895,00000000
79620,27.979,00000000
79630,27.965,00000000
79640,28.058,00000000
79650,28.105,00000000
79660,28.052,00000000
79670,28.253,00000000
79680,27.967,00000000
79690,27.800,00000000
79700,27.883,00000000
79710,27.500,00000000
79720,27.478,00000000
79730,27.231,00000000
79740,27.272,00000000
79750,27.331,00000000
79760,27.519,00000000
79770,27.620,00000000
79780,27.795,00000000
79790,27.783,00000000
79800,27.861,00000000
79810,27.977,00000000
79820,27.910,00000000
79830,28.106,00000000
79840,28.067,00000000
79850,28.056,00000000
79860,28.134,00000000
79870,28.008,00000000
79880,27.979,00000000
79890,27.810,00000000
79900,27.634,00000000
79910,27.432,00000000
79920,27.338,00000000
79930,27.283,00000000
79940,27.362,00000000
79950,27.536,00000000
79960,27.562,00000000
79970,27.632,00000000
79980,27.690,00000000
79990,27.815,00000000
80000,27.956,00000000
80010,28.087,00000000
80020,28.207,00000000
80030,28.142,00000000
80040,28.160,00000000
80050,28.083,00000000
80060,28.134,00000000
80070,27.951,00000000
80080,27.841,00000000
80090,27.676,00000000
80100,27.457,00000000
80110,27.405,00000000
80120,27.234,00000000
80130,27.241,00000000
80140,27.304,00000000
80150,27.541,00000000
80160,27.613,00000000
80170,27.846,00000000
80180,27.751,00000000
80190,27.828,00000000
80200,28.049,00000000
80210,28.070,00000000
80220,28.029,00000000
80230,28.049,00000000
80240,28.138,00000000
80250,28.001,00000000
80260,28.074,00000000
80270,28.089,00000000
80280,27.868,00000000
80290,27.644,00000000
80300,27.425,00000000
80310,27.140,00000000
80320,27.277,00000000
80330,27.297,00000000
80340,27.569,00000000
80350,27.658,00000000
80360,27.606,00000000
80370,27.820,00000000
80380,27.854,00000000
80390,27.837,00000000
80400,27.840,00000000
80410,27.985,00000000
80420,28.168,00000000
80430,28.116,00000000
80440,28.083,00000000
80450,28.014,00000000
80460,27.931,00000000
80470,27.923,00000000
80480,27.809,00000000
80490,27.710,00000000
80500,27.325,00000000
80510,27.186,00000000
80520,27.309,00000000
80530,27.319,00000000
80540,27.515,00000000
80550,27.623,00000000
80560,27.721,00000000
80570,27.720,00000000
80580,27.772,00000000
80590,27.952,00000000
80600,28.034,00000000
80610,28.013,00000000
80620,28.101,00000000
80630,28.022,00000000
80640,28.172,00000000
80650,27.980,00000000
80660,27.896,00000000
80670,27.956,00000000
80680,27.674,00000000
80690,27.538,00000000
80700,27.192,00000000
80710,27.187,00000000
80720,27.375,00000000
80730,27.437,00000000
80740,27.572,00000000
80750,27.756,00000000
80760,27.716,00000000
80770,27.921,00000000
80780,27.874,00000000
80790,27.940,00000000
80800,28.009,00000000
80810,28.053,00000000
80820,28.096,00000000
80830,28.055,00000000
80840,28.136,00000000
80850,28.079,00000000
80860,27.890,00000000
80870,27.658,00000000
80880,27.535,00000000
80890,27.260,00000000
80900,27.274,00000000
80910,27.354,00000000
80920,27.469,00000000
80930,27.631,00000000
80940,27.803,00000000
80950,27.805,00000000
80960,27.866,00000000
80970,27.941,00000000
80980,28.020,00000000
80990,28.072,00000000
81000,28.030,00000000
81010,27.906,00000000
81020,28.048,00000000
81030,28.137,00000000
81040,28.029,00000000
81050,28.022,00000000
81060,27.765,00000000
81070,27.638,00000000
81080,27.423,00000000
81090,27.173,00000000
81100,27.276,00000000
81110,27.478,00000000
81120,27.663,00000000
81130,27.741,00000000
81140,27.850,00000000
81150,27.781,00000000
81160,27.863,00000000
81170,27.914,00000000
81180,28.096,00000000
81190,28.072,00000000
81200,28.039,00000000
81210,28.023,00000000
81220,28.155,00000000
81230,28.017,00000000
81240,28.106,00000000
81250,27.902,00000000
81260,27.736,00000000
81270,27.364,00000000
81280,27.434,00000000
81290,27.218,00000000
81300,27.460,00000000
81310,27.547,00000000
81320,27.473,00000000
81330,27.667,00000000
81340,27.770,00000000
81350,27.902,00000000
81360,27.955,00000000
81370,27.969,00000000
81380,28.068,00000000
81390,28.084,00000000
81400,28.162,00000000
81410,28.059,00000000
81420,28.011,00000000
81430,27.993,00000000
81440,27.968,00000000
81450,27.750,00000000
81460,27.624,00000000
81470,27.346,00000000
81480,27.183,00000000
81490,27.257,00000000
81500,27.406,00000000
81510,27.710,00000000
81520,27.687,00000000
81530,27.743,00000000
81540,27.732,00000000
81550,27.966,00000000
81560,27.938,00000000
81570,27.949,00000000
81580,27.984,00000000
81590,27.967,00000000
81600,28.057,00000000
81610,28.161,00000000
81620,28.146,00000000
81630,27.903,00000000
81640,27.843,00000000
81650,27.605,00000000
81660,27.459,00000000
81670,27.529,00000000
81680,27.216,00000000
81690,27.343,00000000
81700,27.535,00000000
81710,27.568,00000000
81720,27.817,00000000
81730,27.727,00000000
81740,27.774,00000000
81750,27.956,00000000
81760,28.025,00000000
81770,28.092,00000000
81780,28.188,00000000
81790,28.207,00000000
81800,28.097,00000000
81810,28.164,00000000
81820,28.150,00000000
81830,27.829,00000000
81840,27.620,00000000
81850,27.629,00000000
81860,27.416,00000000
81870,27.239,00000000
81880,27.278,00000000
81890,27.535,00000000
81900,27.524,00000000
81910,27.581,00000000
81920,27.860,00000000
81930,27.747,00000000
81940,27.920,00000000
81950,28.027,00000000
81960,28.026,00000000
81970,28.127,00000000
81980,28.041,00000000
81990,28.104,00000000
82000,27.931,00000000
82010,28.114,00000000
82020,27.998,00000000
82030,27.698,00000000
82040,27.593,00000000
82050,27.553,00000000
82060,27.368,00000000
82070,27.269,00000000
82080,27.297,00000000
82090,27.553,00000000
82100,27.547,00000000
82110,27.808,00000000
82120,27.898,00000000
82130,27.854,00000000
82140,27.901,00000000
82150,27.986,00000000
82160,28.064,00000000
82170,28.208,00000000
82180,28.047,00000000
82190,28.080,00000000
82200,28.020,00000000
82210,27.919,00000000
82220,27.985,00000000
82230,27.775,00000000
82240,27.574,00000000
82250,27.375,00000000
82260,27.135,00000000
82270,27.256,00000000
82280,27.422,00000000
82290,27.430,00000000
82300,27.686,00000000
82310,27.681,00000000
82320,27.822,00000000
82330,28.008,00000000
82340,27.907,00000000
82350,27.944,00000000
82360,28.022,00000000
82370,28.081,00000000
82380,28.223,00000000
82390,28.063,00000000
82400,27.969,00000000
82410,27.942,00000000
82420,27.956,00000000
82430,27.793,00000000
82440,27.503,00000000
82450,27.106,00000000
82460,27.196,00000000
82470,27.467,00000000
82480,27.470,00000000
82490,27.603,00000000
82500,27.488,00000000
82510,27.769,00000000
82520,27.995,00000000
82530,27.962,00000000
82540,27.945,00000000
82550,28.059,00000000
82560,27.966,00000000
82570,28.109,00000000
82580,28.167,00000000
82590,27.982,00000000
82600,27.950,00000000
82610,28.004,00000000
82620,27.746,00000000
82630,27.570,00000000
82640,27.459,00000000
82650,27.149,00000000
82660,27.367,00000000
82670,27.432,00000000
82680,27.532,00000000
82690,27.696,00000000
82700,27.633,00000000
82710,27.730,00000000
82720,27.882,00000000
82730,27.849,00000000
82740,28.035,00000000
82750,28.152,00000000
82760,28.060,00000000
82770,28.255,00000000
82780,28.156,00000000
82790,28.017,00000000
82800,28.064,00000000
82810,27.832,00000000
82820,27.762,00000000
82830,27.641,00000000
82840,27.332,00000000
82850,27.140,00000000
82860,27.254,00000000
82870,27.301,00000000
82880,27.579,00000000
82890,27.797,00000000
82900,27.552,00000000
82910,27.692,00000000
82920,28.114,00000000
82930,28.029,00000000
82940,28.001,00000000
82950,28.021,00000000
82960,28.077,00000000
82970,28.074,00000000
82980,28.140,00000000
82990,28.041,00000000
83000,27.992,00000000
83010,27.910,00000000
83020,27.640,00000000
83030,27.557,00000000
83040,27.310,00000000
83050,27.302,00000000
83060,27.360,00000000
83070,27.486,00000000
83080,27.537,00000000
83090,27.563,00000000
83100,27.842,00000000
83110,27.731,00000000
83120,27.881,00000000
83130,28.100,00000000
83140,28.111,00000000
83150,28.136,00000000
83160,28.064,00000000
83170,28.082,00000000
83180,28.096,00000000
83190,28.022,00000000
83200,28.025,00000000
83210,27.721,00000000
83220,27.526,00000000
83230,27.065,00000000
83240,27.347,00000000
83250,27.415,00000000
83260,27.474,00000000
83270,27.398,00000000
83280,27.617,00000000
83290,27.720,00000000
83300,27.970,00000000
83310,28.106,00000000
83320,28.117,00000000
83330,27.976,00000000
83340,28.182,00000000
83350,28.184,00000000
83360,28.064,00000000
83370,27.976,00000000
83380,27.866,00000000
83390,27.886,00000000
83400,27.898,00000000
83410,27.556,00000000
83420,27.436,00000000
83430,27.266,00000000
83440,27.295,00000000
83450,27.294,00000000
83460,27.396,00000000
83470,27.631,00000000
83480,27.744,00000000
83490,27.892,00000000
83500,27.829,00000000
83510,27.914,00000000
83520,27.994,00000000
83530,28.015,00000000
83540,28.071,00000000
83550,28.125,00000000
83560,28.012,00000000
83570,27.993,00000000
83580,27.936,00000000
83590,27.765,00000000
83600,27.734,00000000
83610,27.526,00000000
83620,27.198,00000000
83630,27.349,00000000
83640,27.498,00000000
83650,27.494,00000000
83660,27.525,00000000
83670,27.771,00000000
83680,27.766,00000000
83690,27.783,00000000
83700,28.011,00000000
83710,27.956,00000000
83720,28.056,00000000
83730,28.143,00000000
83740,28.183,00000000
83750,28.082,00000000
83760,28.184,00000000
83770,27.952,00000000
83780,27.874,00000000
83790,27.844,00000000
83800,27.705,00000000
83810,27.378,00000000
83820,27.109,00000000
83830,27.261,00000000
83840,27.449,00000000
83850,27.646,00000000
83860,27.512,00000000
83870,27.687,00000000
83880,27.752,00000000
83890,27.910,00000000
83900,27.896,00000000
83910,27.991,00000000
83920,28.132,00000000
83930,28.042,00000000
83940,28.143,00000000
83950,27.970,00000000
83960,28.037,00000000
83970,27.965,00000000
83980,27.959,00000000
83990,27.693,00000000
84000,27.497,00000000
84010,27.208,00000000
84020,27.177,00000000
84030,27.356,00000000
84040,27.509,00000000
84050,27.616,00000000
84060,27.799,00000000
84070,27.800,00000000
84080,27.778,00000000
84090,28.065,00000000
84100,28.033,00000000
84110,28.165,00000000
84120,28.015,00000000
84130,27.977,00000000
84140,28.072,00000000
84150,28.032,00000000
84160,27.906,00000000
84170,27.978,00000000
84180,27.803,00000000
84190,27.472,00000000
84200,27.223,00000000
84210,27.118,00000000
84220,27.352,00000000
84230,27.491,00000000
84240,27.569,00000000
84250,27.608,00000000
84260,27.824,00000000
84270,27.743,00000000
84280,27.875,00000000
84290,27.972,00000000
84300,27.906,00000000
84310,28.116,00000000
84320,28.161,00000000
84330,27.993,00000000
84340,28.045,00000000
84350,27.963,00000000
84360,27.850,00000000
84370,27.860,00000000
84380,27.690,00000000
84390,27.399,00000000
84400,27.286,00000000
84410,27.123,00000000
84420,27.377,00000000
84430,27.618,00000000
84440,27.643,00000000
84450,27.659,00000000
84460,27.843,00000000
84470,27.839,00000000
84480,28.022,00000000
84490,27.970,00000000
84500,27.961,00000000
84510,28.120,00000000
84520,28.166,00000000
84530,28.186,00000000
84540,28.020,00000000
84550,27.935,00000000
84560,27.973,00000000
84570,27.773,00000000
84580,27.652,00000000
84590,27.537,00000000
84600,27.167,00000000
84610,27.373,00000000
84620,27.354,00000000
84630,27.486,00000000
84640,27.654,00000000
84650,27.694,00000000
84660,27.742,00000000
84670,27.826,00000000
84680,28.020,00000000
84690,28.084,00000000
84700,27.953,00000000
84710,28.067,00000000
84720,28.082,00000000
84730,28.141,00000000
84740,27.956,00000000
84750,27.968,00000000
84760,27.848,00000000
84770,27.814,00000000
84780,27.745,00000000
84790,27.203,00000000
84800,27.389,00000000
84810,27.232,00000000
84820,27.464,00000000
84830,27.569,00000000
84840,27.628,00000000
84850,27.760,00000000
84860,27.845,00000000
84870,27.851,00000000
84880,28.002,00000000
84890,28.124,00000000
84900,28.035,00000000
84910,28.087,00000000
84920,28.069,00000000
84930,28.170,00000000
84940,27.897,00000000
84950,27.910,00000000
84960,27.790,00000000
84970,27.697,00000000
84980,27.257,00000000
84990,26.988,00000000
85000,27.165,00000000
85010,27.361,00000000
85020,27.584,00000000
85030,27.522,00000000
85040,27.579,00000000
85050,27.687,00000000
85060,27.798,00000000
85070,28.032,00000000
85080,27.966,00000000
85090,28.000,00000000
85100,28.157,00000000
85110,28.208,00000000
85120,28.169,00000000
85130,28.177,00000000
85140,27.987,00000000
85150,27.898,00000000
85160,27.897,00000000
85170,27.837,00000000
85180,27.453,00000000
85190,26.919,00000000
85200,27.186,00000000
85210,27.278,00000000
85220,27.497,00000000
85230,27.777,00000000
85240,27.750,00000000
85250,27.892,00000000
85260,27.946,00000000
85270,27.933,00000000
85280,28.007,00000000
85290,27.922,00000000
85300,28.100,00000000
85310,28.117,00000000
85320,28.010,00000000
85330,27.899,00000000
85340,27.874,00000000
85350,27.885,00000000
85360,27.607,00000000
85370,27.310,00000000
85380,27.168,00000000
85390,27.290,00000000
85400,27.387,00000000
85410,27.465,00000000
85420,27.754,00000000
85430,27.634,00000000
85440,27.793,00000000
85450,27.935,00000000
85460,27.833,00000000
85470,28.104,00000000
85480,28.085,00000000
85490,28.007,00000000
85500,28.119,00000000
85510,28.002,00000000
85520,27.986,00000000
85530,28.032,00000000
85540,27.891,00000000
85550,27.693,00000000
85560,27.516,00000000
85570,27.359,00000000
85580,27.182,00000000
85590,27.318,00000000
85600,27.373,00000000
85610,27.623,00000000
85620,27.713,00000000
85630,27.810,00000000
85640,27.832,00000000
85650,28.011,00000000
85660,27.784,00000000
85670,28.211,00000000
85680,27.991,00000000
85690,28.039,00000000
85700,28.082,00000000
85710,28.056,00000000
85720,27.838,00000000
85730,27.802,00000000
85740,27.809,00000000
85750,27.481,00000000
85760,27.393,00000000
85770,27.179,00000000
85780,27.358,00000000
85790,27.501,00000000
85800,27.470,00000000
85810,27.683,00000000
85820,27.704,00000000
85830,27.763,00000000
85840,27.896,00000000
85850,27.983,00000000
85860,28.025,00000000
85870,28.186,00000000
85880,27.974,00000000
85890,28.096,00000000
85900,28.232,00000000
85910,27.953,00000000
85920,27.917,00000000
85930,27.806,00000000
85940,27.678,00000000
85950,27.209,00000000
85960,27.198,00000000
85970,27.383,00000000
85980,27.535,00000000
85990,27.438,00000000
86000,27.550,00000000
86010,27.634,00000000
86020,27.800,00000000
86030,27.885,00000000
86040,27.956,00000000
86050,28.000,00000000
86060,28.017,00000000
86070,28.055,00000000
86080,28.089,00000000
86090,27.958,00000000
86100,28.143,00000000
86110,28.115,00000000
86120,27.952,00000000
86130,27.723,00000000
86140,27.545,00000000
86150,27.379,00000000
86160,27.294,00000000
86170,27.261,00000000
86180,27.379,00000000
86190,27.502,00000000
86200,27.715,00000000
86210,27.748,00000000
86220,27.767,00000000
86230,27.949,00000000
86240,27.973,00000000
86250,28.208,00000000
86260,28.026,00000000
86270,28.115,00000000
86280,28.027,00000000
86290,27.991,00000000
86300,28.127,00000000
86310,27.814,00000000
86320,27.759,00000000
86330,27.660,00000000
86340,27.422,00000000
86350,27.127,00000000
86360,27.286,00000000
86370,27.435,00000000
86380,27.708,00000000
86390,27.709,00000000
86400,27.761,00000000
86410,27.917,00000000
86420,27.845,00000000
86430,27.816,00000000
86440,27.922,00000000
86450,27.989,00000000
86460,28.085,00000000
86470,28.062,00000000
86480,28.061,00000000
86490,28.101,00000000
86500,28.059,00000000
86510,27.796,00000000
86520,27.757,00000000
86530,27.636,00000000
86540,27.248,00000000
86550,27.203,00000000
86560,27.336,00000000
86570,27.473,00000000
86580,27.525,00000000
86590,27.602,00000000
86600,27.667,00000000
86610,27.760,00000000
86620,27.882,00000000
86630,27.987,00000000
86640,28.037,00000000
86650,28.057,00000000
86660,28.130,00000000
86670,28.096,00000000
86680,28.147,00000000
86690,27.934,00000000
86700,28.183,00000000
86710,28.050,00000000
86720,27.749,00000000
86730,27.418,00000000
86740,27.039,00000000
86750,27.303,00000000
86760,27.411,00000000
86770,27.525,00000000
86780,27.557,00000000
86790,27.807,00000000
86800,27.765,00000000
86810,27.933,00000000
86820,27.908,00000000
86830,27.926,00000000
86840,28.140,00000000
86850,28.013,00000000
86860,28.119,00000000
86870,28.018,00000000
86880,28.031,00000000
86890,28.021,00000000
86900,27.866,00000000
86910,27.613,00000000
86920,27.548,00000000
86930,27.193,00000000
86940,27.369,00000000
86950,27.423,00000000
86960,27.599,00000000
86970,27.532,00000000
86980,27.641,00000000
86990,27.760,00000000
87000,27.854,00000000
87010,27.938,00000000
87020,27.902,00000000
87030,28.196,00000000
87040,28.000,00000000
87050,28.072,00000000
87060,28.138,00000000
87070,28.147,00000000
87080,27.958,00000000
87090,27.776,00000000
87100,27.713,00000000
87110,27.509,00000000
87120,27.401,00000000
87130,27.078,00000000
87140,27.304,00000000
87150,27.376,00000000
87160,27.519,00000000
87170,27.527,00000000
87180,27.790,00000000
87190,27.802,00000000
87200,28.009,00000000
87210,27.970,00000000
87220,28.015,00000000
87230,28.021,00000000
87240,28.139,00000000
87250,28.128,00000000
87260,28.093,00000000
87270,28.004,00000000
87280,28.119,00000000
87290,27.798,00000000
87300,27.649,00000000
87310,27.555,00000000
87320,27.215,00000000
87330,27.201,00000000
87340,27.461,00000000
87350,27.479,00000000
87360,27.427,00000000
87370,27.588,00000000
87380,27.764,00000000
87390,27.924,00000000
87400,27.894,00000000
87410,28.012,00000000
87420,28.086,00000000
87430,28.119,00000000
87440,28.008,00000000
87450,28.117,00000000
87460,28.047,00000000
87470,28.005,00000000
87480,27.933,00000000
87490,27.879,00000000
87500,27.621,00000000
87510,27.412,00000000
87520,27.221,00000000
87530,27.270,00000000
87540,27.409,00000000
87550,27.341,00000000
87560,27.644,00000000
87570,27.743,00000000
87580,27.727,00000000
87590,27.835,00000000
87600,28.006,00000000
87610,28.031,00000000
87620,28.056,00000000
87630,28.029,00000000
87640,28.131,00000000
87650,28.110,00000000
87660,27.961,00000000
87670,28.029,00000000
87680,27.975,00000000
87690,27.775,00000000
87700,27.820,00000000
87710,27.368,00000000
87720,27.114,00000000
87730,27.215,00000000
87740,27.419,00000000
87750,27.590,00000000
87760,27.616,00000000
87770,27.616,00000000
87780,27.697,00000000
87790,27.857,00000000
87800,27.997,00000000
87810,27.895,00000000
87820,27.991,00000000
87830,28.103,00000000
87840,28.072,00000000
87850,28.016,00000000
87860,28.131,00000000
87870,27.822,00000000
87880,27.962,00000000
87890,27.731,00000000
87900,27.574,00000000
87910,27.235,00000000
87920,27.302,00000000
87930,27.384,00000000
87940,27.472,00000000
87950,27.658,00000000
87960,27.689,00000000
87970,27.725,00000000
87980,27.901,00000000
87990,27.721,00000000
88000,27.876,00000000
88010,27.986,00000000
88020,27.993,00000000
88030,28.208,00000000
88040,28.121,00000000
88050,27.976,00000000
88060,28.014,00000000
88070,27.962,00000000
88080,27.768,00000000
88090,27.771,00000000
88100,27.373,00000000
88110,27.133,00000000
88120,27.352,00000000
88130,27.243,00000000
88140,27.430,00000000
88150,27.618,00000000
88160,27.645,00000000
88170,27.834,00000000
88180,27.868,00000000
88190,27.952,00000000
88200,28.068,00000000
88210,28.008,00000000
88220,28.057,00000000
88230,27.992,00000000
88240,27.972,00000000
88250,28.100,00000000
88260,27.966,00000000
88270,27.966,00000000
88280,27.791,00000000
88290,27.736,00000000
88300,27.349,00000000
88310,27.137,00000000
88320,27.329,00000000
88330,27.335,00000000
88340,27.385,00000000
88350,27.611,00000000
88360,27.603,00000000
88370,27.823,00000000
88380,27.813,00000000
88390,27.927,00000000
88400,28.078,00000000
88410,28.060,00000000
88420,28.158,00000000
88430,28.078,00000000
88440,28.168,00000000
88450,28.018,00000000
88460,27.925,00000000
88470,27.881,00000000
88480,27.933,00000000
88490,27.615,00000000
88500,27.447,00000000
88510,27.229,00000000
88520,27.367,00000000
88530,27.460,00000000
88540,27.392,00000000
88550,27.671,00000000
88560,27.624,00000000
88570,27.765,00000000
88580,27.941,00000000
88590,27.883,00000000
88600,27.997,00000000
88610,28.060,00000000
88620,28.108,00000000
88630,28.213,00000000
88640,27.941,00000000
88650,28.065,00000000
88660,27.968,00000000
88670,27.870,00000000
88680,27.741,00000000
88690,27.593,00000000
88700,27.489,00000000
88710,27.309,00000000
88720,27.316,00000000
88730,27.323,00000000
88740,27.509,00000000
88750,27.733,00000000
88760,27.771,00000000
88770,27.786,00000000
88780,28.004,00000000
88790,27.903,00000000
88800,28.012,00000000
88810,27.960,00000000
88820,28.179,00000000
88830,28.164,00000000
88840,27.987,00000000
88850,28.106,00000000
88860,27.936,00000000
88870,27.957,00000000
88880,27.572,00000000
88890,27.535,00000000
88900,27.297,00000000
88910,27.347,00000000
88920,27.247,00000000
88930,27.455,00000000
88940,27.672,00000000
88950,27.627,00000000
88960,27.751,00000000
88970,27.835,00000000
88980,27.830,00000000
88990,27.990,00000000
89000,27.965,00000000
89010,27.900,00000000
89020,28.032,00000000
89030,27.956,00000000
89040,28.198,00000000
89050,28.022,00000000
89060,27.777,00000000
89070,27.846,00000000
89080,27.605,00000000
89090,27.539,00000000
89100,27.318,00000000
89110,27.339,00000000
89120,27.435,00000000
89130,27.497,00000000
89140,27.372,00000000
89150,27.529,00000000
89160,27.731,00000000
89170,27.898,00000000
89180,27.834,00000000
89190,28.025,00000000
89200,28.120,00000000
89210,28.052,00000000
89220,28.072,00000000
89230,28.141,00000000
89240,28.032,00000000
89250,28.085,00000000
89260,27.902,00000000
89270,27.822,00000000
89280,27.551,00000000
89290,27.380,00000000
89300,27.129,00000000
89310,27.339,00000000
89320,27.383,00000000
89330,27.298,00000000
89340,27.638,00000000
89350,27.633,00000000
89360,27.801,00000000
89370,27.858,00000000
89380,27.932,00000000
89390,28.108,00000000
89400,28.187,00000000
89410,28.009,00000000
89420,28.110,00000000
89430,28.077,00000000
89440,28.048,00000000
89450,27.996,00000000
89460,27.808,00000000
89470,27.756,00000000
89480,27.652,00000000
89490,27.420,00000000
89500,27.121,00000000
89510,27.322,00000000
89520,27.271,00000000
89530,27.547,00000000
89540,27.689,00000000
89550,27.663,00000000
89560,27.730,00000000
89570,27.919,00000000
89580,27.921,00000000
89590,28.180,00000000
89600,28.044,00000000
89610,27.997,00000000
89620,28.183,00000000
89630,28.140,00000000
89640,27.901,00000000
89650,28.051,00000000
89660,27.821,00000000
89670,27.677,00000000
89680,27.572,00000000
89690,27.261,00000000
89700,27.310,00000000
89710,27.309,00000000
89720,27.375,00000000
89730,27.445,00000000
89740,27.551,00000000
89750,27.756,00000000
89760,27.890,00000000
89770,27.873,00000000
89780,28.002,00000000
89790,28.224,00000000
89800,28.227,00000000
89810,28.177,00000000
89820,28.006,00000000
89830,28.167,00000000
89840,27.958,00000000
89850,27.985,00000000
89860,27.678,00000000
89870,27.589,00000000
89880,27.385,00000000
89890,27.190,00000000
89900,27.296,00000000
89910,27.376,00000000
89920,27.390,00000000
89930,27.683,00000000
89940,27.802,00000000
89950,27.753,00000000
89960,27.884,00000000
89970,27.945,00000000
89980,27.997,00000000
89990,27.984,00000000
90000,28.119,00000000
90010,28.055,00000000
90020,28.239,00000000
90030,28.163,00000000
90040,28.107,00000000
90050,27.958,00000000
90060,27.800,00000000
90070,27.562,00000000
90080,27.427,00000000
90090,27.089,00000000
90100,27.306,00000000
90110,27.376,00000000
90120,27.564,00000000
90130,27.666,00000000
90140,27.614,00000000
90150,27.776,00000000
90160,27.885,00000000
90170,27.949,00000000
90180,27.942,00000000
90190,28.094,00000000
90200,28.072,00000000
90210,28.190,00000000
90220,27.970,00000000
90230,28.006,00000000
90240,27.918,00000000
90250,27.806,00000000
90260,27.746,00000000
90270,27.606,00000000
90280,27.099,00000000
90290,27.163,00000000
90300,27.379,00000000
90310,27.424,00000000
90320,27.462,00000000
90330,27.748,00000000
90340,27.818,00000000
90350,27.931,00000000
90360,27.822,00000000
90370,27.936,00000000
90380,28.009,00000000
90390,28.131,00000000
90400,28.116,00000000
90410,28.205,00000000
90420,28.189,00000000
90430,28.105,00000000
90440,27.933,00000000
90450,27.852,00000000
90460,27.434,00000000
90470,27.362,00000000
90480,26.958,00000000
90490,27.372,00000000
90500,27.360,00000000
90510,27.503,00000000
90520,27.738,00000000
90530,27.717,00000000
90540,27.744,00000000
90550,27.827,00000000
90560,27.910,00000000
90570,28.003,00000000
90580,28.091,00000000
90590,28.151,00000000
90600,28.078,00000000
90610,27.949,00000000
90620,27.978,00000000
90630,27.836,00000000
90640,27.843,00000000
90650,27.609,00000000
90660,27.462,00000000
90670,27.075,00000000
90680,27.235,00000000
90690,27.485,00000000
90700,27.527,00000000
90710,27.733,00000000
90720,27.625,00000000
90730,27.747,00000000
90740,27.944,00000000
90750,27.887,00000000
90760,28.111,00000000
90770,27.984,00000000
90780,28.152,00000000
90790,28.122,00000000
90800,27.898,00000000
90810,27.959,00000000
90820,27.936,00000000
90830,27.892,00000000
90840,27.553,00000000
90850,27.395,00000000
90860,27.214,00000000
90870,27.235,00000000
90880,27.364,00000000
90890,27.707,00000000
90900,27.809,00000000
90910,27.882,00000000
90920,27.898,00000000
90930,27.645,00000000
90940,27.881,00000000
90950,27.826,00000000
90960,27.996,00000000
90970,27.959,00000000
90980,28.061,00000000
90990,28.212,00000000
91000,27.986,00000000
91010,27.851,00000000
91020,27.820,00000000
91030,27.633,00000000
91040,27.331,00000000
91050,27.117,00000000
91060,27.248,00000000
91070,27.364,00000000
91080,27.442,00000000
91090,27.634,00000000
91100,27.671,00000000
91110,27.696,00000000
91120,27.859,00000000
91130,27.737,00000000
91140,28.026,00000000
91150,28.050,00000000
91160,27.995,00000000
91170,28.102,00000000
91180,27.988,00000000
91190,28.070,00000000
91200,27.966,00000000
91210,27.798,00000000
91220,27.571,00000000
91230,27.455,00000000
91240,27.110,00000000
91250,27.281,00000000
91260,27.441,00000000
91270,27.461,00000000
91280,27.691,00000000
91290,27.583,00000000
91300,27.771,00000000
91310,27.941,00000000
91320,27.909,00000000
91330,28.051,00000000
91340,28.100,00000000
91350,28.027,00000000
91360,27.952,00000000
91370,28.126,00000000
91380,28.000,00000000
91390,27.913,00000000
91400,28.020,00000000
91410,27.779,00000000
91420,27.537,00000000
91430,27.215,00000000
91440,27.069,00000000
91450,27.367,00000000
91460,27.566,00000000
91470,27.665,00000000
91480,27.502,00000000
91490,27.816,00000000
91500,28.138,00000000
91510,27.867,00000000
91520,28.057,00000000
91530,28.000,00000000
91540,28.284,00000000
91550,28.084,00000000
91560,28.163,00000000
91570,28.075,00000000
91580,27.871,00000000
91590,27.840,00000000
91600,27.672,00000000
91610,27.421,00000000
91620,27.346,00000000
91630,27.255,00000000
91640,27.273,00000000
91650,27.485,00000000
91660,27.539,00000000
91670,27.778,00000000
91680,27.832,00000000
91690,27.762,00000000
91700,27.980,00000000
91710,27.937,00000000
91720,28.024,00000000
91730,27.887,00000000
91740,28.059,00000000
91750,28.204,00000000
91760,28.053,00000000
91770,27.970,00000000
91780,27.979,00000000
91790,27.893,00000000
91800,27.689,00000000
91810,27.391,00000000
91820,27.231,00000000
91830,27.205,00000000
91840,27.454,00000000
91850,27.402,00000000
91860,27.534,00000000
91870,27.627,00000000
91880,27.767,00000000
91890,27.768,00000000
91900,27.876,00000000
91910,27.944,00000000
91920,28.078,00000000
91930,28.112,00000000
91940,28.248,00000000
91950,28.160,00000000
91960,28.236,00000000
91970,28.037,00000000
91980,28.001,00000000
91990,27.724,00000000
92000,27.671,00000000
92010,27.528,00000000
92020,27.061,00000000
92030,27.278,00000000
92040,27.486,00000000
92050,27.535,00000000
92060,27.374,00000000
92070,27.701,00000000
92080,27.823,00000000
92090,27.859,00000000
92100,28.016,00000000
92110,27.931,00000000
92120,28.095,00000000
92130,28.160,00000000
92140,28.156,00000000
92150,28.066,00000000
92160,28.028,00000000
92170,27.955,00000000
92180,27.812,00000000
92190,27.713,00000000
92200,27.561,00000000
92210,27.265,00000000
92220,27.293,00000000
92230,27.356,00000000
92240,27.310,00000000
92250,27.588,00000000
92260,27.688,00000000
92270,27.713,00000000
92280,27.876,00000000
92290,27.901,00000000
92300,27.875,00000000
92310,27.954,00000000
92320,28.078,00000000
92330,28.095,00000000
92340,28.090,00000000
92350,28.090,00000000
92360,27.944,00000000
92370,27.898,00000000
92380,27.856,00000000
92390,27.676,00000000
92400,27.343,00000000
92410,27.080,00000000
92420,27.227,00000000
92430,27.321,00000000
92440,27.511,00000000
92450,27.559,00000000
92460,27.669,00000000
92470,27.889,00000000
92480,27.712,00000000
92490,27.933,00000000
92500,28.082,00000000
92510,27.976,00000000
92520,28.124,00000000
92530,28.139,00000000
92540,28.017,00000000
92550,28.091,00000000
92560,27.908,00000000
92570,27.911,00000000
92580,27.761,00000000
92590,27.626,00000000
92600,27.413,00000000
92610,27.176,00000000
92620,27.251,00000000
92630,27.507,00000000
92640,27.635,00000000
92650,27.738,00000000
92660,27.827,00000000
92670,27.842,00000000
92680,27.750,00000000
92690,27.837,00000000
92700,28.136,00000000
92710,27.879,00000000
92720,27.899,00000000
92730,28.067,00000000
92740,27.981,00000000
92750,28.098,00000000
92760,27.867,00000000
92770,27.940,00000000
92780,27.698,00000000
92790,27.593,00000000
92800,27.352,00000000
92810,27.135,00000000
92820,27.319,00000000
92830,27.379,00000000
92840,27.509,00000000
92850,27.734,00000000
92860,27.740,00000000
92870,27.822,00000000
92880,27.999,00000000
92890,27.996,00000000
92900,27.925,00000000
92910,28.017,00000000
92920,27.974,00000000
92930,28.094,00000000
92940,688.525,X0000000
92950,322.412,10000000
92960,191.291,10000000
92970,142.243,10000000
92980,123.963,10000000
92990,369.912,10000000
93000,866.474,10000000
93010,387.341,10000000
93020,215.344,10000000
93030,151.629,10000000
93040,127.688,10000000
93050,119.607,10000000
93060,116.262,10000000
93070,114.965,10000000
93080,114.346,10000000
93090,113.078,10000000
93100,111.101,10000000
93110,111.318,10000000
93120,111.309,10000000
93130,111.719,10000000
93140,111.381,10000000
93150,111.982,10000000
93160,112.040,10000000
93170,112.528,10000000
93180,112.291,10000000
93190,112.624,10000000
93200,113.190,10000000
93210,112.964,10000000
93220,113.326,10000000
93230,113.690,10000000
93240,113.792,10000000
93250,114.172,10000000
93260,114.153,10000000
93270,114.543,10000000
93280,114.623,10000000
93290,114.339,10000000
93300,113.784,10000000
93310,111.503,10000000
93320,111.599,10000000
93330,111.820,10000000
93340,111.809,10000000
93350,111.915,10000000
93360,112.111,10000000
93370,112.363,10000000
93380,112.274,10000000
93390,112.615,10000000
93400,112.916,10000000
93410,113.215,10000000
93420,113.384,10000000
93430,113.742,10000000
93440,113.589,10000000
93450,114.110,10000000
93460,114.423,10000000
93470,114.636,10000000
93480,114.218,10000000
93490,114.945,10000000
93500,114.521,10000000
93510,113.469,10000000
93520,111.498,10000000
93530,111.767,10000000
93540,111.732,10000000
93550,112.036,10000000
93560,112.123,10000000
93570,112.208,10000000
93580,112.505,10000000
93590,112.839,10000000
93600,112.841,10000000
93610,113.276,10000000
93620,113.281,10000000
93630,113.809,10000000
93640,113.785,10000000
93650,114.172,10000000
93660,114.659,10000000
93670,114.877,10000000
93680,115.083,10000000
93690,115.230,10000000
93700,115.069,10000000
93710,114.850,10000000
93720,113.309,10000000
93730,111.798,10000000
93740,111.947,10000000
93750,112.477,10000000
93760,112.427,10000000
93770,112.142,10000000
93780,112.610,10000000
93790,112.544,10000000
93800,112.883,10000000
93810,113.231,10000000
93820,113.553,10000000
93830,113.583,10000000
93840,113.924,10000000
93850,114.152,10000000
93860,114.339,10000000
93870,114.729,10000000
93880,114.520,10000000
93890,114.891,10000000
93900,115.120,10000000
93910,115.004,10000000
93920,114.588,10000000
93930,112.836,10000000
93940,112.197,10000000
93950,112.370,10000000
93960,112.286,10000000
93970,112.255,10000000
93980,112.937,10000000
93990,112.677,10000000
94000,112.744,10000000
94010,687.522,10000000
94020,321.927,10000000
94030,191.342,10000000
94040,142.058,10000000
94050,124.590,10000000
94060,117.522,10000000
94070,115.728,10000000
94080,114.981,10000000
94090,115.364,10000000
94100,114.917,10000000
94110,114.706,10000000
94120,114.664,10000000
94130,113.884,10000000
94140,111.885,10000000
94150,111.808,10000000
94160,111.794,10000000
94170,112.124,10000000
94180,112.011,10000000
94190,112.443,10000000
94200,112.874,10000000
94210,112.811,10000000
94220,113.034,10000000
94230,113.020,10000000
94240,113.590,10000000
94250,113.709,10000000
94260,113.642,10000000
94270,114.372,10000000
94280,114.765,10000000
94290,114.845,10000000
94300,114.823,10000000
94310,115.219,10000000
94320,115.204,10000000
94330,115.083,10000000
94340,113.836,10000000
94350,112.333,10000000
94360,111.878,10000000
94370,112.111,10000000
94380,112.497,10000000
94390,112.398,10000000
94400,112.701,10000000
94410,112.726,10000000
94420,112.616,10000000
94430,112.834,10000000
94440,113.081,10000000
94450,113.407,10000000
94460,113.283,10000000
94470,113.913,10000000
94480,114.115,10000000
94490,114.147,10000000
94500,114.742,10000000
94510,114.582,10000000
94520,115.033,10000000
94530,115.204,10000000
94540,114.903,10000000
94550,113.732,10000000
94560,112.038,10000000
94570,112.018,10000000
94580,112.197,10000000
94590,112.076,10000000
94600,112.461,10000000
94610,112.648,10000000
94620,112.942,10000000
94630,112.900,10000000
94640,113.528,10000000
94650,113.176,10000000
94660,114.004,10000000
94670,113.594,10000000
94680,114.215,10000000
94690,114.410,10000000
94700,114.515,10000000
94710,114.696,10000000
94720,114.980,10000000
94730,115.065,10000000
94740,114.981,10000000
94750,115.008,10000000
94760,113.454,10000000
94770,112.092,10000000
94780,111.971,10000000
94790,112.335,10000000
94800,112.381,10000000
94810,112.341,10000000
94820,112.784,10000000
94830,112.790,10000000
94840,112.850,10000000
94850,113.217,10000000
94860,113.649,10000000
94870,113.827,10000000
94880,114.296,10000000
94890,114.398,10000000
94900,114.380,10000000
94910,114.800,10000000
94920,114.939,10000000
94930,115.093,10000000
94940,114.868,10000000
94950,114.743,10000000
94960,114.583,10000000
94970,112.892,10000000
94980,112.077,10000000
94990,112.008,10000000
95000,112.067,10000000
95010,739.788,10000000
95020,341.569,10000000
95030,198.439,10000000
95040,145.182,10000000
95050,125.597,10000000
95060,118.381,10000000
95070,116.251,10000000
95080,115.479,10000000
95090,114.937,10000000
95100,114.631,10000000
95110,113.555,10000000
95120,111.714,10000000
95130,111.868,10000000
95140,111.782,10000000
95150,112.192,10000000
95160,112.236,10000000
95170,112.493,10000000
95180,112.641,10000000
95190,112.817,10000000
95200,112.885,10000000
95210,112.960,10000000
95220,113.196,10000000
95230,113.558,10000000
95240,113.522,10000000
95250,113.993,10000000
95260,113.947,10000000
95270,114.500,10000000
95280,114.406,10000000
95290,114.975,10000000
95300,114.723,10000000
95310,114.374,10000000
95320,113.575,10000000
95330,112.015,10000000
95340,111.645,10000000
95350,112.085,10000000
95360,111.957,10000000
95370,112.558,10000000
95380,112.321,10000000
95390,113.252,10000000
95400,113.026,10000000
95410,113.298,10000000
95420,112.834,10000000
95430,113.325,10000000
95440,114.011,10000000
95450,113.658,10000000
95460,113.861,10000000
95470,113.905,10000000
95480,113.952,10000000
95490,114.320,10000000
95500,114.755,10000000
95510,115.136,10000000
95520,114.597,10000000
95530,114.155,10000000
95540,111.743,10000000
95550,111.826,10000000
95560,111.860,10000000
95570,112.193,10000000
95580,112.403,10000000
95590,112.481,10000000
95600,112.779,10000000
95610,113.008,10000000
95620,112.996,10000000
95630,113.323,10000000
95640,113.420,10000000
95650,113.534,10000000
95660,113.703,10000000
95670,114.357,10000000
95680,114.382,10000000
95690,114.758,10000000
95700,115.074,10000000
95710,114.943,10000000
95720,115.132,10000000
95730,114.769,10000000
95740,113.592,10000000
95750,111.747,10000000
95760,112.171,10000000
95770,112.606,10000000
95780,112.157,10000000
95790,112.862,10000000
95800,112.685,10000000
95810,112.671,10000000
95820,113.261,10000000
95830,113.395,10000000
95840,113.287,10000000
95850,113.643,10000000
95860,113.672,10000000
95870,114.236,10000000
95880,114.605,10000000
95890,114.543,10000000
95900,114.570,10000000
95910,115.210,10000000
95920,114.879,10000000
95930,115.611,10000000
95940,114.992,10000000
95950,114.192,10000000
95960,112.091,10000000
95970,112.066,10000000
95980,112.159,10000000
95990,230.581,X0000000
96000,94.743,00000000
96010,50.855,00000000
96020,36.562,00000000
96030,31.019,00000000
96040,28.969,00000000
96050,28.227,00000000
96060,27.706,00000000
96070,27.391,00000000
96080,27.277,00000000
96090,27.393,00000000
96100,27.378,00000000
96110,27.478,00000000
96120,27.522,00000000
96130,27.704,00000000
96140,27.760,00000000
96150,27.816,00000000
96160,27.942,00000000
96170,28.114,00000000
96180,28.106,00000000
96190,28.003,00000000
96200,28.126,00000000
96210,28.011,00000000
96220,28.033,00000000
96230,27.951,00000000
96240,27.858,00000000
96250,27.604,00000000
96260,27.513,00000000
96270,27.208,00000000
96280,27.189,00000000
96290,27.439,00000000
96300,27.518,00000000
96310,27.604,00000000
96320,27.757,00000000
96330,27.675,00000000
96340,28.004,00000000
96350,28.067,00000000
96360,27.948,00000000
96370,27.936,00000000
96380,27.883,00000000
96390,28.042,00000000
96400,28.128,00000000
96410,27.990,00000000
96420,28.116,00000000
96430,27.938,00000000
96440,27.770,00000000
96450,27.791,00000000
96460,27.400,00000000
96470,27.155,00000000
96480,27.324,00000000
96490,27.277,00000000
96500,27.386,00000000
96510,27.595,00000000
96520,27.570,00000000
96530,27.774,00000000
96540,27.803,00000000
96550,27.849,00000000
96560,27.801,00000000
96570,27.942,00000000
96580,28.042,00000000
96590,28.142,00000000
96600,28.033,00000000
96610,28.079,00000000
96620,28.079,00000000
96630,27.986,00000000
96640,27.736,00000000
96650,27.735,00000000
96660,27.387,00000000
96670,27.333,00000000
96680,27.217,00000000
96690,27.315,00000000
96700,27.470,00000000
96710,27.514,00000000
96720,27.781,00000000
96730,27.739,00000000
96740,27.699,00000000
96750,27.879,00000000
96760,27.927,00000000
96770,28.111,00000000
96780,28.035,00000000
96790,28.137,00000000
96800,28.138,00000000
96810,28.195,00000000
96820,28.015,00000000
96830,28.088,00000000
96840,27.805,00000000
96850,27.751,00000000
96860,27.487,00000000
96870,27.286,00000000
96880,27.218,00000000
96890,27.326,00000000
96900,27.491,00000000
96910,27.537,00000000
96920,27.804,00000000
96930,27.750,00000000
96940,27.768,00000000
96950,27.801,00000000
96960,27.970,00000000
96970,28.134,00000000
96980,28.059,00000000
96990,28.000,00000000
97000,27.981,00000000
97010,28.037,00000000
97020,27.895,00000000
97030,28.131,00000000
97040,27.817,00000000
97050,27.741,00000000
97060,27.457,00000000
97070,27.399,00000000
97080,27.223,00000000
97090,27.304,00000000
97100,27.460,00000000
97110,27.562,00000000
97120,27.711,00000000
97130,27.701,00000000
97140,27.952,00000000
97150,27.771,00000000
97160,27.943,00000000
97170,28.032,00000000
97180,28.003,00000000
97190,28.094,00000000
97200,28.032,00000000
97210,28.130,00000000
97220,28.058,00000000
97230,27.895,00000000
97240,27.898,00000000
97250,27.628,00000000
97260,27.579,00000000
97270,27.316,00000000
97280,27.237,00000000
97290,27.378,00000000
97300,27.469,00000000
97310,27.477,00000000
97320,27.585,00000000
97330,27.825,00000000
97340,27.734,00000000
97350,27.840,00000000
97360,27.871,00000000
97370,28.004,00000000
97380,28.174,00000000
97390,27.940,00000000
97400,28.056,00000000
97410,28.029,00000000
97420,28.075,00000000
97430,28.050,00000000
97440,27.878,00000000
97450,27.708,00000000
97460,27.529,00000000
97470,27.438,00000000
97480,27.233,00000000
97490,27.315,00000000
97500,27.392,00000000
97510,27.520,00000000
97520,27.569,00000000
97530,27.693,00000000
97540,27.749,00000000
97550,27.846,00000000
97560,28.083,00000000
97570,28.034,00000000
97580,27.971,00000000
97590,27.995,00000000
97600,28.142,00000000
97610,27.961,00000000
97620,28.092,00000000
97630,28.002,00000000
97640,27.831,00000000
97650,27.753,00000000
97660,27.518,00000000
97670,27.351,00000000
97680,27.245,00000000
97690,27.290,00000000
97700,27.477,00000000
97710,27.412,00000000
97720,27.581,00000000
97730,27.766,00000000
97740,27.814,00000000
97750,27.971,00000000
97760,27.783,00000000
97770,27.963,00000000
97780,28.095,00000000
97790,28.089,00000000
97800,28.020,00000000
97810,27.982,00000000
97820,28.131,00000000
97830,27.949,00000000
97840,27.915,00000000
97850,27.668,00000000
97860,27.521,00000000
97870,27.263,00000000
97880,27.132,00000000
97890,27.400,00000000
97900,27.282,00000000
97910,27.459,00000000
97920,27.603,00000000
97930,27.802,00000000
97940,27.907,00000000
97950,28.052,00000000
97960,27.870,00000000
97970,27.908,00000000
97980,28.005,00000000
97990,27.967,00000000
98000,28.032,00000000
98010,28.181,00000000
98020,28.136,00000000
98030,27.928,00000000
98040,27.860,00000000
98050,27.876,00000000
98060,27.690,00000000
98070,27.290,00000000
98080,27.173,00000000
98090,27.302,00000000
98100,27.556,00000000
98110,27.676,00000000
98120,27.771,00000000
98130,27.660,00000000
98140,27.811,00000000
98150,28.003,00000000
98160,27.897,00000000
98170,27.991,00000000
98180,28.109,00000000
98190,28.016,00000000
98200,27.985,00000000
98210,28.119,00000000
98220,28.057,00000000
98230,28.084,00000000
98240,28.002,00000000
98250,27.787,00000000
98260,27.577,00000000
98270,27.378,00000000
98280,27.302,00000000
98290,27.173,00000000
98300,27.342,00000000
98310,27.407,00000000
98320,27.619,00000000
98330,27.760,00000000
98340,27.759,00000000
98350,27.839,00000000
98360,27.972,00000000
98370,27.962,00000000
98380,28.156,00000000
98390,28.101,00000000
98400,28.055,00000000
98410,28.126,00000000
98420,27.981,00000000
98430,28.148,00000000
98440,27.762,00000000
98450,27.667,00000000
98460,27.616,00000000
98470,27.276,00000000
98480,27.257,00000000
98490,27.340,00000000
98500,27.365,00000000
98510,27.537,00000000
98520,27.544,00000000
98530,27.629,00000000
98540,27.917,00000000
98550,27.894,00000000
98560,28.046,00000000
98570,27.943,00000000
98580,28.024,00000000
98590,28.113,00000000
98600,28.061,00000000
98610,28.183,00000000
98620,27.980,00000000
98630,27.946,00000000
98640,27.838,00000000
98650,27.662,00000000
98660,27.548,00000000
98670,27.391,00000000
98680,27.070,00000000
98690,27.311,00000000
98700,27.444,00000000
98710,27.396,00000000
98720,27.728,00000000
98730,27.683,00000000
98740,27.864,00000000
98750,28.047,00000000
98760,27.904,00000000
98770,28.056,00000000
98780,28.109,00000000
98790,28.106,00000000
98800,28.206,00000000
98810,27.974,00000000
98820,27.986,00000000
98830,28.024,00000000
98840,27.809,00000000
98850,27.910,00000000
98860,27.579,00000000
98870,27.159,00000000
98880,27.137,00000000
98890,27.293,00000000
98900,27.397,00000000
98910,27.635,00000000
98920,27.619,00000000
98930,27.801,00000000
98940,27.679,00000000
98950,27.824,00000000
98960,27.941,00000000
98970,28.204,00000000
98980,28.068,00000000
98990,28.289,00000000
99000,28.118,00000000
99010,28.011,00000000
99020,28.116,00000000
99030,27.857,00000000
99040,27.883,00000000
99050,27.647,00000000
99060,27.459,00000000
99070,27.058,00000000
99080,27.199,00000000
99090,27.427,00000000
99100,27.572,00000000
99110,27.523,00000000
99120,27.765,00000000
99130,27.826,00000000
99140,27.734,00000000
99150,27.947,00000000
99160,27.886,00000000
99170,28.042,00000000
99180,28.146,00000000
99190,28.174,00000000
99200,28.177,00000000
99210,28.126,00000000
99220,28.049,00000000
99230,28.036,00000000
99240,27.829,00000000
99250,27.668,00000000
99260,27.410,00000000
99270,27.239,00000000
99280,27.259,00000000
99290,27.379,00000000
99300,27.439,00000000
99310,27.416,00000000
99320,27.490,00000000
99330,27.789,00000000
99340,27.869,00000000
99350,27.861,00000000
99360,27.919,00000000
99370,28.017,00000000
99380,28.115,00000000
99390,28.117,00000000
99400,28.161,00000000
99410,27.960,00000000
99420,28.049,00000000
99430,27.902,00000000
99440,27.812,00000000
99450,27.615,00000000
99460,27.510,00000000
99470,27.215,00000000
99480,27.295,00000000
99490,27.356,00000000
99500,27.375,00000000
99510,27.542,00000000
99520,27.625,00000000
99530,27.707,00000000
99540,27.841,00000000
99550,27.875,00000000
99560,27.892,00000000
99570,28.064,00000000
99580,28.050,00000000
99590,28.084,00000000
99600,28.138,00000000
99610,28.035,00000000
99620,28.081,00000000
99630,28.053,00000000
99640,27.788,00000000
99650,27.745,00000000
99660,27.399,00000000
99670,27.174,00000000
99680,27.197,00000000
99690,27.505,00000000
99700,27.523,00000000
99710,27.439,00000000
99720,27.581,00000000
99730,27.816,00000000
99740,27.742,00000000
99750,27.892,00000000
99760,27.862,00000000
99770,27.996,00000000
99780,28.091,00000000
99790,28.170,00000000
99800,28.095,00000000
99810,28.065,00000000
99820,27.943,00000000
99830,27.927,00000000
99840,27.899,00000000
99850,27.710,00000000
99860,27.402,00000000
99870,27.235,00000000
99880,27.251,00000000
99890,27.432,00000000
99900,27.434,00000000
99910,27.663,00000000
99920,27.622,00000000
99930,27.687,00000000
99940,27.840,00000000
99950,27.776,00000000
99960,28.008,00000000
99970,28.092,00000000
99980,28.020,00000000
99990,28.157,00000000
100000,28.071,00000000
100010,28.009,00000000
100020,28.045,00000000
100030,28.120,00000000
100040,27.858,00000000
100050,27.704,00000000
100060,27.320,00000000
100070,26.972,00000000
100080,27.213,00000000
100090,27.335,00000000
100100,27.403,00000000
100110,27.354,00000000
100120,27.670,00000000
100130,27.780,00000000
100140,27.774,00000000
100150,27.860,00000000
100160,27.905,00000000
100170,28.052,00000000
100180,28.042,00000000
100190,28.096,00000000
100200,28.316,00000000
100210,28.027,00000000
100220,28.040,00000000
100230,28.014,00000000
100240,27.720,00000000
100250,27.639,00000000
100260,27.381,00000000
100270,27.181,00000000
100280,27.135,00000000
100290,27.367,00000000
100300,27.535,00000000
100310,27.590,00000000
100320,27.640,00000000
100330,27.773,00000000
100340,27.735,00000000
100350,27.880,00000000
100360,27.961,00000000
100370,27.970,00000000
100380,28.069,00000000
100390,28.077,00000000
100400,28.102,00000000
100410,28.067,00000000
100420,27.946,00000000
100430,28.047,00000000
100440,27.727,00000000
100450,27.726,00000000
100460,27.437,00000000
100470,27.322,00000000
100480,27.333,00000000
100490,27.328,00000000
100500,27.496,00000000
100510,27.552,00000000
100520,27.593,00000000
100530,27.728,00000000
100540,27.931,00000000
100550,27.902,00000000
100560,27.876,00000000
100570,28.009,00000000
100580,28.101,00000000
100590,28.064,00000000
100600,28.094,00000000
100610,27.942,00000000
100620,28.075,00000000
100630,27.905,00000000
100640,27.829,00000000
100650,27.640,00000000
100660,27.491,00000000
100670,27.281,00000000
100680,27.191,00000000
100690,27.409,00000000
100700,27.471,00000000
100710,27.472,00000000
100720,27.645,00000000
100730,27.750,00000000
100740,27.791,00000000
100750,27.936,00000000
100760,27.911,00000000
100770,27.943,00000000
100780,28.006,00000000
100790,28.050,00000000
100800,28.020,00000000
100810,27.994,00000000
100820,28.162,00000000
100830,27.915,00000000
100840,27.766,00000000
100850,27.746,00000000
100860,27.476,00000000
100870,27.363,00000000
100880,27.164,00000000
100890,27.362,00000000
100900,27.429,00000000
100910,27.546,00000000
100920,27.732,00000000
100930,27.717,00000000
100940,27.921,00000000
100950,27.870,00000000
100960,27.918,00000000
100970,28.002,00000000
100980,28.035,00000000
100990,28.161,00000000
101000,28.089,00000000
101010,28.085,00000000
101020,27.952,00000000
101030,27.850,00000000
101040,27.881,00000000
101050,27.577,00000000
101060,27.458,00000000
101070,27.156,00000000
101080,27.138,00000000
101090,27.339,00000000
101100,27.452,00000000
101110,27.477,00000000
101120,27.697,00000000
101130,27.645,00000000
101140,27.858,00000000
101150,27.922,00000000
101160,27.873,00000000
101170,27.999,00000000
101180,28.092,00000000
101190,28.057,00000000
101200,27.984,00000000
101210,28.087,00000000
101220,27.990,00000000
101230,27.916,00000000
101240,27.846,00000000
101250,27.599,00000000
101260,27.394,00000000
101270,27.222,00000000
101280,27.366,00000000
101290,27.399,00000000
101300,27.419,00000000
101310,27.534,00000000
101320,27.583,00000000
101330,27.890,00000000
101340,27.874,00000000
101350,27.814,00000000
101360,27.929,00000000
101370,27.967,00000000
101380,27.991,00000000
101390,28.213,00000000
101400,28.124,00000000
101410,28.030,00000000
101420,27.899,00000000
101430,27.905,00000000
101440,27.675,00000000
101450,27.642,00000000
101460,27.445,00000000
101470,27.295,00000000
101480,27.311,00000000
101490,27.460,00000000
101500,27.345,00000000
101510,27.559,00000000
101520,27.693,00000000
101530,27.640,00000000
101540,27.901,00000000
101550,27.888,00000000
101560,27.922,00000000
101570,27.995,00000000
101580,28.006,00000000
101590,28.079,00000000
101600,27.993,00000000
101610,28.017,00000000
101620,28.045,00000000
101630,27.861,00000000
101640,27.859,00000000
101650,27.642,00000000
101660,27.518,00000000
101670,27.279,00000000
101680,27.187,00000000
101690,27.312,00000000
101700,27.478,00000000
101710,27.429,00000000
101720,27.578,00000000
101730,27.802,00000000
101740,27.811,00000000
101750,27.859,00000000
101760,27.907,00000000
101770,27.989,00000000
101780,28.010,00000000
101790,28.139,00000000
101800,27.973,00000000
101810,28.079,00000000
101820,28.028,00000000
101830,27.964,00000000
101840,27.864,00000000
101850,27.725,00000000
101860,27.436,00000000
101870,27.289,00000000
101880,27.352,00000000
101890,27.290,00000000
101900,27.398,00000000
101910,27.545,00000000
101920,27.590,00000000
101930,27.686,00000000
101940,27.767,00000000
101950,27.858,00000000
101960,28.008,00000000
101970,28.063,00000000
101980,28.018,00000000
101990,28.141,00000000
102000,27.973,00000000
102010,27.899,00000000
102020,27.996,00000000
102030,27.877,00000000
102040,27.738,00000000
102050,27.557,00000000
102060,27.347,00000000
102070,27.190,00000000
102080,27.334,00000000
102090,27.385,00000000
102100,27.633,00000000
102110,27.583,00000000
102120,27.694,00000000
102130,27.841,00000000
102140,27.833,00000000
102150,27.918,00000000
102160,27.955,00000000
102170,28.149,00000000
102180,28.117,00000000
102190,28.121,00000000
102200,28.032,00000000
102210,27.985,00000000
102220,27.934,00000000
102230,27.895,00000000
102240,27.671,00000000
102250,27.570,00000000
102260,27.230,00000000
102270,27.263,00000000
102280,27.349,00000000
102290,27.388,00000000
102300,27.461,00000000
102310,27.569,00000000
102320,27.733,00000000
102330,27.830,00000000
102340,27.960,00000000
102350,27.972,00000000
102360,27.993,00000000
102370,28.125,00000000
102380,28.121,00000000
102390,28.106,00000000
102400,28.105,00000000
102410,27.958,00000000
102420,27.919,00000000
102430,27.982,00000000
102440,27.661,00000000
102450,27.410,00000000
102460,27.280,00000000
102470,27.361,00000000
102480,27.521,00000000
102490,27.506,00000000
102500,27.608,00000000
102510,27.752,00000000
102520,27.807,00000000
102530,27.827,00000000
102540,28.091,00000000
102550,28.127,00000000
102560,27.907,00000000
102570,28.048,00000000
102580,28.131,00000000
102590,28.123,00000000
102600,28.084,00000000
102610,27.930,00000000
102620,27.922,00000000
102630,27.827,00000000
102640,27.631,00000000
102650,27.326,00000000
102660,27.124,00000000
102670,27.179,00000000
102680,27.411,00000000
102690,27.397,00000000
102700,27.598,00000000
102710,27.824,00000000
102720,27.802,00000000
102730,27.977,00000000
102740,27.861,00000000
102750,27.891,00000000
102760,27.973,00000000
102770,28.077,00000000
102780,28.079,00000000
102790,28.127,00000000
102800,27.994,00000000
102810,27.940,00000000
102820,28.023,00000000
102830,27.838,00000000
102840,27.756,00000000
102850,27.460,00000000
102860,27.280,00000000
102870,27.154,00000000
102880,27.410,00000000
102890,27.365,00000000
102900,27.427,00000000
102910,27.570,00000000
102920,27.889,00000000
102930,27.891,00000000
102940,27.941,00000000
102950,28.019,00000000
102960,27.991,00000000
102970,28.077,00000000
102980,28.098,00000000
102990,28.230,00000000
103000,28.146,00000000
103010,28.034,00000000
103020,27.790,00000000
103030,27.801,00000000
103040,27.536,00000000
103050,27.422,00000000
103060,27.157,00000000
103070,27.341,00000000
103080,27.405,00000000
103090,27.563,00000000
103100,27.630,00000000
103110,27.645,00000000
103120,27.807,00000000
103130,27.818,00000000
103140,27.979,00000000
103150,27.892,00000000
103160,27.998,00000000
103170,28.161,00000000
103180,27.875,00000000
103190,28.052,00000000
103200,28.067,00000000
103210,27.942,00000000
103220,27.856,00000000
103230,27.730,00000000
103240,27.579,00000000
103250,27.278,00000000
103260,27.263,00000000
103270,27.290,00000000
103280,27.438,00000000
103290,27.540,00000000
103300,27.564,00000000
103310,27.847,00000000
103320,27.714,00000000
103330,27.920,00000000
103340,27.884,00000000
103350,28.007,00000000
103360,28.027,00000000
103370,28.048,00000000
103380,28.059,00000000
103390,28.141,00000000
103400,28.046,00000000
103410,27.930,00000000
103420,27.885,00000000
103430,27.660,00000000
103440,27.588,00000000
103450,27.292,00000000
103460,27.183,00000000
103470,27.489,00000000
103480,27.445,00000000
103490,27.594,00000000
103500,27.753,00000000
103510,27.746,00000000
103520,27.805,00000000
103530,27.814,00000000
103540,27.849,00000000
103550,28.024,00000000
103560,28.020,00000000
103570,28.123,00000000
103580,27.980,00000000
103590,27.985,00000000
103600,28.074,00000000
103610,27.898,00000000
103620,27.815,00000000
103630,27.824,00000000
103640,27.464,00000000
103650,27.348,00000000
103660,27.313,00000000
103670,27.459,00000000
103680,27.420,00000000
103690,27.536,00000000
103700,27.614,00000000
103710,27.742,00000000
103720,27.837,00000000
103730,27.997,00000000
103740,28.016,00000000
103750,28.058,00000000
103760,28.008,00000000
103770,28.212,00000000
103780,28.218,00000000
103790,28.060,00000000
103800,27.887,00000000
103810,27.747,00000000
103820,27.836,00000000
103830,27.573,00000000
103840,27.500,00000000
103850,27.263,00000000
103860,27.285,00000000
103870,27.282,00000000
103880,27.453,00000000
103890,27.635,00000000
103900,27.676,00000000
103910,27.743,00000000
103920,27.870,00000000
103930,27.901,00000000
103940,28.062,00000000
103950,28.040,00000000
103960,28.078,00000000
103970,28.040,00000000
103980,28.044,00000000
103990,28.095,00000000
104000,27.975,00000000
104010,27.856,00000000
104020,27.798,00000000
104030,27.527,00000000
104040,27.361,00000000
104050,27.274,00000000
104060,27.245,00000000
104070,27.463,00000000
104080,27.537,00000000
104090,27.722,00000000
104100,27.724,00000000
104110,27.858,00000000
104120,27.901,00000000
104130,27.932,00000000
104140,27.900,00000000
104150,27.843,00000000
104160,28.055,00000000
104170,28.017,00000000
104180,28.093,00000000
104190,28.027,00000000
104200,27.964,00000000
104210,27.725,00000000
104220,27.494,00000000
104230,27.513,00000000
104240,27.322,00000000
104250,27.316,00000000
104260,27.295,00000000
104270,27.468,00000000
104280,27.478,00000000
104290,27.721,00000000
104300,27.782,00000000
104310,27.838,00000000
104320,27.892,00000000
104330,27.937,00000000
104340,28.171,00000000
104350,28.091,00000000
104360,28.140,00000000
104370,28.103,00000000
104380,28.154,00000000
104390,28.158,00000000
104400,27.824,00000000
104410,27.727,00000000
104420,27.540,00000000
104430,27.577,00000000
104440,27.334,00000000
104450,27.445,00000000
104460,27.539,00000000
104470,27.564,00000000
104480,27.593,00000000
104490,27.544,00000000
104500,27.711,00000000
104510,27.908,00000000
104520,28.005,00000000
104530,28.045,00000000
104540,28.148,00000000
104550,28.177,00000000
104560,27.994,00000000
104570,28.164,00000000
104580,27.990,00000000
104590,28.138,00000000
104600,28.008,00000000
104610,27.863,00000000
104620,27.529,00000000
104630,27.523,00000000
104640,27.156,00000000
104650,27.215,00000000
104660,27.426,00000000
104670,27.388,00000000
104680,27.480,00000000
104690,27.547,00000000
104700,27.703,00000000
104710,27.853,00000000
104720,27.981,00000000
104730,28.043,00000000
104740,27.836,00000000
104750,28.112,00000000
104760,28.021,00000000
104770,28.039,00000000
104780,28.122,00000000
104790,28.099,00000000
104800,28.101,00000000
104810,27.870,00000000
104820,27.579,00000000
104830,27.543,00000000
104840,27.449,00000000
104850,27.350,00000000
104860,27.402,00000000
104870,27.219,00000000
104880,27.534,00000000
104890,27.667,00000000
104900,27.749,00000000
104910,27.824,00000000
104920,27.969,00000000
104930,28.006,00000000
104940,28.079,00000000
104950,28.154,00000000
104960,28.232,00000000
104970,28.044,00000000
104980,28.027,00000000
104990,27.941,00000000
105000,27.957,00000000
105010,27.936,00000000
105020,27.807,00000000
105030,27.517,00000000
105040,27.097,00000000
105050,27.153,00000000
105060,27.267,00000000
105070,27.295,00000000
105080,27.693,00000000
105090,27.680,00000000
105100,27.656,00000000
105110,27.871,00000000
105120,27.980,00000000
105130,28.083,00000000
105140,28.134,00000000
105150,27.917,00000000
105160,28.050,00000000
105170,28.171,00000000
105180,28.013,00000000
105190,28.033,00000000
105200,28.062,00000000
105210,27.960,00000000
105220,27.717,00000000
105230,27.310,00000000
105240,27.358,00000000
105250,27.351,00000000
105260,27.171,00000000
105270,27.418,00000000
105280,27.671,00000000
105290,27.693,00000000
105300,27.612,00000000
105310,27.903,00000000
105320,27.957,00000000
105330,28.022,00000000
105340,28.128,00000000
105350,28.112,00000000
105360,28.051,00000000
105370,28.200,00000000
105380,27.925,00000000
105390,27.913,00000000
105400,27.811,00000000
105410,27.754,00000000
105420,27.859,00000000
105430,27.690,00000000
105440,27.143,00000000
105450,27.215,00000000
105460,27.296,00000000
105470,27.548,00000000
105480,27.645,00000000
105490,27.687,00000000
105500,27.684,00000000
105510,27.940,00000000
105520,27.988,00000000
105530,27.821,00000000
105540,28.009,00000000
105550,27.994,00000000
105560,28.070,00000000
105570,28.229,00000000
105580,28.076,00000000
105590,27.944,00000000
105600,27.887,00000000
105610,27.726,00000000
105620,27.838,00000000
105630,27.755,00000000
105640,27.414,00000000
105650,27.382,00000000
105660,27.296,00000000
105670,27.425,00000000
105680,27.494,00000000
105690,27.703,00000000
105700,27.896,00000000
105710,27.655,00000000
105720,27.879,00000000
105730,27.885,00000000
105740,27.987,00000000
105750,28.249,00000000
105760,27.915,00000000
105770,27.995,00000000
105780,27.913,00000000
105790,27.848,00000000
105800,27.932,00000000
105810,27.928,00000000
105820,27.790,00000000
105830,27.418,00000000
105840,27.284,00000000
105850,27.272,00000000
105860,27.495,00000000
105870,27.627,00000000
105880,27.716,00000000
105890,27.552,00000000
105900,27.511,00000000
105910,27.899,00000000
105920,27.987,00000000
105930,28.068,00000000
105940,27.892,00000000
105950,28.009,00000000
105960,28.164,00000000
105970,27.857,00000000
105980,27.942,00000000
105990,28.138,00000000
106000,28.034,00000000
106010,27.876,00000000
106020,27.568,00000000
106030,27.317,00000000
106040,27.153,00000000
106050,27.371,00000000
106060,27.378,00000000
106070,27.288,00000000
106080,27.667,00000000
106090,27.693,00000000
106100,27.784,00000000
106110,27.702,00000000
106120,27.761,00000000
106130,27.978,00000000
106140,28.077,00000000
106150,27.956,00000000
106160,28.203,00000000
106170,28.249,00000000
106180,28.269,00000000
106190,28.026,00000000
106200,27.806,00000000
106210,27.894,00000000
106220,27.773,00000000
106230,27.390,00000000
106240,27.074,00000000
106250,27.167,00000000
106260,27.355,00000000
106270,27.367,00000000
106280,27.635,00000000
106290,27.498,00000000
106300,27.635,00000000
106310,27.873,00000000
106320,27.908,00000000
106330,28.091,00000000
106340,27.904,00000000
106350,28.043,00000000
106360,28.169,00000000
106370,28.118,00000000
106380,28.003,00000000
106390,27.904,00000000
106400,28.070,00000000
106410,27.895,00000000
106420,27.543,00000000
106430,27.488,00000000
106440,27.205,00000000
106450,27.224,00000000
106460,27.319,00000000
106470,27.347,00000000
106480,27.669,00000000
106490,27.758,00000000
106500,27.764,00000000
106510,27.761,00000000
106520,27.902,00000000
106530,27.803,00000000
106540,28.075,00000000
106550,28.154,00000000
106560,27.995,00000000
106570,28.255,00000000
106580,28.274,00000000
106590,28.092,00000000
106600,27.989,00000000
106610,27.692,00000000
106620,27.705,00000000
106630,27.572,00000000
106640,26.963,00000000
106650,27.086,00000000
106660,27.347,00000000
106670,27.485,00000000
106680,27.518,00000000
106690,27.648,00000000
106700,27.844,00000000
106710,27.758,00000000
106720,27.882,00000000
106730,27.880,00000000
106740,27.962,00000000
106750,28.024,00000000
106760,28.117,00000000
106770,28.011,00000000
106780,28.103,00000000
106790,27.997,00000000
106800,27.884,00000000
106810,27.715,00000000
106820,27.646,00000000
106830,27.435,00000000
106840,27.145,00000000
106850,27.403,00000000
106860,27.319,00000000
106870,27.420,00000000
106880,27.600,00000000
106890,27.730,00000000
106900,27.769,00000000
106910,27.940,00000000
106920,27.823,00000000
106930,28.190,00000000
106940,28.189,00000000
106950,28.030,00000000
106960,28.146,00000000
106970,28.255,00000000
106980,28.156,00000000
106990,27.986,00000000
107000,27.702,00000000
107010,27.575,00000000
107020,27.673,00000000
107030,27.320,00000000
107040,27.107,00000000
107050,27.152,00000000
107060,27.261,00000000
107070,27.517,00000000
107080,27.634,00000000
107090,27.635,00000000
107100,27.799,00000000
107110,27.808,00000000
107120,28.072,00000000
107130,27.939,00000000
107140,28.097,00000000
107150,28.000,00000000
107160,28.044,00000000
107170,28.064,00000000
107180,28.017,00000000
107190,28.058,00000000
107200,27.836,00000000
107210,27.792,00000000
107220,27.721,00000000
107230,27.377,00000000
107240,27.332,00000000
107250,27.306,00000000
107260,27.454,00000000
107270,27.419,00000000
107280,27.594,00000000
107290,27.518,00000000
107300,27.721,00000000
107310,27.826,00000000
107320,27.947,00000000
107330,28.136,00000000
107340,27.999,00000000
107350,28.108,00000000
107360,28.172,00000000
107370,28.135,00000000
107380,28.126,00000000
107390,27.980,00000000
107400,27.936,00000000
107410,27.756,00000000
107420,27.600,00000000
107430,27.318,00000000
107440,27.113,00000000
107450,27.317,00000000
107460,27.407,00000000
107470,27.576,00000000
107480,27.722,00000000
107490,27.796,00000000
107500,27.808,00000000
107510,27.908,00000000
107520,27.887,00000000
107530,27.929,00000000
107540,28.119,00000000
107550,28.146,00000000
107560,28.055,00000000
107570,27.974,00000000
107580,27.963,00000000
107590,28.133,00000000
107600,27.978,00000000
107610,27.600,00000000
107620,27.545,00000000
107630,27.339,00000000
107640,27.285,00000000
107650,27.473,00000000
107660,27.480,00000000
107670,27.487,00000000
107680,27.622,00000000
107690,27.875,00000000
107700,27.855,00000000
107710,27.970,00000000
107720,27.937,00000000
107730,27.944,00000000
107740,28.137,00000000
107750,28.287,00000000
107760,28.129,00000000
107770,28.083,00000000
107780,27.970,00000000
107790,27.955,00000000
107800,28.013,00000000
107810,27.734,00000000
107820,27.507,00000000
107830,26.967,00000000
107840,27.156,00000000
107850,27.369,00000000
107860,27.643,00000000
107870,27.706,00000000
107880,27.650,00000000
107890,27.857,00000000
107900,27.862,00000000
107910,27.932,00000000
107920,27.952,00000000
107930,27.961,00000000
107940,28.106,00000000
107950,28.125,00000000
107960,28.299,00000000
107970,27.912,00000000
107980,28.015,00000000
107990,27.943,00000000
108000,27.831,00000000
108010,27.704,00000000
108020,27.518,00000000
108030,27.247,00000000
108040,27.302,00000000
108050,27.470,00000000
108060,27.652,00000000
108070,27.589,00000000
108080,27.863,00000000
108090,27.739,00000000
108100,27.851,00000000
108110,28.080,00000000
108120,27.924,00000000
108130,28.052,00000000
108140,28.118,00000000
108150,28.195,00000000
108160,28.199,00000000
108170,28.050,00000000
108180,27.894,00000000
108190,27.897,00000000
108200,27.912,00000000
108210,27.627,00000000
108220,27.500,00000000
108230,27.118,00000000
108240,27.355,00000000
108250,27.512,00000000
108260,27.690,00000000
108270,27.469,00000000
108280,27.875,00000000
108290,27.814,00000000
108300,28.030,00000000
108310,28.011,00000000
108320,28.177,00000000
108330,28.026,00000000
108340,28.112,00000000
108350,28.053,00000000
108360,27.979,00000000
108370,28.011,00000000
108380,28.008,00000000
108390,27.879,00000000
108400,27.710,00000000
108410,27.561,00000000
108420,27.240,00000000
108430,27.209,00000000
108440,27.197,00000000
108450,27.527,00000000
108460,27.650,00000000
108470,27.733,00000000
108480,27.954,00000000
108490,27.701,00000000
108500,28.051,00000000
108510,28.012,00000000
108520,28.171,00000000
108530,28.083,00000000
108540,28.042,00000000
108550,28.167,00000000
108560,28.095,00000000
108570,28.022,00000000
108580,27.949,00000000
108590,27.774,00000000
108600,27.691,00000000
108610,27.468,00000000
108620,27.291,00000000
108630,27.391,00000000
108640,27.363,00000000
108650,27.475,00000000
108660,27.681,00000000
108670,27.597,00000000
108680,27.870,00000000
108690,28.007,00000000
108700,27.934,00000000
108710,27.966,00000000
108720,27.981,00000000
108730,28.042,00000000
108740,28.014,00000000
108750,28.116,00000000
108760,28.068,00000000
108770,28.074,00000000
108780,27.851,00000000
108790,27.737,00000000
108800,27.620,00000000
108810,27.356,00000000
108820,27.159,00000000
108830,27.242,00000000
108840,27.462,00000000
108850,27.560,00000000
108860,27.665,00000000
108870,27.640,00000000
108880,27.674,00000000
108890,27.823,00000000
108900,28.052,00000000
108910,27.942,00000000
108920,27.961,00000000
108930,27.961,00000000
108940,28.130,00000000
108950,28.377,00000000
108960,28.161,00000000
108970,27.919,00000000
108980,27.901,00000000
108990,27.797,00000000
109000,27.719,00000000
109010,27.191,00000000
109020,27.135,00000000
109030,27.219,00000000
109040,27.550,00000000
109050,27.609,00000000
109060,27.790,00000000
109070,27.635,00000000
109080,27.785,00000000
109090,27.862,00000000
109100,27.970,00000000
109110,28.089,00000000
109120,28.115,00000000
109130,28.012,00000000
109140,27.915,00000000
109150,27.996,00000000
109160,28.012,00000000
109170,28.210,00000000
109180,27.884,00000000
109190,27.774,00000000
109200,27.632,00000000
109210,27.330,00000000
109220,27.151,00000000
109230,27.253,00000000
109240,27.513,00000000
109250,27.642,00000000
109260,27.554,00000000
109270,27.515,00000000
109280,27.727,00000000
109290,27.831,00000000
109300,28.027,00000000
109310,28.018,00000000
109320,28.123,00000000
109330,28.118,00000000
109340,28.143,00000000
109350,28.001,00000000
109360,27.940,00000000
109370,27.959,00000000
109380,27.989,00000000
109390,27.895,00000000
109400,27.430,00000000
109410,27.444,00000000
109420,27.273,00000000
109430,27.487,00000000
109440,27.415,00000000
109450,27.647,00000000
109460,27.780,00000000
109470,27.839,00000000
109480,27.838,00000000
109490,27.858,00000000
109500,27.917,00000000
109510,28.142,00000000
109520,28.200,00000000
109530,28.199,00000000
109540,28.116,00000000
109550,27.916,00000000
109560,27.937,00000000
109570,27.852,00000000
109580,27.831,00000000
109590,27.732,00000000
109600,27.552,00000000
109610,27.170,00000000
109620,27.317,00000000
109630,27.334,00000000
109640,27.630,00000000
109650,27.674,00000000
109660,27.798,00000000
109670,27.663,00000000
109680,27.839,00000000
109690,27.828,00000000
109700,27.979,00000000
109710,27.968,00000000
109720,28.017,00000000
109730,27.975,00000000
109740,28.187,00000000
109750,28.230,00000000
109760,28.060,00000000
109770,27.891,00000000
109780,27.819,00000000
109790,27.869,00000000
109800,27.651,00000000
109810,27.315,00000000
109820,27.062,00000000
109830,27.259,00000000
109840,27.517,00000000
109850,27.624,00000000
109860,27.758,00000000
109870,27.700,00000000
109880,27.808,00000000
109890,27.801,00000000
109900,27.972,00000000
109910,28.267,00000000
109920,28.308,00000000
109930,28.139,00000000
109940,27.988,00000000
109950,28.196,00000000
109960,28.085,00000000
109970,27.762,00000000
109980,27.718,00000000
109990,27.790,00000000
110000,27.459,00000000
110010,27.230,00000000
110020,27.113,00000000
110030,27.463,00000000
110040,27.510,00000000
110050,27.648,00000000
110060,27.844,00000000
110070,27.779,00000000
110080,28.057,00000000
110090,28.013,00000000
110100,28.003,00000000
110110,28.057,00000000
110120,28.086,00000000
110130,28.119,00000000
110140,28.177,00000000
110150,28.005,00000000
110160,28.096,00000000
110170,27.947,00000000
110180,27.900,00000000
110190,27.665,00000000
110200,27.469,00000000
110210,27.310,00000000
110220,27.157,00000000
110230,27.198,00000000
110240,27.514,00000000
110250,27.687,00000000
110260,27.664,00000000
110270,27.827,00000000
110280,27.872,00000000
110290,27.869,00000000
110300,28.153,00000000
110310,28.038,00000000
110320,28.013,00000000
110330,28.033,00000000
110340,28.004,00000000
110350,28.157,00000000
110360,28.122,00000000
110370,27.770,00000000
110380,27.676,00000000
110390,27.778,00000000
110400,27.455,00000000
110410,27.382,00000000
110420,27.323,00000000
110430,27.420,00000000
110440,27.586,00000000
110450,27.506,00000000
110460,27.755,00000000
110470,27.656,00000000
110480,27.887,00000000
110490,28.064,00000000
110500,27.985,00000000
110510,28.019,00000000
110520,27.968,00000000
110530,28.150,00000000
110540,28.243,00000000
110550,28.057,00000000
110560,28.096,00000000
110570,27.829,00000000
110580,27.701,00000000
110590,27.451,00000000
110600,27.346,00000000
110610,27.412,00000000
110620,27.423,00000000
110630,27.274,00000000
110640,27.491,00000000
110650,27.502,00000000
110660,27.791,00000000
110670,27.937,00000000
110680,27.978,00000000
110690,27.906,00000000
110700,28.053,00000000
110710,28.201,00000000
110720,28.142,00000000
110730,28.025,00000000
110740,27.947,00000000
110750,27.985,00000000
110760,28.110,00000000
110770,27.865,00000000
110780,27.594,00000000
110790,27.443,00000000
110800,27.122,00000000
110810,27.192,00000000
110820,27.533,00000000
110830,27.574,00000000
110840,27.445,00000000
110850,27.656,00000000
110860,27.930,00000000
110870,27.962,00000000
110880,27.865,00000000
110890,27.846,00000000
110900,27.904,00000000
110910,27.989,00000000
110920,28.256,00000000
110930,28.187,00000000
110940,28.001,00000000
110950,28.170,00000000
110960,27.978,00000000
110970,27.987,00000000
110980,27.914,00000000
110990,27.639,00000000
111000,27.257,00000000
111010,27.207,00000000
111020,27.357,00000000
111030,27.454,00000000
111040,27.594,00000000
111050,27.689,00000000
111060,27.634,00000000
111070,27.746,00000000
111080,28.013,00000000
111090,27.975,00000000
111100,27.867,00000000
111110,28.037,00000000
111120,28.117,00000000
111130,28.140,00000000
111140,28.187,00000000
111150,28.065,00000000
111160,27.849,00000000
111170,27.770,00000000
111180,27.658,00000000
111190,27.592,00000000
111200,27.333,00000000
111210,27.205,00000000
111220,27.318,00000000
111230,27.656,00000000
111240,27.573,00000000
111250,27.656,00000000
111260,27.876,00000000
111270,28.036,00000000
111280,27.860,00000000
111290,27.840,00000000
111300,28.067,00000000
111310,28.278,00000000
111320,28.128,00000000
111330,28.144,00000000
111340,28.125,00000000
111350,27.894,00000000
111360,27.941,00000000
111370,27.949,00000000
111380,27.804,00000000
111390,27.424,00000000
111400,27.166,00000000
111410,27.213,00000000
111420,27.425,00000000
111430,27.454,00000000
111440,27.508,00000000
111450,27.778,00000000
111460,27.876,00000000
111470,27.867,00000000
111480,27.937,00000000
111490,27.881,00000000
111500,28.156,00000000
111510,28.245,00000000
111520,28.064,00000000
111530,28.044,00000000
111540,28.110,00000000
111550,27.977,00000000
111560,28.103,00000000
111570,27.955,00000000
111580,27.750,00000000
111590,27.220,00000000
111600,27.157,00000000
111610,27.354,00000000
111620,27.507,00000000
111630,27.653,00000000
111640,27.454,00000000
111650,27.757,00000000
111660,27.890,00000000
111670,27.756,00000000
111680,27.870,00000000
111690,27.943,00000000
111700,28.035,00000000
111710,28.076,00000000
111720,28.262,00000000
111730,28.031,00000000
111740,27.971,00000000
111750,28.022,00000000
111760,28.079,00000000
111770,27.629,00000000
111780,27.494,00000000
111790,27.486,00000000
111800,27.296,00000000
111810,27.498,00000000
111820,27.407,00000000
111830,27.688,00000000
111840,27.669,00000000
111850,27.800,00000000
111860,27.922,00000000
111870,27.945,00000000
111880,28.189,00000000
111890,28.129,00000000
111900,28.143,00000000
111910,28.292,00000000
111920,27.950,00000000
111930,28.011,00000000
111940,28.109,00000000
111950,28.048,00000000
111960,27.852,00000000
111970,27.726,00000000
111980,27.359,00000000
111990,27.328,00000000
112000,27.257,00000000
112010,27.500,00000000
112020,27.377,00000000
112030,27.549,00000000
112040,27.686,00000000
112050,27.808,00000000
112060,27.830,00000000
112070,27.947,00000000
112080,27.976,00000000
112090,27.998,00000000
112100,28.089,00000000
112110,28.272,00000000
112120,28.251,00000000
112130,28.012,00000000
112140,28.074,00000000
112150,28.040,00000000
112160,27.828,00000000
112170,27.684,00000000
112180,27.246,00000000
112190,27.128,00000000
112200,27.294,00000000
112210,27.560,00000000
112220,27.493,00000000
112230,27.699,00000000
112240,27.764,00000000
112250,27.775,00000000
112260,27.808,00000000
112270,27.917,00000000
112280,28.216,00000000
112290,28.091,00000000
112300,27.945,00000000
112310,28.021,00000000
112320,27.949,00000000
112330,27.916,00000000
112340,27.889,00000000
112350,27.974,00000000
112360,27.825,00000000
112370,27.549,00000000
112380,27.388,00000000
112390,27.142,00000000
112400,27.413,00000000
112410,27.538,00000000
112420,27.718,00000000
112430,27.526,00000000
112440,27.815,00000000
112450,27.948,00000000
112460,28.063,00000000
112470,27.969,00000000
112480,27.908,00000000
112490,28.142,00000000
112500,28.224,00000000
112510,27.930,00000000
112520,28.008,00000000
112530,28.182,00000000
112540,27.888,00000000
112550,27.780,00000000
112560,27.671,00000000
112570,27.467,00000000
112580,27.129,00000000
112590,27.260,00000000
112600,27.469,00000000
112610,27.435,00000000
112620,27.471,00000000
112630,27.613,00000000
112640,27.676,00000000
112650,28.005,00000000
112660,28.011,00000000
112670,27.907,00000000
112680,28.024,00000000
112690,28.047,00000000
112700,28.180,00000000
112710,28.050,00000000
112720,28.133,00000000
112730,27.924,00000000
112740,27.837,00000000
112750,27.939,00000000
112760,27.715,00000000
112770,27.312,00000000
112780,27.086,00000000
112790,27.177,00000000
112800,27.430,00000000
112810,27.668,00000000
112820,27.742,00000000
112830,27.671,00000000
112840,27.772,00000000
112850,27.753,00000000
112860,27.950,00000000
112870,28.039,00000000
112880,28.087,00000000
112890,28.185,00000000
112900,28.064,00000000
112910,28.004,00000000
112920,28.106,00000000
112930,28.071,00000000
112940,27.886,00000000
112950,27.850,00000000
112960,27.518,00000000
112970,27.313,00000000
112980,27.277,00000000
112990,27.377,00000000
113000,27.460,00000000
113010,27.429,00000000
113020,27.560,00000000
113030,27.641,00000000
113040,27.903,00000000
113050,27.977,00000000
113060,27.960,00000000
113070,28.001,00000000
113080,27.981,00000000
113090,28.050,00000000
113100,28.233,00000000
113110,28.051,00000000
113120,28.110,00000000
113130,27.886,00000000
113140,27.632,00000000
113150,27.734,00000000
113160,27.523,00000000
113170,27.060,00000000
113180,27.317,00000000
113190,27.222,00000000
113200,27.417,00000000
113210,27.810,00000000
113220,27.750,00000000
113230,27.786,00000000
113240,27.740,00000000
113250,28.005,00000000
113260,28.058,00000000
113270,27.922,00000000
113280,27.968,00000000
113290,28.054,00000000
113300,28.223,00000000
113310,27.982,00000000
113320,28.021,00000000
113330,27.833,00000000
113340,27.809,00000000
113350,27.641,00000000
113360,27.563,00000000
113370,27.241,00000000
113380,27.299,00000000
113390,27.368,00000000
113400,27.458,00000000
113410,27.582,00000000
113420,27.611,00000000
113430,27.833,00000000
113440,27.708,00000000
113450,28.035,00000000
113460,27.884,00000000
113470,28.113,00000000
113480,28.276,00000000
113490,28.280,00000000
113500,27.974,00000000
113510,28.206,00000000
113520,27.892,00000000
113530,28.000,00000000
113540,27.803,00000000
113550,27.634,00000000
113560,27.413,00000000
113570,27.399,00000000
113580,27.176,00000000
113590,27.423,00000000
113600,27.520,00000000
113610,27.824,00000000
113620,27.848,00000000
113630,27.742,00000000
113640,28.025,00000000
113650,27.922,00000000
113660,28.017,00000000
113670,28.139,00000000
113680,28.110,00000000
113690,27.932,00000000
113700,27.963,00000000
113710,28.038,00000000
113720,28.014,00000000
113730,27.941,00000000
113740,27.711,00000000
113750,27.466,00000000
113760,27.275,00000000
113770,27.103,00000000
113780,27.355,00000000
113790,27.699,00000000
113800,27.584,00000000
113810,27.600,00000000
113820,27.600,00000000
113830,27.742,00000000
113840,28.017,00000000
113850,28.147,00000000
113860,28.025,00000000
113870,28.105,00000000
113880,27.967,00000000
113890,28.033,00000000
113900,28.079,00000000
113910,28.073,00000000
113920,27.889,00000000
113930,27.933,00000000
113940,27.620,00000000
113950,27.495,00000000
113960,27.252,00000000
113970,27.273,00000000
113980,27.327,00000000
113990,27.423,00000000
114000,27.613,00000000
114010,27.799,00000000
114020,27.958,00000000
114030,27.988,00000000
114040,27.877,00000000
114050,28.081,00000000
114060,27.895,00000000
114070,27.907,00000000
114080,28.074,00000000
114090,28.183,00000000
114100,27.894,00000000
114110,28.002,00000000
114120,28.047,00000000
114130,27.766,00000000
114140,27.542,00000000
114150,27.456,00000000
114160,27.133,00000000
114170,27.284,00000000
114180,27.432,00000000
114190,27.588,00000000
114200,27.535,00000000
114210,27.541,00000000
114220,27.728,00000000
114230,27.795,00000000
114240,27.875,00000000
114250,27.960,00000000
114260,28.175,00000000
114270,28.024,00000000
114280,28.129,00000000
114290,28.009,00000000
114300,28.120,00000000
114310,27.884,00000000
114320,27.839,00000000
114330,27.915,00000000
114340,27.548,00000000
114350,27.401,00000000
114360,27.359,00000000
114370,27.398,00000000
114380,27.230,00000000
114390,27.405,00000000
114400,27.551,00000000
114410,27.725,00000000
114420,27.982,00000000
114430,27.757,00000000
114440,27.885,00000000
114450,27.892,00000000
114460,28.097,00000000
114470,28.200,00000000
114480,28.046,00000000
114490,28.012,00000000
114500,28.046,00000000
114510,27.882,00000000
114520,27.961,00000000
114530,27.896,00000000
114540,27.567,00000000
114550,27.253,00000000
114560,27.287,00000000
114570,27.426,00000000
114580,27.468,00000000
114590,27.498,00000000
114600,27.493,00000000
114610,27.644,00000000
114620,27.836,00000000
114630,27.844,00000000
114640,28.003,00000000
114650,27.821,00000000
114660,28.094,00000000
114670,28.089,00000000
114680,28.036,00000000
114690,27.897,00000000
114700,28.046,00000000
114710,27.847,00000000
114720,27.824,00000000
114730,27.833,00000000
114740,27.700,00000000
114750,27.354,00000000
114760,27.103,00000000
114770,27.350,00000000
114780,27.270,00000000
114790,27.455,00000000
114800,27.730,00000000
114810,27.643,00000000
114820,27.823,00000000
114830,27.719,00000000
114840,27.849,00000000
114850,28.100,00000000
114860,28.097,00000000
114870,28.099,00000000
114880,28.001,00000000
114890,28.093,00000000
114900,28.021,00000000
114910,27.952,00000000
114920,27.995,00000000
114930,27.708,00000000
114940,27.728,00000000
114950,27.254,00000000
114960,27.149,00000000
114970,27.402,00000000
114980,27.508,00000000
114990,27.490,00000000
115000,27.487,00000000
115010,27.522,00000000
115020,27.650,00000000
115030,27.724,00000000
115040,27.923,00000000
115050,28.078,00000000
115060,28.085,00000000
115070,27.962,00000000
115080,27.987,00000000
115090,28.107,00000000
115100,28.121,00000000
115110,28.224,00000000
115120,27.798,00000000
115130,27.713,00000000
115140,27.624,00000000
115150,27.459,00000000
115160,27.256,00000000
115170,27.106,00000000
115180,27.443,00000000
115190,27.672,00000000
115200,27.467,00000000
115210,27.626,00000000
115220,27.679,00000000
115230,27.816,00000000
115240,28.103,00000000
115250,27.849,00000000
115260,28.014,00000000
115270,28.133,00000000
115280,27.959,00000000
115290,28.094,00000000
115300,28.047,00000000
115310,27.932,00000000
115320,27.691,00000000
115330,27.929,00000000
115340,27.617,00000000
115350,27.132,00000000
115360,27.442,00000000
115370,27.460,00000000
115380,27.361,00000000
115390,27.558,00000000
115400,27.647,00000000
115410,27.865,00000000
115420,27.884,00000000
115430,27.836,00000000
115440,27.956,00000000
115450,28.187,00000000
115460,27.925,00000000
115470,28.091,00000000
115480,28.267,00000000
115490,28.222,00000000
115500,28.170,00000000
115510,28.037,00000000
115520,27.688,00000000
115530,27.612,00000000
115540,27.344,00000000
115550,27.197,00000000
115560,27.385,00000000
115570,27.309,00000000
115580,27.430,00000000
115590,27.428,00000000
115600,27.606,00000000
115610,27.819,00000000
115620,28.026,00000000
115630,27.946,00000000
115640,28.004,00000000
115650,28.163,00000000
115660,28.175,00000000
115670,28.194,00000000
115680,28.036,00000000
115690,28.061,00000000
115700,27.940,00000000
115710,27.939,00000000
115720,27.801,00000000
115730,27.582,00000000
115740,27.297,00000000
115750,27.146,00000000
115760,27.306,00000000
115770,27.539,00000000
115780,27.400,00000000
115790,27.757,00000000
115800,27.520,00000000
115810,27.849,00000000
115820,27.669,00000000
115830,27.980,00000000
115840,27.974,00000000
115850,28.064,00000000
115860,28.163,00000000
115870,28.010,00000000
115880,27.947,00000000
115890,28.098,00000000
115900,28.136,00000000
115910,27.974,00000000
115920,27.788,00000000
115930,27.660,00000000
115940,27.623,00000000
115950,27.232,00000000
115960,27.317,00000000
115970,27.295,00000000
115980,27.408,00000000
115990,27.643,00000000
116000,27.843,00000000
116010,27.834,00000000
116020,27.928,00000000
116030,27.735,00000000
116040,27.934,00000000
116050,28.094,00000000
116060,28.209,00000000
116070,28.076,00000000
116080,28.146,00000000
116090,28.141,00000000
116100,27.897,00000000
116110,28.034,00000000
116120,27.837,00000000
116130,27.572,00000000
116140,27.420,00000000
116150,27.174,00000000
116160,27.338,00000000
116170,27.241,00000000
116180,27.588,00000000
116190,27.638,00000000
116200,27.749,00000000
116210,27.773,00000000
116220,27.850,00000000
116230,27.897,00000000
116240,27.856,00000000
116250,28.166,00000000
116260,28.086,00000000
116270,28.119,00000000
116280,28.178,00000000
116290,28.003,00000000
116300,27.914,00000000
116310,28.094,00000000
116320,27.817,00000000
116330,27.685,00000000
116340,27.343,00000000
116350,27.055,00000000
116360,27.224,00000000
116370,27.378,00000000
116380,27.580,00000000
116390,27.675,00000000
116400,27.443,00000000
116410,27.689,00000000
116420,27.869,00000000
116430,27.871,00000000
116440,27.942,00000000
116450,28.046,00000000
116460,28.222,00000000
116470,28.157,00000000
116480,28.016,00000000
116490,27.950,00000000
116500,28.059,00000000
116510,28.099,00000000
116520,27.802,00000000
116530,27.655,00000000
116540,27.443,00000000
116550,27.033,00000000
116560,27.382,00000000
116570,27.350,00000000
116580,27.328,00000000
116590,27.491,00000000
116600,27.670,00000000
116610,27.802,00000000
116620,27.957,00000000
116630,27.800,00000000
116640,28.068,00000000
116650,28.013,00000000
116660,28.052,00000000
116670,28.122,00000000
116680,28.242,00000000
116690,27.958,00000000
116700,28.024,00000000
116710,27.890,00000000
116720,27.750,00000000
116730,27.487,00000000
116740,27.314,00000000
116750,27.211,00000000
116760,27.389,00000000
116770,27.535,00000000
116780,27.491,00000000
116790,27.652,00000000
116800,27.730,00000000
116810,27.994,00000000
116820,27.823,00000000
116830,27.908,00000000
116840,27.973,00000000
116850,27.915,00000000
116860,28.170,00000000
116870,28.120,00000000
116880,28.010,00000000
116890,28.044,00000000
116900,27.894,00000000
116910,27.822,00000000
116920,27.739,00000000
116930,27.788,00000000
116940,27.337,00000000
116950,27.262,00000000
116960,27.402,00000000
116970,27.467,00000000
116980,27.446,00000000
116990,27.775,00000000
117000,27.876,00000000
117010,27.921,00000000
117020,27.693,00000000
117030,28.240,00000000
117040,28.071,00000000
117050,28.113,00000000
117060,27.942,00000000
117070,28.000,00000000
117080,27.962,00000000
117090,27.811,00000000
117100,27.908,00000000
117110,28.022,00000000
117120,27.806,00000000
117130,27.555,00000000
117140,27.332,00000000
117150,27.448,00000000
117160,27.443,00000000
117170,27.299,00000000
117180,27.501,00000000
117190,27.771,00000000
117200,27.722,00000000
117210,27.769,00000000
117220,27.750,00000000
117230,27.716,00000000
117240,27.916,00000000
117250,28.080,00000000
117260,28.260,00000000
117270,27.950,00000000
117280,28.004,00000000
117290,27.859,00000000
117300,27.978,00000000
117310,27.837,00000000
117320,27.949,00000000
117330,27.492,00000000
117340,27.363,00000000
117350,27.240,00000000
117360,27.383,00000000
117370,27.468,00000000
117380,27.639,00000000
117390,27.528,00000000
117400,27.614,00000000
117410,27.747,00000000
117420,28.117,00000000
117430,27.828,00000000
117440,27.895,00000000
117450,27.990,00000000
117460,28.019,00000000
117470,28.049,00000000
117480,28.063,00000000
117490,28.085,00000000
117500,27.935,00000000
117510,28.026,00000000
117520,27.745,00000000
117530,27.676,00000000
117540,27.446,00000000
117550,27.158,00000000
117560,27.256,00000000
117570,27.423,00000000
117580,27.612,00000000
117590,27.658,00000000
117600,27.689,00000000
117610,27.893,00000000
117620,27.796,00000000
117630,28.137,00000000
117640,27.970,00000000
117650,28.035,00000000
117660,28.132,00000000
117670,27.957,00000000
117680,28.243,00000000
117690,28.343,00000000
117700,28.037,00000000
117710,27.764,00000000
117720,27.866,00000000
117730,27.708,00000000
117740,27.296,00000000
117750,27.198,00000000
117760,27.266,00000000
117770,27.584,00000000
117780,27.414,00000000
117790,27.504,00000000
117800,27.753,00000000
117810,27.928,00000000
117820,27.895,00000000
117830,27.964,00000000
117840,28.062,00000000
117850,28.048,00000000
117860,28.024,00000000
117870,27.855,00000000
117880,28.053,00000000
117890,28.112,00000000
117900,27.941,00000000
117910,27.755,00000000
117920,27.670,00000000
117930,27.551,00000000
117940,27.395,00000000
117950,27.423,00000000
117960,27.401,00000000
117970,27.401,00000000
117980,27.714,00000000
117990,27.799,00000000
118000,27.697,00000000
118010,27.759,00000000
118020,28.038,00000000
118030,27.820,00000000
118040,27.869,00000000
118050,27.996,00000000
118060,28.041,00000000
118070,28.120,00000000
118080,27.999,00000000
118090,27.954,00000000
118100,27.885,00000000
118110,27.602,00000000
118120,27.498,00000000
118130,27.427,00000000
118140,27.292,00000000
118150,27.243,00000000
118160,27.292,00000000
118170,27.523,00000000
118180,27.739,00000000
118190,27.721,00000000
118200,27.644,00000000
118210,27.825,00000000
118220,28.096,00000000
118230,28.071,00000000
118240,27.829,00000000
118250,27.973,00000000
118260,28.207,00000000
118270,28.095,00000000
118280,28.117,00000000
118290,27.866,00000000
118300,27.849,00000000
118310,27.878,00000000
118320,27.739,00000000
118330,27.620,00000000
118340,27.217,00000000
118350,27.114,00000000
118360,27.314,00000000
118370,27.309,00000000
118380,27.566,00000000
118390,27.847,00000000
118400,27.836,00000000
118410,27.764,00000000
118420,27.805,00000000
118430,27.982,00000000
118440,28.174,00000000
118450,28.142,00000000
118460,27.949,00000000
118470,28.091,00000000
118480,28.222,00000000
118490,28.057,00000000
118500,27.835,00000000
118510,27.869,00000000
118520,27.726,00000000
118530,27.558,00000000
118540,27.116,00000000
118550,27.228,00000000
118560,27.248,00000000
118570,27.731,00000000
118580,27.627,00000000
118590,27.675,00000000
118600,27.673,00000000
118610,27.711,00000000
118620,27.942,00000000
118630,28.034,00000000
118640,28.144,00000000
118650,28.227,00000000
118660,27.985,00000000
118670,28.238,00000000
118680,27.922,00000000
118690,27.851,00000000
118700,27.958,00000000
118710,27.845,00000000
118720,27.658,00000000
118730,27.461,00000000
118740,27.389,00000000
118750,27.519,00000000
118760,27.480,00000000
118770,27.465,00000000
118780,27.504,00000000
118790,27.604,00000000
118800,27.808,00000000
118810,27.704,00000000
118820,27.929,00000000
118830,28.134,00000000
118840,27.878,00000000
118850,27.971,00000000
118860,28.059,00000000
118870,28.075,00000000
118880,28.128,00000000
118890,27.872,00000000
118900,27.881,00000000
118910,27.884,00000000
118920,27.831,00000000
118930,27.492,00000000
118940,27.318,00000000
118950,27.075,00000000
118960,27.322,00000000
118970,27.494,00000000
118980,27.658,00000000
118990,27.659,00000000
119000,27.675,00000000
119010,27.788,00000000
119020,27.735,00000000
119030,27.857,00000000
119040,28.078,00000000
119050,28.388,00000000
119060,28.091,00000000
119070,28.344,00000000
119080,28.272,00000000
119090,28.176,00000000
119100,27.804,00000000
119110,27.810,00000000
119120,27.777,00000000
119130,27.639,00000000
119140,27.141,00000000
119150,27.124,00000000
119160,27.335,00000000
119170,27.637,00000000
119180,27.593,00000000
119190,27.496,00000000
119200,27.633,00000000
119210,27.814,00000000
119220,27.845,00000000
119230,27.962,00000000
119240,28.192,00000000
119250,28.151,00000000
119260,28.029,00000000
119270,28.040,00000000
119280,27.997,00000000
119290,28.027,00000000
119300,28.119,00000000
119310,27.900,00000000
119320,27.770,00000000
119330,27.535,00000000
119340,27.142,00000000
119350,27.167,00000000
119360,27.465,00000000
119370,27.548,00000000
119380,27.534,00000000
119390,27.579,00000000
119400,27.701,00000000
119410,27.967,00000000
119420,27.919,00000000
119430,27.851,00000000
119440,28.086,00000000
119450,28.000,00000000
119460,28.160,00000000
119470,28.230,00000000
119480,27.999,00000000
119490,28.055,00000000
119500,28.108,00000000
119510,27.887,00000000
119520,27.648,00000000
119530,27.466,00000000
119540,27.080,00000000
119550,27.190,00000000
119560,27.476,00000000
119570,27.486,00000000
119580,27.578,00000000
119590,27.517,00000000
119600,27.802,00000000
119610,27.951,00000000
119620,27.946,00000000
119630,27.964,00000000
119640,27.987,00000000
119650,27.945,00000000
119660,28.029,00000000
119670,28.070,00000000
119680,28.269,00000000
119690,28.239,00000000
119700,27.890,00000000
119710,27.872,00000000
119720,27.869,00000000
119730,27.523,00000000
119740,27.054,00000000
119750,27.308,00000000
119760,27.489,00000000
119770,27.400,00000000
119780,27.587,00000000
119790,27.750,00000000
119800,27.554,00000000
119810,27.737,00000000
119820,27.971,00000000
119830,28.085,00000000
119840,27.907,00000000
119850,27.974,00000000
119860,28.012,00000000
119870,28.090,00000000
119880,28.084,00000000
119890,28.319,00000000
119900,28.085,00000000
119910,27.850,00000000
119920,27.537,00000000
119930,27.248,00000000
119940,27.176,00000000
119950,27.381,00000000
119960,27.302,00000000
119970,27.530,00000000
119980,27.431,00000000
119990,27.512,00000000
120000,27.891,00000000
120010,27.955,00000000
120020,28.084,00000000
120030,28.015,00000000
120040,27.951,00000000
120050,28.021,00000000
120060,28.031,00000000
120070,28.168,00000000
120080,28.118,00000000
120090,27.877,00000000
120100,27.839,00000000
120110,27.902,00000000
120120,27.800,00000000
120130,27.431,00000000
120140,27.202,00000000
120150,27.144,00000000
120160,27.513,00000000
120170,27.680,00000000
120180,27.667,00000000
120190,27.574,00000000
120200,27.858,00000000
120210,27.959,00000000
120220,28.071,00000000
120230,27.704,00000000
120240,27.761,00000000
120250,28.080,00000000
120260,28.142,00000000
120270,28.000,00000000
120280,28.107,00000000
120290,28.166,00000000
120300,27.913,00000000
120310,27.804,00000000
120320,27.582,00000000
120330,27.481,00000000
120340,27.047,00000000
120350,27.318,00000000
120360,27.451,00000000
120370,27.378,00000000
120380,27.579,00000000
120390,27.957,00000000
120400,27.971,00000000
120410,27.960,00000000
120420,27.792,00000000
120430,27.975,00000000
120440,28.067,00000000
120450,27.838,00000000
120460,27.907,00000000
120470,28.145,00000000
120480,28.150,00000000
120490,28.030,00000000
120500,27.997,00000000
120510,27.718,00000000
120520,27.556,00000000
120530,27.388,00000000
120540,27.308,00000000
120550,27.413,00000000
120560,27.295,00000000
120570,27.438,00000000
120580,27.665,00000000
120590,27.802,00000000
120600,27.661,00000000
120610,27.748,00000000
120620,27.891,00000000
120630,27.788,00000000
120640,27.854,00000000
120650,28.189,00000000
120660,28.240,00000000
120670,28.177,00000000
120680,28.113,00000000
120690,27.934,00000000
120700,28.113,00000000
120710,28.047,00000000
120720,27.776,00000000
120730,27.460,00000000
120740,27.285,00000000
120750,27.113,00000000
120760,27.187,00000000
120770,27.408,00000000
120780,27.448,00000000
120790,27.764,00000000
120800,27.856,00000000
120810,27.732,00000000
120820,27.981,00000000
120830,27.857,00000000
120840,27.882,00000000
120850,28.117,00000000
120860,28.131,00000000
120870,28.077,00000000
120880,27.943,00000000
120890,28.209,00000000
120900,28.196,00000000
120910,28.034,00000000
120920,27.708,00000000
120930,27.765,00000000
120940,27.543,00000000
120950,27.051,00000000
120960,27.363,00000000
120970,27.318,00000000
120980,27.574,00000000
120990,27.588,00000000
121000,27.738,00000000
121010,27.765,00000000
121020,27.878,00000000
121030,27.923,00000000
121040,27.975,00000000
121050,28.192,00000000
121060,28.072,00000000
121070,28.022,00000000
121080,27.949,00000000
121090,28.095,00000000
121100,27.825,00000000
121110,27.751,00000000
121120,27.684,00000000
121130,27.466,00000000
121140,27.353,00000000
121150,27.357,00000000
121160,27.453,00000000
121170,27.442,00000000
121180,27.642,00000000
121190,27.569,00000000
121200,27.736,00000000
121210,27.938,00000000
121220,28.024,00000000
121230,28.125,00000000
121240,27.928,00000000
121250,27.856,00000000
121260,28.123,00000000
121270,28.141,00000000
121280,27.980,00000000
121290,28.025,00000000
121300,27.725,00000000
121310,27.584,00000000
121320,27.562,00000000
121330,27.319,00000000
121340,27.276,00000000
121350,27.269,00000000
121360,27.320,00000000
121370,27.367,00000000
121380,27.667,00000000
121390,27.731,00000000
121400,27.815,00000000
121410,27.999,00000000
121420,27.891,00000000
121430,27.954,00000000
121440,28.131,00000000
121450,28.187,00000000
121460,28.191,00000000
121470,27.968,00000000
121480,27.880,00000000
121490,27.846,00000000
121500,27.750,00000000
121510,27.752,00000000
121520,27.664,00000000
121530,27.121,00000000
121540,27.398,00000000
121550,27.529,00000000
121560,27.642,00000000
121570,27.524,00000000
121580,27.663,00000000
121590,27.752,00000000
121600,27.738,00000000
121610,27.937,00000000
121620,28.031,00000000
121630,28.136,00000000
121640,28.071,00000000
121650,28.125,00000000
121660,28.209,00000000
121670,28.054,00000000
121680,27.837,00000000
121690,27.798,00000000
121700,27.567,00000000
121710,27.400,00000000
121720,27.321,00000000
121730,27.493,00000000
121740,27.510,00000000
121750,27.439,00000000
121760,27.742,00000000
121770,27.883,00000000
121780,27.625,00000000
121790,27.705,00000000
121800,27.925,00000000
121810,28.126,00000000
121820,28.095,00000000
121830,27.949,00000000
121840,28.025,00000000
121850,28.000,00000000
121860,28.037,00000000
121870,27.832,00000000
121880,27.707,00000000
121890,27.622,00000000
121900,27.472,00000000
121910,27.193,00000000
121920,27.206,00000000
121930,27.339,00000000
121940,27.541,00000000
121950,27.615,00000000
121960,27.761,00000000
121970,27.874,00000000
121980,27.798,00000000
121990,28.079,00000000
122000,28.244,00000000
122010,28.168,00000000
122020,28.183,00000000
122030,28.156,00000000
122040,27.991,00000000
122050,27.904,00000000
122060,27.721,00000000
122070,27.795,00000000
122080,27.616,00000000
122090,27.322,00000000
122100,27.131,00000000
122110,27.174,00000000
122120,27.514,00000000
122130,27.621,00000000
122140,27.647,00000000
122150,27.647,00000000
122160,27.778,00000000
122170,27.847,00000000
122180,27.959,00000000
122190,28.098,00000000
122200,28.103,00000000
122210,27.998,00000000
122220,28.034,00000000
122230,27.941,00000000
122240,28.062,00000000
122250,27.989,00000000
122260,27.766,00000000
122270,27.777,00000000
122280,27.455,00000000
122290,27.278,00000000
122300,27.290,00000000
122310,27.350,00000000
122320,27.419,00000000
122330,27.488,00000000
122340,27.561,00000000
122350,27.698,00000000
122360,27.838,00000000
122370,27.938,00000000
122380,27.851,00000000
122390,27.946,00000000
122400,27.931,00000000
122410,27.994,00000000
122420,28.237,00000000
122430,28.147,00000000
122440,28.191,00000000
122450,27.956,00000000
122460,27.784,00000000
122470,27.934,00000000
122480,27.711,00000000
122490,27.456,00000000
122500,27.120,00000000
122510,27.334,00000000
122520,27.582,00000000
122530,27.314,00000000
122540,27.516,00000000
122550,27.840,00000000
122560,27.786,00000000
122570,28.090,00000000
122580,27.992,00000000
122590,27.937,00000000
122600,28.009,00000000
122610,28.046,00000000
122620,28.027,00000000
122630,28.196,00000000
122640,28.018,00000000
122650,27.930,00000000
122660,27.792,00000000
122670,27.594,00000000
122680,27.575,00000000
122690,27.528,00000000
122700,27.264,00000000
122710,27.287,00000000
122720,27.480,00000000
122730,27.442,00000000
122740,27.653,00000000
122750,27.757,00000000
122760,27.789,00000000
122770,27.838,00000000
122780,27.814,00000000
122790,27.885,00000000
122800,28.001,00000000
122810,28.239,00000000
122820,28.212,00000000
122830,28.119,00000000
122840,27.941,00000000
122850,27.964,00000000
122860,28.042,00000000
122870,27.743,00000000
122880,27.520,00000000
122890,27.186,00000000
122900,27.261,00000000
122910,27.435,00000000
122920,27.379,00000000
122930,27.490,00000000
122940,27.628,00000000
122950,27.828,00000000
122960,27.870,00000000
122970,27.752,00000000
122980,27.886,00000000
122990,27.942,00000000
123000,444.214,X0000000
123010,232.405,10000000
123020,156.573,10000000
123030,128.453,10000000
123040,118.217,10000000
123050,819.549,10000000
123060,370.545,10000000
123070,208.981,10000000
123080,148.628,10000000
123090,127.068,10000000
123100,119.230,10000000
123110,115.998,10000000
123120,115.319,10000000
123130,115.233,10000000
123140,115.189,10000000
123150,115.037,10000000
123160,114.585,10000000
123170,114.021,10000000
123180,112.100,10000000
123190,111.810,10000000
123200,112.254,10000000
123210,112.122,10000000
123220,112.344,10000000
123230,112.466,10000000
123240,112.603,10000000
123250,112.774,10000000
123260,113.034,10000000
123270,113.547,10000000
123280,113.597,10000000
123290,113.899,10000000
123300,114.337,10000000
123310,114.183,10000000
123320,114.501,10000000
123330,114.757,10000000
123340,114.902,10000000
123350,114.934,10000000
123360,114.836,10000000
123370,115.500,10000000
123380,114.410,10000000
123390,112.344,10000000
123400,112.274,10000000
123410,112.658,10000000
123420,112.068,10000000
123430,112.687,10000000
123440,112.958,10000000
123450,112.888,10000000
123460,113.020,10000000
123470,113.706,10000000
123480,113.526,10000000
123490,114.065,10000000
123500,114.136,10000000
123510,114.193,10000000
123520,114.416,10000000
123530,114.946,10000000
123540,115.254,10000000
123550,115.213,10000000
123560,115.795,10000000
123570,116.076,10000000
123580,115.317,10000000
123590,114.250,10000000
123600,112.061,10000000
123610,112.089,10000000
123620,112.342,10000000
123630,112.429,10000000
123640,112.435,10000000
123650,112.625,10000000
123660,112.831,10000000
123670,113.091,10000000
123680,113.057,10000000
123690,113.722,10000000
123700,113.518,10000000
123710,114.190,10000000
123720,114.019,10000000
123730,114.661,10000000
123740,114.936,10000000
123750,114.922,10000000
123760,115.226,10000000
123770,115.759,10000000
123780,115.413,10000000
123790,115.129,10000000
123800,113.408,10000000
123810,112.092,10000000
123820,112.234,10000000
123830,112.768,10000000
123840,112.394,10000000
123850,112.564,10000000
123860,112.893,10000000
123870,113.488,10000000
123880,113.291,10000000
123890,113.814,10000000
123900,113.854,10000000
123910,113.932,10000000
123920,114.287,10000000
123930,114.925,10000000
123940,115.093,10000000
123950,115.372,10000000
123960,115.533,10000000
123970,115.409,10000000
123980,115.539,10000000
123990,115.466,10000000
124000,114.722,10000000
124010,113.016,10000000
124020,112.353,10000000
124030,112.482,10000000
124040,112.652,10000000
124050,112.781,10000000
124060,571.688,10000000
124070,280.309,10000000
124080,175.223,10000000
124090,136.512,10000000
124100,121.802,10000000
124110,117.320,10000000
124120,114.972,10000000
124130,114.754,10000000
124140,114.503,10000000
124150,114.568,10000000
124160,114.573,10000000
124170,114.956,10000000
124180,115.585,10000000
124190,115.802,10000000
124200,115.426,10000000
124210,115.664,10000000
124220,114.996,10000000
124230,113.016,10000000
124240,112.155,10000000
124250,112.565,10000000
124260,112.522,10000000
124270,113.054,10000000
124280,112.988,10000000
124290,113.109,10000000
124300,113.208,10000000
124310,113.662,10000000
124320,113.736,10000000
124330,114.069,10000000
124340,114.110,10000000
124350,114.816,10000000
124360,114.398,10000000
124370,114.976,10000000
124380,115.425,10000000
124390,115.647,10000000
124400,115.878,10000000
124410,115.684,10000000
124420,115.411,10000000
124430,114.264,10000000
124440,112.280,10000000
124450,112.538,10000000
124460,112.572,10000000
124470,113.246,10000000
124480,113.221,10000000
124490,112.928,10000000
124500,113.109,10000000
124510,113.814,10000000
124520,113.578,10000000
124530,114.069,10000000
124540,114.001,10000000
124550,114.097,10000000
124560,114.304,10000000
124570,115.295,10000000
124580,115.519,10000000
124590,115.626,10000000
124600,115.357,10000000
124610,115.516,10000000
124620,115.591,10000000
124630,115.884,10000000
124640,114.749,10000000
124650,112.797,10000000
124660,112.514,10000000
124670,112.746,10000000
124680,112.606,10000000
124690,112.980,10000000
124700,113.225,10000000
124710,113.537,10000000
124720,113.443,10000000
124730,113.826,10000000
124740,113.929,10000000
124750,114.092,10000000
124760,114.215,10000000
124770,114.932,10000000
124780,114.487,10000000
124790,115.199,10000000
124800,115.040,10000000
124810,116.020,10000000
124820,115.952,10000000
124830,115.940,10000000
124840,114.997,10000000
124850,113.995,10000000
124860,112.305,10000000
124870,112.635,10000000
124880,113.009,10000000
124890,113.163,10000000
124900,113.043,10000000
124910,113.226,10000000
124920,113.776,10000000
124930,114.043,10000000
124940,113.702,10000000
124950,114.357,10000000
124960,114.448,10000000
124970,114.948,10000000
124980,114.503,10000000
124990,115.157,10000000
125000,115.152,10000000
125010,115.306,10000000
125020,115.747,10000000
125030,115.600,10000000
125040,115.613,10000000
125050,115.129,10000000
125060,663.321,10000000
125070,313.945,10000000
125080,188.443,10000000
125090,141.648,10000000
125100,124.391,10000000
125110,118.088,10000000
125120,115.863,10000000
125130,115.492,10000000
125140,115.206,10000000
125150,115.784,10000000
125160,115.402,10000000
125170,115.911,10000000
125180,115.812,10000000
125190,115.540,10000000
125200,113.757,10000000
125210,112.728,10000000
125220,112.583,10000000
125230,113.096,10000000
125240,113.305,10000000
125250,113.452,10000000
125260,113.216,10000000
125270,113.924,10000000
125280,113.967,10000000
125290,114.017,10000000
125300,113.998,10000000
125310,114.825,10000000
125320,114.019,10000000
125330,114.925,10000000
125340,115.347,10000000
125350,115.327,10000000
125360,115.633,10000000
125370,115.434,10000000
125380,115.407,10000000
125390,115.568,10000000
125400,114.895,10000000
125410,114.204,10000000
125420,112.575,10000000
125430,112.481,10000000
125440,112.558,10000000
125450,113.112,10000000
125460,113.393,10000000
125470,113.055,10000000
125480,113.005,10000000
125490,113.272,10000000
125500,113.741,10000000
125510,113.964,10000000
125520,114.036,10000000
125530,114.458,10000000
125540,114.286,10000000
125550,114.777,10000000
125560,114.757,10000000
125570,115.207,10000000
125580,115.287,10000000
125590,115.880,10000000
125600,115.567,10000000
125610,115.387,10000000
125620,113.816,10000000
125630,112.550,10000000
125640,112.753,10000000
125650,112.717,10000000
125660,112.404,10000000
125670,113.302,10000000
125680,112.966,10000000
125690,113.643,10000000
125700,113.711,10000000
125710,113.619,10000000
125720,113.703,10000000
125730,114.203,10000000
125740,114.214,10000000
125750,114.623,10000000
125760,114.574,10000000
125770,115.029,10000000
125780,115.402,10000000
125790,115.749,10000000
125800,115.384,10000000
125810,115.646,10000000
125820,115.526,10000000
125830,114.220,10000000
125840,112.746,10000000
125850,112.766,10000000
125860,113.094,10000000
125870,112.774,10000000
125880,112.872,10000000
125890,113.053,10000000
125900,113.142,10000000
125910,113.830,10000000
125920,113.808,10000000
125930,114.114,10000000
125940,114.138,10000000
125950,114.691,10000000
125960,114.530,10000000
125970,114.791,10000000
125980,115.094,10000000
125990,115.631,10000000
126000,115.410,10000000
126010,115.494,10000000
126020,115.392,10000000
126030,115.348,10000000
126040,113.125,10000000
126050,136.013,X0000000
126060,62.941,00000000
126070,40.389,00000000
126080,32.570,00000000
126090,29.449,00000000
126100,28.339,00000000
126110,27.966,00000000
126120,27.956,00000000
126130,28.100,00000000
126140,28.100,00000000
126150,28.014,00000000
126160,28.006,00000000
126170,28.016,00000000
126180,28.140,00000000
126190,28.038,00000000
126200,27.881,00000000
126210,27.669,00000000
126220,27.775,00000000
126230,27.448,00000000
126240,27.211,00000000
126250,27.132,00000000
126260,27.297,00000000
126270,27.426,00000000
126280,27.699,00000000
126290,27.741,00000000
126300,27.674,00000000
126310,27.946,00000000
126320,28.059,00000000
126330,27.986,00000000
126340,28.077,00000000
126350,27.927,00000000
126360,28.001,00000000
126370,28.229,00000000
126380,28.079,00000000
126390,28.078,00000000
126400,27.888,00000000
126410,27.705,00000000
126420,27.561,00000000
126430,27.571,00000000
126440,27.180,00000000
126450,27.147,00000000
126460,27.461,00000000
126470,27.648,00000000
126480,27.545,00000000
126490,27.644,00000000
126500,27.733,00000000
126510,27.747,00000000
126520,27.886,00000000
126530,28.091,00000000
126540,28.220,00000000
126550,28.062,00000000
126560,28.067,00000000
126570,28.311,00000000
126580,28.240,00000000
126590,28.154,00000000
126600,27.830,00000000
126610,27.842,00000000
126620,27.415,00000000
126630,27.311,00000000
126640,27.216,00000000
126650,27.261,00000000
126660,27.413,00000000
126670,27.426,00000000
126680,27.582,00000000
126690,27.710,00000000
126700,27.754,00000000
126710,27.785,00000000
126720,27.928,00000000
126730,28.207,00000000
126740,28.177,00000000
126750,28.184,00000000
126760,28.005,00000000
126770,28.119,00000000
126780,27.959,00000000
126790,28.053,00000000
126800,28.143,00000000
126810,27.976,00000000
126820,27.603,00000000
126830,27.396,00000000
126840,27.370,00000000
126850,27.430,00000000
126860,27.259,00000000
126870,27.415,00000000
126880,27.587,00000000
126890,27.712,00000000
126900,27.743,00000000
126910,27.877,00000000
126920,28.045,00000000
126930,27.975,00000000
126940,28.052,00000000
126950,28.167,00000000
126960,28.282,00000000
126970,28.080,00000000
126980,28.102,00000000
126990,27.993,00000000
127000,27.969,00000000
127010,27.854,00000000
127020,27.645,00000000
127030,27.368,00000000
127040,27.341,00000000
127050,27.259,00000000
127060,27.559,00000000
127070,27.538,00000000
127080,27.615,00000000
127090,27.470,00000000
127100,27.692,00000000
127110,27.856,00000000
127120,27.983,00000000
127130,28.028,00000000
127140,28.069,00000000
127150,27.991,00000000
127160,28.048,00000000
127170,27.977,00000000
127180,28.027,00000000
127190,28.148,00000000
127200,27.949,00000000
127210,27.862,00000000
127220,27.624,00000000
127230,27.611,00000000
127240,27.285,00000000
127250,27.129,00000000
127260,27.390,00000000
127270,27.425,00000000
127280,27.521,00000000
127290,27.736,00000000
127300,27.719,00000000
127310,27.826,00000000
127320,27.981,00000000
127330,28.120,00000000
127340,28.217,00000000
127350,28.068,00000000
127360,27.912,00000000
127370,27.937,00000000
127380,27.977,00000000
127390,28.142,00000000
127400,27.918,00000000
127410,27.880,00000000
127420,27.730,00000000
127430,27.545,00000000
127440,27.192,00000000
127450,27.211,00000000
127460,27.426,00000000
127470,27.626,00000000
127480,27.450,00000000
127490,27.543,00000000
127500,27.610,00000000
127510,27.892,00000000
127520,28.137,00000000
127530,27.823,00000000
127540,27.881,00000000
127550,27.937,00000000
127560,28.044,00000000
127570,28.196,00000000
127580,28.054,00000000
127590,27.987,00000000
127600,28.031,00000000
127610,27.773,00000000
127620,27.638,00000000
127630,27.386,00000000
127640,27.303,00000000
127650,27.150,00000000
127660,27.352,00000000
127670,27.470,00000000
127680,27.467,00000000
127690,27.672,00000000
127700,27.650,00000000
127710,27.932,00000000
127720,28.040,00000000
127730,28.162,00000000
127740,27.923,00000000
127750,28.195,00000000
127760,28.242,00000000
127770,27.928,00000000
127780,28.019,00000000
127790,28.167,00000000
127800,27.799,00000000
127810,27.732,00000000
127820,27.652,00000000
127830,27.442,00000000
127840,27.134,00000000
127850,27.316,00000000
127860,27.538,00000000
127870,27.584,00000000
127880,27.598,00000000
127890,27.726,00000000
127900,27.757,00000000
127910,27.801,00000000
127920,27.952,00000000
127930,28.012,00000000
127940,28.166,00000000
127950,27.914,00000000
127960,28.022,00000000
127970,27.982,00000000
127980,28.162,00000000
127990,28.225,00000000
128000,27.854,00000000
128010,27.819,00000000
128020,27.562,00000000
128030,27.565,00000000
128040,27.267,00000000
128050,27.242,00000000
128060,27.317,00000000
128070,27.479,00000000
128080,27.818,00000000
128090,27.664,00000000
128100,27.827,00000000
128110,27.728,00000000
128120,28.008,00000000
128130,27.942,00000000
128140,27.984,00000000
128150,28.212,00000000
128160,28.091,00000000
128170,28.250,00000000
128180,28.140,00000000
128190,28.111,00000000
128200,27.858,00000000
128210,27.772,00000000
128220,27.487,00000000
128230,27.294,00000000
128240,27.170,00000000
128250,27.291,00000000
128260,27.308,00000000
128270,27.452,00000000
128280,27.702,00000000
128290,27.708,00000000
128300,27.761,00000000
128310,27.763,00000000
128320,27.817,00000000
128330,27.954,00000000
128340,28.150,00000000
128350,28.390,00000000
128360,28.121,00000000
128370,28.033,00000000
128380,27.938,00000000
128390,27.938,00000000
128400,27.933,00000000
128410,27.862,00000000
128420,27.761,00000000
128430,27.349,00000000
128440,27.109,00000000
128450,27.257,00000000
128460,27.295,00000000
128470,27.488,00000000
128480,27.829,00000000
128490,27.730,00000000
128500,27.765,00000000
128510,27.808,00000000
128520,27.893,00000000
128530,28.056,00000000
128540,28.121,00000000
128550,28.051,00000000
128560,27.950,00000000
128570,27.986,00000000
128580,27.982,00000000
128590,27.868,00000000
128600,27.734,00000000
128610,27.845,00000000
128620,27.450,00000000
128630,27.246,00000000
128640,27.246,00000000
128650,27.283,00000000
128660,27.366,00000000
128670,27.711,00000000
128680,27.800,00000000
128690,27.850,00000000
128700,27.961,00000000
128710,27.969,00000000
128720,28.054,00000000
128730,28.144,00000000
128740,28.202,00000000
128750,28.088,00000000
128760,28.034,00000000
128770,28.003,00000000
128780,28.014,00000000
128790,27.901,00000000
128800,27.683,00000000
128810,27.546,00000000
128820,27.353,00000000
128830,27.191,00000000
128840,27.468,00000000
128850,27.550,00000000
128860,27.506,00000000
128870,27.573,00000000
128880,27.866,00000000
128890,27.899,00000000
128900,28.026,00000000
128910,28.002,00000000
128920,27.946,00000000
128930,28.113,00000000
128940,28.253,00000000
128950,28.088,00000000
128960,28.129,00000000
128970,28.095,00000000
128980,27.755,00000000
128990,27.765,00000000
129000,27.593,00000000
129010,27.465,00000000
129020,27.042,00000000
129030,27.355,00000000
129040,27.290,00000000
129050,27.683,00000000
129060,27.657,00000000
129070,27.725,00000000
129080,27.770,00000000
129090,27.949,00000000
129100,27.958,00000000
129110,28.134,00000000
129120,28.054,00000000
129130,28.033,00000000
129140,28.058,00000000
129150,27.952,00000000
129160,27.957,00000000
129170,27.998,00000000
129180,27.709,00000000
129190,27.525,00000000
129200,27.274,00000000
129210,27.222,00000000
129220,27.266,00000000
129230,27.514,00000000
129240,27.698,00000000
129250,27.804,00000000
129260,27.721,00000000
129270,27.706,00000000
129280,27.894,00000000
129290,28.143,00000000
129300,28.124,00000000
129310,28.044,00000000
129320,27.949,00000000
129330,28.131,00000000
129340,28.266,00000000
129350,28.162,00000000
129360,27.806,00000000
129370,27.774,00000000
129380,27.862,00000000
129390,27.578,00000000
129400,27.378,00000000
129410,27.299,00000000
129420,27.403,00000000
129430,27.380,00000000
129440,27.568,00000000
129450,27.492,00000000
129460,27.698,00000000
129470,27.879,00000000
129480,27.842,00000000
129490,27.963,00000000
129500,27.913,00000000
129510,27.999,00000000
129520,28.032,00000000
129530,28.284,00000000
129540,28.377,00000000
129550,28.023,00000000
129560,28.101,00000000
129570,28.021,00000000
129580,27.773,00000000
129590,27.509,00000000
129600,27.230,00000000
129610,27.041,00000000
129620,27.254,00000000
129630,27.280,00000000
129640,27.485,00000000
129650,27.669,00000000
129660,27.851,00000000
129670,27.780,00000000
129680,27.793,00000000
129690,27.868,00000000
129700,28.085,00000000
129710,28.267,00000000
129720,27.882,00000000
129730,27.900,00000000
129740,28.154,00000000
129750,27.927,00000000
129760,27.883,00000000
129770,27.828,00000000
129780,27.656,00000000
129790,27.468,00000000
129800,27.071,00000000
129810,27.080,00000000
129820,27.443,00000000
129830,27.607,00000000
129840,27.670,00000000
129850,27.698,00000000
129860,27.879,00000000
129870,27.689,00000000
129880,27.764,00000000
129890,27.843,00000000
129900,28.094,00000000
129910,28.233,00000000
129920,28.223,00000000
129930,27.940,00000000
129940,28.055,00000000
129950,28.063,00000000
129960,28.018,00000000
129970,27.639,00000000
129980,27.659,00000000
129990,27.644,00000000
130000,27.099,00000000
130010,27.324,00000000
130020,27.491,00000000
130030,27.586,00000000
130040,27.653,00000000
130050,27.704,00000000
130060,27.652,00000000
130070,27.918,00000000
130080,27.995,00000000
130090,27.832,00000000
130100,27.891,00000000
130110,28.190,00000000
130120,27.872,00000000
130130,28.193,00000000
130140,27.904,00000000
130150,27.998,00000000
130160,27.815,00000000
130170,27.823,00000000
130180,27.621,00000000
130190,27.399,00000000
130200,27.146,00000000
130210,27.396,00000000
130220,27.612,00000000
130230,27.579,00000000
130240,27.392,00000000
130250,27.559,00000000
130260,27.769,00000000
130270,27.918,00000000
130280,28.037,00000000
130290,27.864,00000000
130300,28.166,00000000
130310,28.116,00000000
130320,27.986,00000000
130330,28.021,00000000
130340,27.953,00000000
130350,28.127,00000000
130360,27.878,00000000
130370,27.718,00000000
130380,27.456,00000000
130390,27.315,00000000
130400,27.387,00000000
130410,27.463,00000000
130420,27.470,00000000
130430,27.354,00000000
130440,27.701,00000000
130450,27.764,00000000
130460,27.648,00000000
130470,27.907,00000000
130480,28.036,00000000
130490,28.121,00000000
130500,27.983,00000000
130510,28.037,00000000
130520,27.942,00000000
130530,28.024,00000000
130540,28.140,00000000
130550,27.927,00000000
130560,27.862,00000000
130570,27.765,00000000
130580,27.576,00000000
130590,27.374,00000000
130600,27.086,00000000
130610,27.295,00000000
130620,27.273,00000000
130630,27.450,00000000
130640,27.768,00000000
130650,27.647,00000000
130660,27.688,00000000
130670,27.939,00000000
130680,28.008,00000000
130690,28.015,00000000
130700,27.992,00000000
130710,27.913,00000000
130720,28.061,00000000
130730,28.073,00000000
130740,27.937,00000000
130750,28.121,00000000
130760,28.037,00000000
130770,27.810,00000000
130780,27.434,00000000
130790,27.245,00000000
130800,27.259,00000000
130810,27.349,00000000
130820,27.257,00000000
130830,27.359,00000000
130840,27.784,00000000
130850,27.676,00000000
130860,27.728,00000000
130870,27.720,00000000
130880,28.004,00000000
130890,28.132,00000000
130900,28.069,00000000
130910,27.882,00000000
130920,27.956,00000000
130930,28.254,00000000
130940,28.304,00000000
130950,28.113,00000000
130960,27.762,00000000
130970,27.772,00000000
130980,27.685,00000000
130990,27.367,00000000
131000,27.124,00000000
131010,27.146,00000000
131020,27.388,00000000
131030,27.625,00000000
131040,27.610,00000000
131050,27.655,00000000
131060,27.732,00000000
131070,27.806,00000000
131080,27.936,00000000
131090,28.071,00000000
131100,27.996,00000000
131110,28.134,00000000
131120,28.006,00000000
131130,28.097,00000000
131140,28.197,00000000
131150,27.948,00000000
131160,27.827,00000000
131170,27.584,00000000
131180,27.442,00000000
131190,27.444,00000000
131200,27.117,00000000
131210,27.241,00000000
131220,27.582,00000000
131230,27.522,00000000
131240,27.583,00000000
131250,27.696,00000000
131260,27.693,00000000
131270,27.987,00000000
131280,28.041,00000000
131290,27.924,00000000
131300,28.169,00000000
131310,28.162,00000000
131320,28.101,00000000
131330,28.012,00000000
131340,27.945,00000000
131350,27.870,00000000
131360,27.738,00000000
131370,27.665,00000000
131380,27.360,00000000
131390,27.214,00000000
131400,27.194,00000000
131410,27.352,00000000
131420,27.552,00000000
131430,27.597,00000000
131440,27.777,00000000
131450,27.723,00000000
131460,27.795,00000000
131470,28.045,00000000
131480,27.917,00000000
131490,28.133,00000000
131500,28.046,00000000
131510,27.946,00000000
131520,28.042,00000000
131530,27.996,00000000
131540,28.154,00000000
131550,27.783,00000000
131560,27.690,00000000
131570,27.515,00000000
131580,27.496,00000000
131590,27.258,00000000
131600,27.286,00000000
131610,27.356,00000000
131620,27.488,00000000
131630,27.605,00000000
131640,27.605,00000000
131650,27.723,00000000
131660,27.812,00000000
131670,27.979,00000000
131680,28.200,00000000
131690,28.109,00000000
131700,27.981,00000000
131710,28.209,00000000
131720,28.188,00000000
131730,28.162,00000000
131740,27.942,00000000
131750,27.994,00000000
131760,27.811,00000000
131770,27.633,00000000
131780,27.293,00000000
131790,27.116,00000000
131800,27.129,00000000
131810,27.352,00000000
131820,27.554,00000000
131830,27.602,00000000
131840,27.686,00000000
131850,27.759,00000000
131860,27.892,00000000
131870,28.029,00000000
131880,28.076,00000000
131890,28.194,00000000
131900,28.072,00000000
131910,27.984,00000000
131920,28.109,00000000
131930,28.054,00000000
131940,28.072,00000000
131950,27.925,00000000
131960,27.800,00000000
131970,27.489,00000000
131980,27.334,00000000
131990,27.136,00000000
132000,27.375,00000000
132010,27.430,00000000
132020,27.440,00000000
132030,27.581,00000000
132040,27.697,00000000
132050,27.884,00000000
132060,27.771,00000000
132070,27.942,00000000
132080,28.054,00000000
132090,28.088,00000000
132100,28.195,00000000
132110,28.057,00000000
132120,28.095,00000000
132130,27.941,00000000
132140,28.024,00000000
132150,28.029,00000000
132160,27.813,00000000
132170,27.543,00000000
132180,27.261,00000000
132190,27.342,00000000
132200,27.344,00000000
132210,27.319,00000000
132220,27.728,00000000
132230,27.695,00000000
132240,27.746,00000000
132250,27.848,00000000
132260,27.645,00000000
132270,27.733,00000000
132280,27.884,00000000
132290,28.148,00000000
132300,28.028,00000000
132310,28.015,00000000
132320,27.965,00000000
132330,27.973,00000000
132340,28.174,00000000
132350,27.870,00000000
132360,27.946,00000000
132370,27.504,00000000
132380,27.181,00000000
132390,27.173,00000000
132400,27.216,00000000
132410,27.333,00000000
132420,27.486,00000000
132430,27.613,00000000
132440,27.642,00000000
132450,27.789,00000000
132460,27.962,00000000
132470,27.811,00000000
132480,28.017,00000000
132490,28.165,00000000
132500,28.063,00000000
132510,28.152,00000000
132520,28.087,00000000
132530,27.995,00000000
132540,28.009,00000000
132550,27.858,00000000
132560,27.836,00000000
132570,27.636,00000000
132580,27.458,00000000
132590,27.131,00000000
132600,27.153,00000000
132610,27.316,00000000
132620,27.655,00000000
132630,27.520,00000000
132640,27.643,00000000
132650,27.692,00000000
132660,27.909,00000000
132670,28.074,00000000
132680,28.094,00000000
132690,27.910,00000000
132700,27.966,00000000
132710,28.144,00000000
132720,28.184,00000000
132730,28.016,00000000
132740,28.064,00000000
132750,27.816,00000000
132760,27.809,00000000
132770,27.728,00000000
132780,27.379,00000000
132790,27.176,00000000
132800,27.267,00000000
132810,27.537,00000000
132820,27.461,00000000
132830,27.581,00000000
132840,27.660,00000000
132850,27.758,00000000
132860,27.883,00000000
132870,27.868,00000000
132880,28.049,00000000
132890,28.159,00000000
132900,27.986,00000000
132910,28.204,00000000
132920,28.143,00000000
132930,28.121,00000000
132940,27.904,00000000
132950,27.793,00000000
132960,27.786,00000000
132970,27.578,00000000
132980,27.425,00000000
132990,27.229,00000000
133000,27.380,00000000
133010,27.318,00000000
133020,27.585,00000000
133030,27.499,00000000
133040,27.611,00000000
133050,27.972,00000000
133060,27.955,00000000
133070,27.757,00000000
133080,27.830,00000000
133090,28.004,00000000
133100,28.303,00000000
133110,28.153,00000000
133120,28.215,00000000
133130,27.911,00000000
133140,27.885,00000000
133150,27.896,00000000
133160,27.673,00000000
133170,27.664,00000000
133180,27.551,00000000
133190,27.264,00000000
133200,27.193,00000000
133210,27.463,00000000
133220,27.642,00000000
133230,27.566,00000000
133240,27.661,00000000
133250,27.690,00000000
133260,27.974,00000000
133270,27.952,00000000
133280,28.053,00000000
133290,28.191,00000000
133300,28.141,00000000
133310,28.258,00000000
133320,28.160,00000000
133330,27.969,00000000
133340,28.057,00000000
133350,27.871,00000000
133360,27.838,00000000
133370,27.400,00000000
133380,27.389,00000000
133390,27.176,00000000
133400,27.156,00000000
133410,27.396,00000000
133420,27.564,00000000
133430,27.523,00000000
133440,27.638,00000000
133450,27.693,00000000
133460,27.816,00000000
133470,27.846,00000000
133480,27.947,00000000
133490,28.235,00000000
133500,27.975,00000000
133510,27.971,00000000
133520,28.202,00000000
133530,28.149,00000000
133540,27.850,00000000
133550,27.771,00000000
133560,27.645,00000000
133570,27.504,00000000
133580,27.417,00000000
133590,27.496,00000000
133600,27.467,00000000
133610,27.588,00000000
133620,27.400,00000000
133630,27.683,00000000
133640,27.688,00000000
133650,27.651,00000000
133660,27.761,00000000
133670,27.922,00000000
133680,28.144,00000000
133690,28.255,00000000
133700,27.974,00000000
133710,28.017,00000000
133720,28.206,00000000
133730,28.147,00000000
133740,28.033,00000000
133750,27.595,00000000
133760,27.500,00000000
133770,27.450,00000000
133780,27.251,00000000
133790,27.271,00000000
133800,27.441,00000000
133810,27.497,00000000
133820,27.795,00000000
133830,27.752,00000000
133840,27.843,00000000
133850,28.009,00000000
133860,27.926,00000000
133870,27.960,00000000
133880,27.962,00000000
133890,28.006,00000000
133900,28.127,00000000
133910,28.163,00000000
133920,28.097,00000000
133930,28.051,00000000
133940,27.948,00000000
133950,27.919,00000000
133960,27.639,00000000
133970,27.448,00000000
133980,27.275,00000000
133990,27.210,00000000
134000,27.444,00000000
134010,27.381,00000000
134020,27.577,00000000
134030,27.640,00000000
134040,27.739,00000000
134050,27.832,00000000
134060,27.848,00000000
134070,27.938,00000000
134080,28.045,00000000
134090,28.273,00000000
134100,28.188,00000000
134110,28.130,00000000
134120,28.063,00000000
134130,27.945,00000000
134140,27.952,00000000
134150,27.765,00000000
134160,27.603,00000000
134170,27.409,00000000
134180,27.116,00000000
134190,27.262,00000000
134200,27.476,00000000
134210,27.537,00000000
134220,27.579,00000000
134230,27.593,00000000
134240,27.813,00000000
134250,27.756,00000000
134260,28.033,00000000
134270,28.119,00000000
134280,27.936,00000000
134290,28.085,00000000
134300,27.987,00000000
134310,28.149,00000000
134320,28.047,00000000
134330,28.190,00000000
134340,27.953,00000000
134350,27.989,00000000
134360,27.869,00000000
134370,27.498,00000000
134380,27.109,00000000
134390,27.297,00000000
134400,27.317,00000000
134410,27.563,00000000
134420,27.671,00000000
134430,27.648,00000000
134440,27.890,00000000
134450,27.767,00000000
134460,27.939,00000000
134470,27.893,00000000
134480,27.974,00000000
134490,28.229,00000000
134500,28.107,00000000
134510,28.020,00000000
134520,28.092,00000000
134530,28.007,00000000
134540,28.103,00000000
134550,27.761,00000000
134560,27.526,00000000
134570,27.414,00000000
134580,27.113,00000000
134590,27.343,00000000
134600,27.509,00000000
134610,27.579,00000000
134620,27.576,00000000
134630,27.648,00000000
134640,27.689,00000000
134650,27.938,00000000
134660,27.969,00000000
134670,28.034,00000000
134680,28.157,00000000
134690,27.977,00000000
134700,28.091,00000000
134710,28.252,00000000
134720,28.117,00000000
134730,27.905,00000000
134740,27.839,00000000
134750,27.943,00000000
134760,27.673,00000000
134770,27.273,00000000
134780,27.047,00000000
134790,27.284,00000000
134800,27.436,00000000
134810,27.511,00000000
134820,27.584,00000000
134830,27.700,00000000
134840,27.752,00000000
134850,27.779,00000000
134860,28.045,00000000
134870,28.057,00000000
134880,28.089,00000000
134890,28.181,00000000
134900,28.035,00000000
134910,28.155,00000000
134920,28.175,00000000
134930,28.060,00000000
134940,27.780,00000000
134950,27.842,00000000
134960,27.738,00000000
134970,27.479,00000000
134980,26.912,00000000
134990,27.087,00000000
135000,27.224,00000000
135010,27.434,00000000
135020,27.713,00000000
135030,27.681,00000000
135040,27.967,00000000
135050,28.075,00000000
135060,28.098,00000000
135070,28.051,00000000
135080,27.944,00000000
135090,28.108,00000000
135100,28.131,00000000
135110,27.964,00000000
135120,27.923,00000000
135130,27.833,00000000
135140,27.811,00000000
135150,27.898,00000000
135160,27.720,00000000
135170,27.317,00000000
135180,27.121,00000000
135190,27.157,00000000
135200,27.512,00000000
135210,27.607,00000000
135220,27.567,00000000
135230,27.545,00000000
135240,27.905,00000000
135250,27.932,00000000
135260,27.799,00000000
135270,27.998,00000000
135280,28.201,00000000
135290,28.075,00000000
135300,27.982,00000000
135310,28.005,00000000
135320,27.910,00000000
135330,28.034,00000000
135340,28.062,00000000
135350,27.657,00000000
135360,27.706,00000000
135370,27.598,00000000
135380,27.377,00000000
135390,27.312,00000000
135400,27.427,00000000
135410,27.374,00000000
135420,27.559,00000000
135430,27.784,00000000
135440,27.910,00000000
135450,27.898,00000000
135460,28.038,00000000
135470,28.016,00000000
135480,27.967,00000000
135490,28.067,00000000
135500,28.101,00000000
135510,28.215,00000000
135520,28.085,00000000
135530,27.875,00000000
135540,27.785,00000000
135550,27.673,00000000
135560,27.535,00000000
135570,27.360,00000000
135580,27.181,00000000
135590,27.371,00000000
135600,27.339,00000000
135610,27.483,00000000
135620,27.681,00000000
135630,27.790,00000000
135640,27.648,00000000
135650,27.872,00000000
135660,27.913,00000000
135670,28.146,00000000
135680,28.216,00000000
135690,28.149,00000000
135700,28.110,00000000
135710,28.032,00000000
135720,28.099,00000000
135730,28.140,00000000
135740,27.792,00000000
135750,27.703,00000000
135760,27.814,00000000
135770,27.462,00000000
135780,26.934,00000000
135790,27.208,00000000
135800,27.316,00000000
135810,27.552,00000000
135820,27.635,00000000
135830,27.824,00000000
135840,27.761,00000000
135850,27.864,00000000
135860,28.036,00000000
135870,27.951,00000000
135880,27.922,00000000
135890,28.112,00000000
135900,28.045,00000000
135910,28.165,00000000
135920,28.098,00000000
135930,28.096,00000000
135940,27.874,00000000
135950,27.902,00000000
135960,27.788,00000000
135970,27.547,00000000
135980,27.025,00000000
135990,27.125,00000000
136000,27.238,00000000
136010,27.389,00000000
136020,27.634,00000000
136030,27.733,00000000
136040,28.010,00000000
136050,27.839,00000000
136060,28.104,00000000
136070,28.054,00000000
136080,27.954,00000000
136090,28.275,00000000
136100,28.146,00000000
136110,28.037,00000000
136120,28.063,00000000
136130,27.943,00000000
136140,28.008,00000000
136150,27.781,00000000
136160,27.547,00000000
136170,27.252,00000000
136180,27.279,00000000
136190,27.388,00000000
136200,27.438,00000000
136210,27.545,00000000
136220,27.396,00000000
136230,27.824,00000000
136240,27.867,00000000
136250,27.969,00000000
136260,27.946,00000000
136270,27.984,00000000
136280,27.852,00000000
136290,28.170,00000000
136300,27.928,00000000
136310,27.973,00000000
136320,27.936,00000000
136330,27.641,00000000
136340,28.080,00000000
136350,27.906,00000000
136360,27.510,00000000
136370,27.478,00000000
136380,27.175,00000000
136390,27.260,00000000
136400,27.442,00000000
136410,27.558,00000000
136420,27.584,00000000
136430,27.719,00000000
136440,27.618,00000000
136450,27.906,00000000
136460,28.002,00000000
136470,27.964,00000000
136480,27.877,00000000
136490,28.193,00000000
136500,28.032,00000000
136510,28.171,00000000
136520,28.016,00000000
136530,27.993,00000000
136540,27.814,00000000
136550,27.896,00000000
136560,27.617,00000000
136570,27.391,00000000
136580,27.266,00000000
136590,27.381,00000000
136600,27.445,00000000
136610,27.402,00000000
136620,27.569,00000000
136630,27.737,00000000
136640,27.819,00000000
136650,28.006,00000000
136660,27.844,00000000
136670,28.043,00000000
136680,28.240,00000000
136690,28.021,00000000
136700,28.031,00000000
136710,28.122,00000000
136720,28.228,00000000
136730,27.830,00000000
136740,27.924,00000000
136750,27.741,00000000
136760,27.606,00000000
136770,27.460,00000000
136780,27.221,00000000
136790,27.251,00000000
136800,27.290,00000000
136810,27.457,00000000
136820,27.608,00000000
136830,27.674,00000000
136840,27.727,00000000
136850,27.751,00000000
136860,27.980,00000000
136870,27.948,00000000
136880,28.013,00000000
136890,28.058,00000000
136900,28.189,00000000
136910,28.162,00000000
136920,28.212,00000000
136930,28.020,00000000
136940,27.804,00000000
136950,27.753,00000000
136960,27.724,00000000
136970,27.567,00000000
136980,27.098,00000000
136990,27.233,00000000
137000,27.420,00000000
137010,27.397,00000000
137020,27.523,00000000
137030,27.633,00000000
137040,27.679,00000000
137050,27.897,00000000
137060,27.942,00000000
137070,27.989,00000000
137080,27.963,00000000
137090,28.090,00000000
137100,28.037,00000000
137110,28.062,00000000
137120,28.156,00000000
137130,28.033,00000000
137140,27.925,00000000
137150,27.884,00000000
137160,27.734,00000000
137170,27.482,00000000
137180,27.252,00000000
137190,27.391,00000000
137200,27.285,00000000
137210,27.224,00000000
137220,27.334,00000000
137230,27.556,00000000
137240,27.905,00000000
137250,27.743,00000000
137260,27.802,00000000
137270,28.045,00000000
137280,28.020,00000000
137290,28.160,00000000
137300,28.193,00000000
137310,28.075,00000000
137320,28.111,00000000
137330,27.960,00000000
137340,27.891,00000000
137350,27.857,00000000
137360,27.756,00000000
137370,27.478,00000000
137380,27.346,00000000
137390,27.212,00000000
137400,27.408,00000000
137410,27.315,00000000
137420,27.420,00000000
137430,27.701,00000000
137440,27.610,00000000
137450,27.823,00000000
137460,27.828,00000000
137470,27.848,00000000
137480,28.032,00000000
137490,28.120,00000000
137500,27.899,00000000
137510,28.105,00000000
137520,28.156,00000000
137530,28.150,00000000
137540,28.170,00000000
137550,27.832,00000000
137560,27.797,00000000
137570,27.526,00000000
137580,27.352,00000000
137590,27.138,00000000
137600,27.251,00000000
137610,27.427,00000000
137620,27.347,00000000
137630,27.534,00000000
137640,27.630,00000000
137650,27.755,00000000
137660,27.835,00000000
137670,27.892,00000000
137680,27.858,00000000
137690,28.004,00000000
137700,28.064,00000000
137710,28.182,00000000
137720,28.044,00000000
137730,28.145,00000000
137740,27.966,00000000
137750,27.901,00000000
137760,27.904,00000000
137770,27.787,00000000
137780,27.519,00000000
137790,27.295,00000000
137800,27.235,00000000
137810,27.386,00000000
137820,27.597,00000000
137830,27.580,00000000
137840,27.624,00000000
137850,27.647,00000000
137860,27.689,00000000
137870,27.776,00000000
137880,27.960,00000000
137890,28.070,00000000
137900,28.137,00000000
137910,28.062,00000000
137920,28.116,00000000
137930,28.131,00000000
137940,28.051,00000000
137950,27.912,00000000
137960,27.931,00000000
137970,27.759,00000000
137980,27.424,00000000
137990,27.247,00000000
138000,27.208,00000000
138010,27.335,00000000
138020,27.342,00000000
138030,27.464,00000000
138040,27.518,00000000
138050,27.724,00000000
138060,27.942,00000000
138070,27.829,00000000
138080,27.966,00000000
138090,28.052,00000000
138100,27.985,00000000
138110,28.177,00000000
138120,28.224,00000000
138130,28.008,00000000
138140,27.896,00000000
138150,28.034,00000000
138160,27.969,00000000
138170,27.769,00000000
138180,27.362,00000000
138190,27.300,00000000
138200,27.364,00000000
138210,27.331,00000000
138220,27.463,00000000
138230,27.479,00000000
138240,27.714,00000000
138250,27.956,00000000
138260,28.014,00000000
138270,27.842,00000000
138280,28.059,00000000
138290,28.207,00000000
138300,28.162,00000000
138310,28.059,00000000
138320,27.890,00000000
138330,28.085,00000000
138340,27.968,00000000
138350,27.899,00000000
138360,27.780,00000000
138370,27.744,00000000
138380,27.306,00000000
138390,27.083,00000000
138400,27.265,00000000
138410,27.353,00000000
138420,27.479,00000000
138430,27.660,00000000
138440,27.809,00000000
138450,27.915,00000000
138460,27.701,00000000
138470,27.932,00000000
138480,28.004,00000000
138490,28.066,00000000
138500,28.137,00000000
138510,28.139,00000000
138520,28.047,00000000
138530,27.966,00000000
138540,28.100,00000000
138550,28.086,00000000
138560,27.760,00000000
138570,27.700,00000000
138580,27.327,00000000
138590,27.225,00000000
138600,27.359,00000000
138610,27.413,00000000
138620,27.550,00000000
138630,27.517,00000000
138640,27.620,00000000
138650,27.713,00000000
138660,27.868,00000000
138670,27.992,00000000
138680,27.998,00000000
138690,28.046,00000000
138700,28.023,00000000
138710,28.023,00000000
138720,28.174,00000000
138730,28.127,00000000
138740,28.005,00000000
138750,27.861,00000000
138760,27.688,00000000
138770,27.558,00000000
138780,27.283,00000000
138790,27.247,00000000
138800,27.251,00000000
138810,27.233,00000000
138820,27.568,00000000
138830,27.703,00000000
138840,27.620,00000000
138850,27.657,00000000
138860,27.793,00000000
138870,27.810,00000000
138880,27.857,00000000
138890,28.146,00000000
138900,28.218,00000000
138910,27.997,00000000
138920,27.976,00000000
138930,28.176,00000000
138940,28.076,00000000
138950,27.842,00000000
138960,27.744,00000000
138970,27.429,00000000
138980,27.416,00000000
138990,27.326,00000000
139000,27.172,00000000
139010,27.353,00000000
139020,27.422,00000000
139030,27.672,00000000
139040,27.805,00000000
139050,27.684,00000000
139060,27.778,00000000
139070,27.898,00000000
139080,28.161,00000000
139090,28.036,00000000
139100,28.120,00000000
139110,27.971,00000000
139120,28.174,00000000
139130,28.115,00000000
139140,27.963,00000000
139150,27.925,00000000
139160,27.595,00000000
139170,27.437,00000000
139180,27.139,00000000
139190,27.350,00000000
139200,27.386,00000000
139210,27.325,00000000
139220,27.570,00000000
139230,27.771,00000000
139240,27.748,00000000
139250,27.755,00000000
139260,27.829,00000000
139270,28.077,00000000
139280,28.064,00000000
139290,27.901,00000000
139300,28.113,00000000
139310,28.332,00000000
139320,28.159,00000000
139330,28.025,00000000
139340,27.916,00000000
139350,27.718,00000000
139360,27.437,00000000
139370,27.531,00000000
139380,27.094,00000000
139390,27.355,00000000
139400,27.305,00000000
139410,27.393,00000000
139420,27.559,00000000
139430,27.703,00000000
139440,27.809,00000000
139450,27.797,00000000
139460,27.761,00000000
139470,27.878,00000000
139480,27.983,00000000
139490,28.166,00000000
139500,28.033,00000000
139510,28.060,00000000
139520,28.010,00000000
139530,28.124,00000000
139540,28.124,00000000
139550,27.964,00000000
139560,27.580,00000000
139570,27.432,00000000
139580,27.413,00000000
139590,27.243,00000000
139600,27.192,00000000
139610,27.332,00000000
139620,27.689,00000000
139630,27.665,00000000
139640,27.608,00000000
139650,27.608,00000000
139660,27.810,00000000
139670,28.043,00000000
139680,27.987,00000000
139690,27.981,00000000
139700,28.030,00000000
139710,28.216,00000000
139720,28.137,00000000
139730,27.898,00000000
139740,28.180,00000000
139750,28.032,00000000
139760,27.819,00000000
139770,27.629,00000000
139780,27.379,00000000
139790,27.111,00000000
139800,27.335,00000000
139810,27.419,00000000
139820,27.403,00000000
139830,27.650,00000000
139840,27.711,00000000
139850,27.775,00000000
139860,27.992,00000000
139870,27.885,00000000
139880,28.056,00000000
139890,27.954,00000000
139900,28.045,00000000
139910,28.015,00000000
139920,28.087,00000000
139930,28.139,00000000
139940,28.059,00000000
139950,27.839,00000000
139960,27.712,00000000
139970,27.625,00000000
139980,27.315,00000000
139990,27.290,00000000
140000,27.330,00000000
140010,27.347,00000000
140020,27.484,00000000
140030,27.586,00000000
140040,27.551,00000000
140050,27.813,00000000
140060,27.867,00000000
140070,27.935,00000000
140080,28.001,00000000
140090,28.093,00000000
140100,28.058,00000000
140110,27.914,00000000
140120,27.969,00000000
140130,28.178,00000000
140140,28.139,00000000
140150,27.862,00000000
140160,27.708,00000000
140170,27.547,00000000
140180,27.386,00000000
140190,27.366,00000000
140200,27.408,00000000
140210,27.265,00000000
140220,27.519,00000000
140230,27.820,00000000
140240,27.760,00000000
140250,27.574,00000000
140260,27.825,00000000
140270,28.032,00000000
140280,27.916,00000000
140290,28.103,00000000
140300,27.959,00000000
140310,28.118,00000000
140320,27.974,00000000
140330,28.066,00000000
140340,28.031,00000000
140350,27.822,00000000
140360,27.847,00000000
140370,27.703,00000000
140380,27.459,00000000
140390,27.063,00000000
140400,27.096,00000000
140410,27.488,00000000
140420,27.575,00000000
140430,27.628,00000000
140440,27.725,00000000
140450,27.731,00000000
140460,27.734,00000000
140470,28.003,00000000
140480,28.107,00000000
140490,28.025,00000000
140500,28.059,00000000
140510,28.105,00000000
140520,28.184,00000000
140530,27.964,00000000
140540,28.047,00000000
140550,27.813,00000000
140560,27.660,00000000
140570,27.640,00000000
140580,27.389,00000000
140590,27.275,00000000
140600,27.344,00000000
140610,27.371,00000000
140620,27.477,00000000
140630,27.533,00000000
140640,27.714,00000000
140650,27.767,00000000
140660,27.923,00000000
140670,27.937,00000000
140680,28.045,00000000
140690,27.973,00000000
140700,28.016,00000000
140710,28.000,00000000
140720,28.048,00000000
140730,28.080,00000000
140740,28.114,00000000
140750,27.888,00000000
140760,27.819,00000000
140770,27.759,00000000
140780,27.591,00000000
140790,27.231,00000000
140800,27.076,00000000
140810,27.330,00000000
140820,27.580,00000000
140830,27.418,00000000
140840,27.639,00000000
140850,27.763,00000000
140860,27.960,00000000
140870,27.971,00000000
140880,27.897,00000000
140890,28.011,00000000
140900,27.916,00000000
140910,28.135,00000000
140920,28.128,00000000
140930,28.008,00000000
140940,27.877,00000000
140950,27.831,00000000
140960,27.699,00000000
140970,27.777,00000000
140980,27.521,00000000
140990,27.183,00000000
141000,27.289,00000000
141010,27.229,00000000
141020,27.520,00000000
141030,27.552,00000000
141040,27.705,00000000
141050,27.855,00000000
141060,27.856,00000000
141070,27.870,00000000
141080,28.048,00000000
141090,27.911,00000000
141100,27.966,00000000
141110,27.983,00000000
141120,27.984,00000000
141130,27.980,00000000
141140,28.221,00000000
141150,28.157,00000000
141160,27.765,00000000
141170,27.792,00000000
141180,27.580,00000000
141190,27.350,00000000
141200,27.205,00000000
141210,27.116,00000000
141220,27.348,00000000
141230,27.594,00000000
141240,27.682,00000000
141250,27.740,00000000
141260,27.852,00000000
141270,27.910,00000000
141280,27.944,00000000
141290,27.860,00000000
141300,28.057,00000000
141310,28.057,00000000
141320,28.166,00000000
141330,28.129,00000000
141340,27.963,00000000
141350,28.004,00000000
141360,27.845,00000000
141370,27.710,00000000
141380,27.648,00000000
141390,27.358,00000000
141400,27.283,00000000
141410,27.357,00000000
141420,27.432,00000000
141430,27.511,00000000
141440,27.599,00000000
141450,27.806,00000000
141460,27.696,00000000
141470,27.816,00000000
141480,27.959,00000000
141490,28.152,00000000
141500,28.024,00000000
141510,28.163,00000000
141520,28.067,00000000
141530,28.137,00000000
141540,28.164,00000000
141550,27.786,00000000
141560,27.624,00000000
141570,27.787,00000000
141580,27.585,00000000
141590,27.287,00000000
141600,27.149,00000000
141610,27.265,00000000
141620,27.495,00000000
141630,27.689,00000000
141640,27.681,00000000
141650,27.654,00000000
141660,27.749,00000000
141670,27.904,00000000
141680,28.102,00000000
141690,28.026,00000000
141700,27.932,00000000
141710,27.996,00000000
141720,27.961,00000000
141730,28.116,00000000
141740,28.136,00000000
141750,27.944,00000000
141760,27.725,00000000
141770,27.672,00000000
141780,27.621,00000000
141790,27.277,00000000
141800,27.065,00000000
141810,27.243,00000000
141820,27.642,00000000
141830,27.407,00000000
141840,27.602,00000000
141850,27.583,00000000
141860,27.939,00000000
141870,27.952,00000000
141880,27.891,00000000
141890,28.195,00000000
141900,27.968,00000000
141910,28.063,00000000
141920,28.278,00000000
141930,28.272,00000000
141940,28.142,00000000
141950,27.820,00000000
141960,27.904,00000000
141970,27.910,00000000
141980,27.345,00000000
141990,27.150,00000000
142000,27.289,00000000
142010,27.260,00000000
142020,27.384,00000000
142030,27.488,00000000
142040,27.531,00000000
142050,27.764,00000000
142060,27.733,00000000
142070,27.778,00000000
142080,27.976,00000000
142090,28.180,00000000
142100,28.203,00000000
142110,28.026,00000000
142120,28.106,00000000
142130,28.268,00000000
142140,28.027,00000000
142150,27.880,00000000
142160,27.908,00000000
142170,27.742,00000000
142180,27.524,00000000
142190,27.303,00000000
142200,27.332,00000000
142210,27.266,00000000
142220,27.246,00000000
142230,27.423,00000000
142240,27.717,00000000
142250,27.828,00000000
142260,27.795,00000000
142270,27.716,00000000
142280,27.873,00000000
142290,28.126,00000000
142300,28.097,00000000
142310,27.866,00000000
142320,27.862,00000000
142330,28.080,00000000
142340,28.039,00000000
142350,27.965,00000000
142360,27.930,00000000
142370,27.745,00000000
142380,27.692,00000000
142390,27.296,00000000
142400,27.149,00000000
142410,27.434,00000000
142420,27.507,00000000
142430,27.463,00000000
142440,27.431,00000000
142450,27.612,00000000
142460,27.717,00000000
142470,27.747,00000000
142480,27.912,00000000
142490,28.102,00000000
142500,27.985,00000000
142510,28.100,00000000
142520,28.145,00000000
142530,28.150,00000000
142540,28.109,00000000
142550,27.747,00000000
142560,27.811,00000000
142570,27.859,00000000
142580,27.423,00000000
142590,27.241,00000000
142600,27.196,00000000
142610,27.354,00000000
142620,27.473,00000000
142630,27.356,00000000
142640,27.637,00000000
142650,27.720,00000000
142660,27.706,00000000
142670,27.930,00000000
142680,27.988,00000000
142690,28.070,00000000
142700,28.046,00000000
142710,27.986,00000000
142720,27.993,00000000
142730,28.012,00000000
142740,28.088,00000000
142750,28.032,00000000
142760,27.757,00000000
142770,27.604,00000000
142780,27.659,00000000
142790,27.370,00000000
142800,27.290,00000000
142810,27.150,00000000
142820,27.448,00000000
142830,27.599,00000000
142840,27.468,00000000
142850,27.630,00000000
142860,27.975,00000000
142870,27.902,00000000
142880,27.832,00000000
142890,27.890,00000000
142900,27.963,00000000
142910,28.134,00000000
142920,28.248,00000000
142930,28.082,00000000
142940,28.019,00000000
142950,28.081,00000000
142960,28.056,00000000
142970,27.805,00000000
142980,27.437,00000000
142990,27.251,00000000
143000,27.216,00000000
143010,27.254,00000000
143020,27.278,00000000
143030,27.355,00000000
143040,27.530,00000000
143050,27.734,00000000
143060,27.889,00000000
143070,27.972,00000000
143080,27.934,00000000
143090,27.943,00000000
143100,28.110,00000000
143110,27.910,00000000
143120,27.999,00000000
143130,28.235,00000000
143140,27.962,00000000
143150,27.930,00000000
143160,27.984,00000000
143170,27.691,00000000
143180,27.548,00000000
143190,27.254,00000000
143200,27.166,00000000
143210,27.288,00000000
143220,27.564,00000000
143230,27.624,00000000
143240,27.583,00000000
143250,27.592,00000000
143260,27.935,00000000
143270,27.884,00000000
143280,27.792,00000000
143290,27.966,00000000
143300,27.923,00000000
143310,28.111,00000000
143320,28.029,00000000
143330,27.963,00000000
143340,27.973,00000000
143350,28.073,00000000
143360,28.026,00000000
143370,27.702,00000000
143380,27.837,00000000
143390,27.483,00000000
143400,27.125,00000000
143410,27.107,00000000
143420,27.313,00000000
143430,27.363,00000000
143440,27.607,00000000
143450,27.711,00000000
143460,27.675,00000000
143470,27.760,00000000
143480,28.002,00000000
143490,28.071,00000000
143500,27.910,00000000
143510,27.917,00000000
143520,28.144,00000000
143530,28.105,00000000
143540,27.951,00000000
143550,28.045,00000000
143560,28.172,00000000
143570,27.954,00000000
143580,27.548,00000000
143590,27.425,00000000
143600,27.233,00000000
143610,27.412,00000000
143620,27.279,00000000
143630,27.498,00000000
143640,27.471,00000000
143650,27.674,00000000
143660,27.665,00000000
143670,27.781,00000000
143680,27.781,00000000
143690,27.837,00000000
143700,27.997,00000000
143710,28.100,00000000
143720,28.120,00000000
143730,27.959,00000000
143740,28.079,00000000
143750,28.071,00000000
143760,27.938,00000000
143770,27.623,00000000
143780,27.700,00000000
143790,27.529,00000000
143800,27.180,00000000
143810,27.216,00000000
143820,27.371,00000000
143830,27.399,00000000
143840,27.541,00000000
143850,27.610,00000000
143860,27.708,00000000
143870,27.912,00000000
143880,28.021,00000000
143890,28.119,00000000
143900,27.825,00000000
143910,27.886,00000000
143920,28.181,00000000
143930,28.071,00000000
143940,28.151,00000000
143950,28.091,00000000
143960,27.745,00000000
143970,27.890,00000000
143980,27.730,00000000
143990,27.446,00000000
144000,27.193,00000000
144010,27.095,00000000
144020,27.264,00000000
144030,27.416,00000000
144040,27.555,00000000
144050,27.720,00000000
144060,27.679,00000000
144070,27.838,00000000
144080,27.962,00000000
144090,27.902,00000000
144100,27.973,00000000
144110,28.043,00000000
144120,28.097,00000000
144130,28.111,00000000
144140,27.904,00000000
144150,27.862,00000000
144160,27.764,00000000
144170,27.648,00000000
144180,27.563,00000000
144190,27.435,00000000
144200,27.087,00000000
144210,27.177,00000000
144220,27.260,00000000
144230,27.655,00000000
144240,27.716,00000000
144250,27.744,00000000
144260,27.717,00000000
144270,27.894,00000000
144280,28.048,00000000
144290,28.078,00000000
144300,27.862,00000000
144310,28.122,00000000
144320,27.894,00000000
144330,27.889,00000000
144340,27.896,00000000
144350,27.829,00000000
144360,27.891,00000000
144370,27.945,00000000
144380,27.602,00000000
144390,27.472,00000000
144400,27.211,00000000
144410,27.170,00000000
144420,27.487,00000000
144430,27.444,00000000
144440,27.624,00000000
144450,27.690,00000000
144460,27.726,00000000
144470,27.931,00000000
144480,27.843,00000000
144490,27.880,00000000
144500,27.990,00000000
144510,28.124,00000000
144520,28.084,00000000
144530,28.056,00000000
144540,28.018,00000000
144550,27.966,00000000
144560,27.973,00000000
144570,27.871,00000000
144580,27.635,00000000
144590,27.532,00000000
144600,27.243,00000000
144610,27.190,00000000
144620,27.423,00000000
144630,27.511,00000000
144640,27.556,00000000
144650,27.812,00000000
144660,27.811,00000000
144670,27.921,00000000
144680,27.807,00000000
144690,27.993,00000000
144700,28.191,00000000
144710,27.949,00000000
144720,27.940,00000000
144730,28.009,00000000
144740,28.235,00000000
144750,27.882,00000000
144760,27.817,00000000
144770,27.776,00000000
144780,27.696,00000000
144790,27.465,00000000
144800,27.255,00000000
144810,27.321,00000000
144820,27.467,00000000
144830,27.426,00000000
144840,27.691,00000000
144850,27.602,00000000
144860,27.778,00000000
144870,27.753,00000000
144880,27.864,00000000
144890,27.975,00000000
144900,28.081,00000000
144910,27.994,00000000
144920,28.074,00000000
144930,28.059,00000000
144940,27.975,00000000
144950,27.939,00000000
144960,27.989,00000000
144970,27.815,00000000
144980,27.671,00000000
144990,27.383,00000000
145000,27.235,00000000
145010,27.165,00000000
145020,27.209,00000000
145030,27.489,00000000
145040,27.535,00000000
145050,27.671,00000000
145060,27.722,00000000
145070,27.911,00000000
145080,28.085,00000000
145090,27.957,00000000
145100,28.018,00000000
145110,27.944,00000000
145120,28.176,00000000
145130,28.152,00000000
145140,28.029,00000000
145150,27.898,00000000
145160,27.961,00000000
145170,27.965,00000000
145180,27.698,00000000
145190,27.565,00000000
145200,27.155,00000000
145210,27.280,00000000
145220,27.426,00000000
145230,27.278,00000000
145240,27.535,00000000
145250,27.742,00000000
145260,27.796,00000000
145270,27.747,00000000
145280,27.879,00000000
145290,28.098,00000000
145300,28.137,00000000
145310,28.053,00000000
145320,28.021,00000000
145330,28.096,00000000
145340,28.029,00000000
145350,28.069,00000000
145360,27.927,00000000
145370,27.902,00000000
145380,27.800,00000000
145390,27.518,00000000
145400,27.289,00000000
145410,27.128,00000000
145420,27.255,00000000
145430,27.439,00000000
145440,27.510,00000000
145450,27.546,00000000
145460,27.823,00000000
145470,27.892,00000000
145480,27.822,00000000
145490,28.002,00000000
145500,27.926,00000000
145510,28.123,00000000
145520,28.172,00000000
145530,28.045,00000000
145540,28.023,00000000
145550,27.987,00000000
145560,28.120,00000000
145570,27.915,00000000
145580,27.736,00000000
145590,27.586,00000000
145600,27.215,00000000
145610,27.269,00000000
145620,27.397,00000000
145630,27.319,00000000
145640,27.487,00000000
145650,27.467,00000000
145660,27.799,00000000
145670,27.881,00000000
145680,27.826,00000000
145690,27.809,00000000
145700,27.909,00000000
145710,28.155,00000000
145720,28.174,00000000
145730,27.993,00000000
145740,27.967,00000000
145750,28.133,00000000
145760,28.088,00000000
145770,27.879,00000000
145780,27.788,00000000
145790,27.553,00000000
145800,27.353,00000000
145810,27.184,00000000
145820,27.184,00000000
145830,27.364,00000000
145840,27.465,00000000
145850,27.629,00000000
145860,27.647,00000000
145870,27.711,00000000
145880,27.761,00000000
145890,28.088,00000000
145900,27.963,00000000
145910,28.003,00000000
145920,27.947,00000000
145930,28.226,00000000
145940,28.211,00000000
145950,28.036,00000000
145960,27.985,00000000
145970,27.890,00000000
145980,27.773,00000000
145990,27.615,00000000
146000,27.445,00000000
146010,27.119,00000000
146020,27.184,00000000
146030,27.442,00000000
146040,27.638,00000000
146050,27.447,00000000
146060,27.613,00000000
146070,27.912,00000000
146080,27.897,00000000
146090,27.836,00000000
146100,28.019,00000000
146110,27.987,00000000
146120,28.104,00000000
146130,28.239,00000000
146140,28.188,00000000
146150,27.938,00000000
146160,27.913,00000000
146170,28.033,00000000
146180,27.795,00000000
146190,27.726,00000000
146200,27.498,00000000
146210,27.197,00000000
146220,27.279,00000000
146230,27.293,00000000
146240,27.593,00000000
146250,27.653,00000000
146260,27.775,00000000
146270,27.565,00000000
146280,27.648,00000000
146290,27.940,00000000
146300,28.049,00000000
146310,27.981,00000000
146320,28.048,00000000
146330,28.071,00000000
146340,28.124,00000000
146350,27.983,00000000
146360,28.078,00000000
146370,27.899,00000000
146380,27.834,00000000
146390,27.938,00000000
146400,27.663,00000000
146410,27.203,00000000
146420,27.313,00000000
146430,27.206,00000000
146440,27.314,00000000
146450,27.401,00000000
146460,27.529,00000000
146470,27.750,00000000
146480,27.884,00000000
146490,27.934,00000000
146500,27.741,00000000
146510,28.054,00000000
146520,28.104,00000000
146530,28.102,00000000
146540,28.036,00000000
146550,27.962,00000000
146560,28.053,00000000
146570,27.887,00000000
146580,27.868,00000000
146590,27.760,00000000
146600,27.505,00000000
146610,27.309,00000000
146620,27.153,00000000
146630,27.349,00000000
146640,27.566,00000000
146650,27.498,00000000
146660,27.529,00000000
146670,27.788,00000000
146680,27.756,00000000
146690,28.043,00000000
146700,28.142,00000000
146710,28.021,00000000
146720,28.071,00000000
146730,28.216,00000000
146740,28.229,00000000
146750,28.152,00000000
146760,28.090,00000000
146770,27.744,00000000
146780,27.662,00000000
146790,27.552,00000000
146800,27.341,00000000
146810,27.180,00000000
146820,27.321,00000000
146830,27.299,00000000
146840,27.539,00000000
146850,27.485,00000000
146860,27.697,00000000
146870,27.641,00000000
146880,27.678,00000000
146890,27.948,00000000
146900,28.007,00000000
146910,27.992,00000000
146920,27.969,00000000
146930,28.000,00000000
146940,28.205,00000000
146950,28.075,00000000
146960,28.034,00000000
146970,27.916,00000000
146980,27.814,00000000
146990,27.738,00000000
147000,27.448,00000000
147010,27.347,00000000
147020,27.173,00000000
147030,27.327,00000000
147040,27.535,00000000
147050,27.506,00000000
147060,27.653,00000000
147070,27.678,00000000
147080,27.731,00000000
147090,27.914,00000000
147100,27.843,00000000
147110,27.891,00000000
147120,28.010,00000000
147130,27.949,00000000
147140,28.151,00000000
147150,28.126,00000000
147160,27.972,00000000
147170,28.118,00000000
147180,27.762,00000000
147190,27.783,00000000
147200,27.710,00000000
147210,27.284,00000000
147220,27.257,00000000
147230,27.173,00000000
147240,27.467,00000000
147250,27.359,00000000
147260,27.566,00000000
147270,27.691,00000000
147280,27.742,00000000
147290,27.903,00000000
147300,27.909,00000000
147310,27.804,00000000
147320,28.009,00000000
147330,27.930,00000000
147340,27.994,00000000
147350,28.189,00000000
147360,28.101,00000000
147370,27.918,00000000
147380,27.968,00000000
147390,27.985,00000000
147400,27.664,00000000
147410,27.387,00000000
147420,27.153,00000000
147430,27.191,00000000
147440,27.362,00000000
147450,27.411,00000000
147460,27.637,00000000
147470,27.691,00000000
147480,27.732,00000000
147490,27.771,00000000
147500,27.884,00000000
147510,28.072,00000000
147520,27.948,00000000
147530,28.018,00000000
147540,28.013,00000000
147550,28.029,00000000
147560,28.031,00000000
147570,28.003,00000000
147580,27.816,00000000
147590,27.730,00000000
147600,27.705,00000000
147610,27.466,00000000
147620,27.137,00000000
147630,27.232,00000000
147640,27.358,00000000
147650,27.463,00000000
147660,27.521,00000000
147670,27.713,00000000
147680,27.687,00000000
147690,27.827,00000000
147700,27.991,00000000
147710,27.892,00000000
147720,28.120,00000000
147730,28.058,00000000
147740,28.033,00000000
147750,28.091,00000000
147760,28.025,00000000
147770,27.974,00000000
147780,28.007,00000000
147790,27.778,00000000
147800,27.624,00000000
147810,27.553,00000000
147820,27.174,00000000
147830,27.250,00000000
147840,27.386,00000000
147850,27.410,00000000
147860,27.609,00000000
147870,27.545,00000000
147880,27.773,00000000
147890,27.952,00000000
147900,27.898,00000000
147910,27.796,00000000
147920,27.998,00000000
147930,28.158,00000000
147940,27.977,00000000
147950,28.002,00000000
147960,28.020,00000000
147970,27.987,00000000
147980,28.016,00000000
147990,27.797,00000000
148000,27.700,00000000
148010,27.692,00000000
148020,27.297,00000000
148030,27.210,00000000
148040,27.272,00000000
148050,27.331,00000000
148060,27.641,00000000
148070,27.896,00000000
148080,27.800,00000000
148090,27.736,00000000
148100,27.939,00000000
148110,27.984,00000000
148120,27.987,00000000
148130,27.764,00000000
148140,28.197,00000000
148150,28.108,00000000
148160,28.152,00000000
148170,27.922,00000000
148180,27.816,00000000
148190,27.780,00000000
148200,27.878,00000000
148210,27.611,00000000
148220,27.278,00000000
148230,27.223,00000000
148240,27.369,00000000
148250,27.254,00000000
148260,27.507,00000000
148270,27.543,00000000
148280,27.709,00000000
148290,27.785,00000000
148300,27.798,00000000
148310,27.903,00000000
148320,27.972,00000000
148330,27.991,00000000
148340,27.979,00000000
148350,28.080,00000000
148360,28.217,00000000
148370,28.078,00000000
148380,28.124,00000000
148390,27.895,00000000
148400,27.945,00000000
148410,27.897,00000000
148420,27.567,00000000
148430,27.139,00000000
148440,27.075,00000000
148450,27.305,00000000
148460,27.386,00000000
148470,27.571,00000000
148480,27.695,00000000
148490,27.688,00000000
148500,27.723,00000000
148510,27.904,00000000
148520,28.021,00000000
148530,28.057,00000000
148540,28.061,00000000
148550,27.952,00000000
148560,27.973,00000000
148570,28.028,00000000
148580,28.125,00000000
148590,27.882,00000000
148600,27.835,00000000
148610,27.690,00000000
148620,27.624,00000000
148630,27.249,00000000
148640,27.305,00000000
148650,27.293,00000000
148660,27.347,00000000
148670,27.442,00000000
148680,27.728,00000000
148690,27.926,00000000
148700,27.700,00000000
148710,27.802,00000000
148720,27.814,00000000
148730,28.101,00000000
148740,28.120,00000000
148750,28.087,00000000
148760,27.957,00000000
148770,28.171,00000000
148780,28.142,00000000
148790,27.806,00000000
148800,27.754,00000000
148810,27.746,00000000
148820,27.529,00000000
148830,27.162,00000000
148840,27.155,00000000
148850,27.298,00000000
148860,27.366,00000000
148870,27.520,00000000
148880,27.507,00000000
148890,27.715,00000000
148900,27.953,00000000
148910,27.946,00000000
148920,27.995,00000000
148930,27.904,00000000
148940,28.020,00000000
148950,28.052,00000000
148960,28.216,00000000
148970,28.122,00000000
148980,28.097,00000000
148990,27.897,00000000
149000,27.830,00000000
149010,27.803,00000000
149020,27.500,00000000
149030,27.062,00000000
149040,27.214,00000000
149050,27.277,00000000
149060,27.372,00000000
149070,27.687,00000000
149080,27.603,00000000
149090,27.688,00000000
149100,27.926,00000000
149110,28.131,00000000
149120,28.018,00000000
149130,28.087,00000000
149140,28.040,00000000
149150,28.156,00000000
149160,27.955,00000000
149170,27.915,00000000
149180,27.970,00000000
149190,27.984,00000000
149200,27.698,00000000
149210,27.599,00000000
149220,27.240,00000000
149230,27.244,00000000
149240,27.390,00000000
149250,27.452,00000000
149260,27.487,00000000
149270,27.534,00000000
149280,27.652,00000000
149290,27.905,00000000
149300,27.817,00000000
149310,27.944,00000000
149320,27.972,00000000
149330,27.969,00000000
149340,28.140,00000000
149350,28.025,00000000
149360,28.078,00000000
149370,28.005,00000000
149380,27.884,00000000
149390,27.925,00000000
149400,27.771,00000000
149410,27.626,00000000
149420,27.322,00000000
149430,27.222,00000000
149440,27.313,00000000
149450,27.377,00000000
149460,27.573,00000000
149470,27.606,00000000
149480,27.726,00000000
149490,27.787,00000000
149500,27.821,00000000
149510,27.970,00000000
149520,28.088,00000000
149530,27.955,00000000
149540,28.028,00000000
149550,28.002,00000000
149560,28.209,00000000
149570,28.160,00000000
149580,27.951,00000000
149590,27.821,00000000
149600,27.846,00000000
149610,27.782,00000000
149620,27.413,00000000
149630,27.061,00000000
149640,27.247,00000000
149650,27.276,00000000
149660,27.403,00000000
149670,27.459,00000000
149680,27.710,00000000
149690,27.904,00000000
149700,27.904,00000000
149710,27.811,00000000
149720,28.065,00000000
149730,28.140,00000000
149740,28.121,00000000
149750,28.030,00000000
149760,27.996,00000000
149770,28.184,00000000
149780,28.044,00000000
149790,27.930,00000000
149800,27.888,00000000
149810,27.637,00000000
149820,27.458,00000000
149830,27.278,00000000
149840,27.172,00000000
149850,27.214,00000000
149860,27.504,00000000
149870,27.525,00000000
149880,27.761,00000000
149890,27.751,00000000
149900,27.740,00000000
149910,27.831,00000000
149920,27.844,00000000
149930,28.001,00000000
149940,28.290,00000000
149950,28.283,00000000
149960,27.999,00000000
149970,28.240,00000000
149980,28.101,00000000
149990,28.038,00000000
150000,27.540,00000000
150010,27.412,00000000
150020,27.407,00000000
150030,27.288,00000000
150040,27.396,00000000
150050,27.319,00000000
150060,27.468,00000000
150070,27.484,00000000
150080,27.649,00000000
150090,27.817,00000000
150100,27.765,00000000
150110,27.896,00000000
150120,27.981,00000000
150130,28.088,00000000
150140,28.122,00000000
150150,28.091,00000000
150160,28.045,00000000
150170,27.982,00000000
150180,27.969,00000000
150190,27.949,00000000
150200,27.948,00000000
150210,27.682,00000000
150220,27.665,00000000
150230,27.347,00000000
150240,27.017,00000000
150250,27.258,00000000
150260,27.289,00000000
150270,27.620,00000000
150280,27.771,00000000
150290,27.666,00000000
150300,27.850,00000000
150310,28.029,00000000
150320,27.928,00000000
150330,28.048,00000000
150340,28.205,00000000
150350,28.133,00000000
150360,28.123,00000000
150370,27.994,00000000
150380,27.962,00000000
150390,28.047,00000000
150400,27.806,00000000
150410,27.638,00000000
150420,27.528,00000000
150430,27.208,00000000
150440,27.226,00000000
150450,27.476,00000000
150460,27.402,00000000
150470,27.575,00000000
150480,27.593,00000000
150490,27.798,00000000
150500,27.893,00000000
150510,27.956,00000000
150520,28.088,00000000
150530,28.250,00000000
150540,28.172,00000000
150550,28.040,00000000
150560,28.024,00000000
150570,28.159,00000000
150580,28.035,00000000
150590,27.892,00000000
150600,27.773,00000000
150610,27.523,00000000
150620,27.222,00000000
150630,27.277,00000000
150640,27.355,00000000
150650,27.518,00000000
150660,27.594,00000000
150670,27.722,00000000
150680,27.823,00000000
150690,27.847,00000000
150700,27.945,00000000
150710,27.980,00000000
150720,28.081,00000000
150730,28.016,00000000
150740,28.093,00000000
150750,28.146,00000000
150760,27.940,00000000
150770,28.017,00000000
150780,27.757,00000000
150790,27.782,00000000
150800,27.699,00000000
150810,27.545,00000000
150820,27.077,00000000
150830,27.181,00000000
150840,27.580,00000000
150850,27.559,00000000
150860,27.636,00000000
150870,27.642,00000000
150880,27.900,00000000
150890,27.910,00000000
150900,27.996,00000000
150910,28.092,00000000
150920,28.243,00000000
150930,28.160,00000000
150940,28.028,00000000
150950,28.234,00000000
150960,27.952,00000000
150970,27.970,00000000
150980,27.906,00000000
150990,27.750,00000000
151000,27.626,00000000
151010,27.167,00000000
151020,27.179,00000000
151030,27.326,00000000
151040,27.415,00000000
151050,27.600,00000000
151060,27.519,00000000
151070,27.749,00000000
151080,27.850,00000000
151090,27.959,00000000
151100,27.941,00000000
151110,27.847,00000000
151120,28.168,00000000
151130,28.104,00000000
151140,28.144,00000000
151150,27.988,00000000
151160,28.004,00000000
151170,28.082,00000000
151180,27.964,00000000
151190,27.840,00000000
151200,27.546,00000000
151210,27.371,00000000
151220,27.248,00000000
151230,27.138,00000000
151240,27.350,00000000
151250,27.473,00000000
151260,27.799,00000000
151270,27.705,00000000
151280,27.739,00000000
151290,28.098,00000000
151300,28.107,00000000
151310,27.881,00000000
151320,28.102,00000000
151330,28.096,00000000
151340,28.073,00000000
151350,27.965,00000000
151360,27.897,00000000
151370,27.841,00000000
151380,27.795,00000000
151390,27.728,00000000
151400,27.527,00000000
151410,27.439,00000000
151420,27.230,00000000
151430,27.293,00000000
151440,27.456,00000000
151450,27.687,00000000
151460,27.576,00000000
151470,27.727,00000000
151480,27.723,00000000
151490,27.900,00000000
151500,27.888,00000000
151510,27.948,00000000
151520,28.249,00000000
151530,28.135,00000000
151540,27.992,00000000
151550,28.063,00000000
151560,28.164,00000000
151570,28.058,00000000
151580,27.720,00000000
151590,27.761,00000000
151600,27.630,00000000
151610,27.223,00000000
151620,27.319,00000000
151630,27.347,00000000
151640,27.426,00000000
151650,27.492,00000000
151660,27.630,00000000
151670,27.762,00000000
151680,27.759,00000000
151690,27.935,00000000
151700,27.871,00000000
151710,27.934,00000000
151720,28.064,00000000
151730,27.930,00000000
151740,28.061,00000000
151750,28.133,00000000
151760,27.993,00000000
151770,28.008,00000000
151780,27.837,00000000
151790,27.671,00000000
151800,27.624,00000000
151810,27.226,00000000
151820,27.163,00000000
151830,27.219,00000000
151840,27.541,00000000
151850,27.553,00000000
151860,27.453,00000000
151870,27.608,00000000
151880,27.853,00000000
151890,27.966,00000000
151900,27.923,00000000
151910,27.973,00000000
151920,27.981,00000000
151930,28.030,00000000
151940,28.082,00000000
151950,27.989,00000000
151960,28.110,00000000
151970,27.953,00000000
151980,27.916,00000000
151990,27.775,00000000
152000,27.595,00000000
152010,27.369,00000000
152020,27.160,00000000
152030,27.263,00000000
152040,27.288,00000000
152050,27.482,00000000
152060,27.526,00000000
152070,27.757,00000000
152080,27.811,00000000
152090,27.938,00000000
152100,27.939,00000000
152110,28.105,00000000
152120,28.130,00000000
152130,27.978,00000000
152140,27.953,00000000
152150,28.187,00000000
152160,28.015,00000000
152170,27.848,00000000
152180,27.728,00000000
152190,27.782,00000000
152200,27.658,00000000
152210,27.445,00000000
152220,27.099,00000000
152230,27.274,00000000
152240,27.336,00000000
152250,27.387,00000000
152260,27.530,00000000
152270,27.652,00000000
152280,27.824,00000000
152290,27.701,00000000
152300,27.899,00000000
152310,28.012,00000000
152320,28.135,00000000
152330,27.949,00000000
152340,28.181,00000000
152350,28.149,00000000
152360,28.058,00000000
152370,27.915,00000000
152380,27.954,00000000
152390,27.788,00000000
152400,27.609,00000000
152410,27.565,00000000
152420,27.398,00000000
152430,27.201,00000000
152440,27.365,00000000
152450,27.485,00000000
152460,27.571,00000000
152470,27.697,00000000
152480,27.778,00000000
152490,27.646,00000000
152500,27.841,00000000
152510,27.853,00000000
152520,28.172,00000000
152530,28.180,00000000
152540,28.031,00000000
152550,28.054,00000000
152560,28.199,00000000
152570,28.110,00000000
152580,27.911,00000000
152590,27.840,00000000
152600,27.773,00000000
152610,27.618,00000000
152620,27.219,00000000
152630,27.116,00000000
152640,27.392,00000000
152650,27.317,00000000
152660,27.529,00000000
152670,27.561,00000000
152680,27.777,00000000
152690,27.829,00000000
152700,27.787,00000000
152710,27.859,00000000
152720,27.942,00000000
152730,28.183,00000000
152740,28.188,00000000
152750,28.039,00000000
152760,27.928,00000000
152770,27.908,00000000
152780,27.849,00000000
152790,27.990,00000000
152800,27.919,00000000
152810,27.444,00000000
152820,27.313,00000000
152830,27.331,00000000
152840,27.328,00000000
152850,27.333,00000000
152860,27.609,00000000
152870,27.539,00000000
152880,27.756,00000000
152890,27.884,00000000
152900,27.762,00000000
152910,27.899,00000000
152920,28.171,00000000
152930,28.123,00000000
152940,28.102,00000000
152950,28.006,00000000
152960,28.036,00000000
152970,27.982,00000000
152980,28.031,00000000
152990,27.800,00000000
153000,27.748,00000000
153010,27.724,00000000
153020,27.425,00000000
153030,27.254,00000000
153040,27.298,00000000
153050,630.730,X0000000
153060,301.058,10000000
153070,183.354,10000000
153080,139.036,10000000
153090,122.781,10000000
153100,414.483,10000000
153110,507.728,10000000
153120,259.663,10000000
153130,168.118,10000000
153140,133.495,10000000
153150,119.208,10000000
153160,114.326,10000000
153170,112.947,10000000
153180,112.610,10000000
153190,112.285,10000000
153200,112.729,10000000
153210,112.757,10000000
153220,112.999,10000000
153230,112.944,10000000
153240,113.213,10000000
153250,113.572,10000000
153260,113.726,10000000
153270,113.618,10000000
153280,113.829,10000000
153290,114.342,10000000
153300,114.845,10000000
153310,114.460,10000000
153320,114.926,10000000
153330,115.381,10000000
153340,114.603,10000000
153350,113.845,10000000
153360,111.973,10000000
153370,112.313,10000000
153380,112.327,10000000
153390,112.560,10000000
153400,112.724,10000000
153410,112.588,10000000
153420,112.962,10000000
153430,112.879,10000000
153440,113.411,10000000
153450,113.458,10000000
153460,113.616,10000000
153470,114.065,10000000
153480,113.778,10000000
153490,114.602,10000000
153500,114.531,10000000
153510,114.881,10000000
153520,114.711,10000000
153530,115.088,10000000
153540,114.956,10000000
153550,114.871,10000000
153560,114.236,10000000
153570,112.242,10000000
153580,111.977,10000000
153590,112.463,10000000
153600,112.788,10000000
153610,112.774,10000000
153620,112.720,10000000
153630,112.918,10000000
153640,112.914,10000000
153650,113.522,10000000
153660,113.449,10000000
153670,113.746,10000000
153680,113.891,10000000
153690,114.276,10000000
153700,114.281,10000000
153710,114.553,10000000
153720,114.559,10000000
153730,115.259,10000000
153740,115.203,10000000
153750,115.273,10000000
153760,115.237,10000000
153770,113.889,10000000
153780,111.980,10000000
153790,112.616,10000000
153800,112.375,10000000
153810,112.405,10000000
153820,112.879,10000000
153830,112.946,10000000
153840,113.326,10000000
153850,113.199,10000000
153860,113.251,10000000
153870,113.590,10000000
153880,114.167,10000000
153890,114.432,10000000
153900,114.384,10000000
153910,114.726,10000000
153920,114.877,10000000
153930,114.971,10000000
153940,115.125,10000000
153950,115.215,10000000
153960,115.291,10000000
153970,115.368,10000000
153980,114.763,10000000
153990,112.389,10000000
154000,112.107,10000000
154010,112.774,10000000
154020,112.703,10000000
154030,113.055,10000000
154040,112.917,10000000
154050,113.743,10000000
154060,113.736,10000000
154070,114.178,10000000
154080,113.737,10000000
154090,114.430,10000000
154100,182.159,10000000
154110,433.443,10000000
154120,232.871,10000000
154130,158.324,10000000
154140,129.822,10000000
154150,118.733,10000000
154160,115.152,10000000
154170,113.494,10000000
154180,112.927,10000000
154190,113.577,10000000
154200,113.990,10000000
154210,113.571,10000000
154220,113.957,10000000
154230,114.223,10000000
154240,113.780,10000000
154250,114.453,10000000
154260,114.810,10000000
154270,114.490,10000000
154280,114.775,10000000
154290,115.462,10000000
154300,115.438,10000000
154310,115.620,10000000
154320,115.704,10000000
154330,115.765,10000000
154340,115.267,10000000
154350,114.342,10000000
154360,112.680,10000000
154370,112.753,10000000
154380,113.130,10000000
154390,113.384,10000000
154400,113.288,10000000
154410,113.101,10000000
154420,113.400,10000000
154430,113.621,10000000
154440,113.984,10000000
154450,114.262,10000000
154460,114.480,10000000
154470,114.902,10000000
154480,114.689,10000000
154490,115.089,10000000
154500,115.304,10000000
154510,115.713,10000000
154520,115.923,10000000
154530,115.986,10000000
154540,115.538,10000000
154550,114.505,10000000
154560,112.390,10000000
154570,113.111,10000000
154580,113.159,10000000
154590,112.870,10000000
154600,113.422,10000000
154610,113.488,10000000
154620,113.483,10000000
154630,113.626,10000000
154640,113.779,10000000
154650,114.105,10000000
154660,114.542,10000000
154670,114.780,10000000
154680,114.962,10000000
154690,115.056,10000000
154700,115.701,10000000
154710,115.575,10000000
154720,115.537,10000000
154730,115.731,10000000
154740,116.080,10000000
154750,115.420,10000000
154760,114.943,10000000
154770,112.384,10000000
154780,112.462,10000000
154790,112.631,10000000
154800,112.789,10000000
154810,113.313,10000000
154820,113.244,10000000
154830,113.204,10000000
154840,113.697,10000000
154850,113.937,10000000
154860,114.259,10000000
154870,114.205,10000000
154880,114.216,10000000
154890,114.579,10000000
154900,114.810,10000000
154910,115.237,10000000
154920,115.216,10000000
154930,115.554,10000000
154940,115.468,10000000
154950,115.637,10000000
154960,115.456,10000000
154970,114.084,10000000
154980,112.520,10000000
154990,112.977,10000000
155000,112.959,10000000
155010,113.137,10000000
155020,113.003,10000000
155030,113.149,10000000
155040,112.880,10000000
155050,113.484,10000000
155060,113.929,10000000
155070,113.938,10000000
155080,114.070,10000000
155090,114.496,10000000
155100,114.972,10000000
155110,760.304,10000000
155120,384.404,10000000
155130,215.147,10000000
155140,152.383,10000000
155150,128.937,10000000
155160,120.451,10000000
155170,117.090,10000000
155180,114.458,10000000
155190,112.723,10000000
155200,112.704,10000000
155210,112.676,10000000
155220,112.781,10000000
155230,113.202,10000000
155240,113.237,10000000
155250,113.174,10000000
155260,113.459,10000000
155270,113.515,10000000
155280,113.943,10000000
155290,114.269,10000000
155300,114.271,10000000
155310,114.728,10000000
155320,115.022,10000000
155330,114.862,10000000
155340,115.777,10000000
155350,115.532,10000000
155360,115.719,10000000
155370,115.468,10000000
155380,115.029,10000000
155390,112.612,10000000
155400,112.891,10000000
155410,112.805,10000000
155420,112.921,10000000
155430,113.218,10000000
155440,113.467,10000000
155450,113.716,10000000
155460,113.263,10000000
155470,113.932,10000000
155480,113.946,10000000
155490,114.067,10000000
155500,114.175,10000000
155510,114.798,10000000
155520,114.503,10000000
155530,115.016,10000000
155540,115.004,10000000
155550,115.223,10000000
155560,115.975,10000000
155570,115.715,10000000
155580,115.203,10000000
155590,115.164,10000000
155600,113.291,10000000
155610,112.406,10000000
155620,112.787,10000000
155630,112.622,10000000
155640,112.801,10000000
155650,113.547,10000000
155660,113.493,10000000
155670,113.724,10000000
155680,113.496,10000000
155690,114.245,10000000
155700,114.346,10000000
155710,114.538,10000000
155720,114.416,10000000
155730,114.540,10000000
155740,114.847,10000000
155750,115.239,10000000
155760,115.349,10000000
155770,115.340,10000000
155780,115.679,10000000
155790,115.400,10000000
155800,114.935,10000000
155810,113.783,10000000
155820,112.686,10000000
155830,112.449,10000000
155840,112.999,10000000
155850,113.119,10000000
155860,113.303,10000000
155870,113.064,10000000
155880,113.633,10000000
155890,113.692,10000000
155900,113.848,10000000
155910,114.251,10000000
155920,114.368,10000000
155930,114.405,10000000
155940,114.585,10000000
155950,114.815,10000000
155960,115.138,10000000
155970,115.572,10000000
155980,115.734,10000000
155990,115.778,10000000
156000,115.747,10000000
156010,115.308,10000000
156020,113.169,10000000
156030,112.683,10000000
156040,112.834,10000000
156050,112.751,10000000
156060,112.959,10000000
156070,112.966,10000000
156080,113.036,10000000
156090,113.360,10000000
156100,206.339,X0000000
156110,86.540,00000000
156120,48.305,00000000
156130,35.690,00000000
156140,30.898,00000000
156150,29.091,00000000
156160,28.346,00000000
156170,28.071,00000000
156180,27.749,00000000
156190,27.554,00000000
156200,27.429,00000000
156210,27.243,00000000
156220,27.262,00000000
156230,27.439,00000000
156240,27.421,00000000
156250,27.577,00000000
156260,27.719,00000000
156270,27.675,00000000
156280,27.710,00000000
156290,28.020,00000000
156300,28.129,00000000
156310,28.052,00000000
156320,28.081,00000000
156330,28.050,00000000
156340,28.012,00000000
156350,27.988,00000000
156360,27.891,00000000
156370,27.941,00000000
156380,27.981,00000000
156390,27.459,00000000
156400,27.457,00000000
156410,27.299,00000000
156420,27.259,00000000
156430,27.452,00000000
156440,27.414,00000000
156450,27.679,00000000
156460,27.804,00000000
156470,27.663,00000000
156480,27.845,00000000
156490,27.899,00000000
156500,28.086,00000000
156510,28.142,00000000
156520,28.014,00000000
156530,28.028,00000000
156540,28.101,00000000
156550,28.023,00000000
156560,28.009,00000000
156570,27.854,00000000
156580,27.692,00000000
156590,27.723,00000000
156600,27.430,00000000
156610,27.173,00000000
156620,27.231,00000000
156630,27.386,00000000
156640,27.456,00000000
156650,27.578,00000000
156660,27.833,00000000
156670,27.713,00000000
156680,27.865,00000000
156690,28.002,00000000
156700,27.934,00000000
156710,27.961,00000000
156720,28.212,00000000
156730,28.045,00000000
156740,28.156,00000000
156750,27.922,00000000
156760,27.880,00000000
156770,27.793,00000000
156780,27.731,00000000
156790,27.542,00000000
156800,27.267,00000000
156810,27.251,00000000
156820,27.314,00000000
156830,27.604,00000000
156840,27.589,00000000
156850,27.564,00000000
156860,27.827,00000000
156870,27.805,00000000
156880,27.804,00000000
156890,28.125,00000000
156900,28.166,00000000
156910,27.988,00000000
156920,28.239,00000000
156930,28.158,00000000
156940,27.848,00000000
156950,27.926,00000000
156960,27.881,00000000
156970,27.791,00000000
156980,27.607,00000000
156990,27.440,00000000
157000,27.090,00000000
157010,27.305,00000000
157020,27.348,00000000
157030,27.476,00000000
157040,27.684,00000000
157050,27.680,00000000
157060,27.674,00000000
157070,27.919,00000000
157080,27.849,00000000
157090,28.025,00000000
157100,28.112,00000000
157110,28.040,00000000
157120,28.074,00000000
157130,28.018,00000000
157140,27.947,00000000
157150,27.986,00000000
157160,28.010,00000000
157170,27.770,00000000
157180,27.593,00000000
157190,27.380,00000000
157200,27.323,00000000
157210,27.368,00000000
157220,27.342,00000000
157230,27.510,00000000
157240,27.661,00000000
157250,27.653,00000000
157260,27.740,00000000
157270,27.853,00000000
157280,27.896,00000000
157290,28.007,00000000
157300,28.039,00000000
157310,28.023,00000000
157320,28.186,00000000
157330,28.079,00000000
157340,28.070,00000000
157350,27.947,00000000
157360,27.866,00000000
157370,27.800,00000000
157380,27.455,00000000
157390,27.236,00000000
157400,27.105,00000000
157410,27.414,00000000
157420,27.532,00000000
157430,27.420,00000000
157440,27.667,00000000
157450,27.961,00000000
157460,27.959,00000000
157470,27.881,00000000
157480,27.811,00000000
157490,28.092,00000000
157500,28.164,00000000
157510,27.987,00000000
157520,27.959,00000000
157530,28.083,00000000
157540,28.030,00000000
157550,27.896,00000000
157560,27.782,00000000
157570,27.643,00000000
157580,27.475,00000000
157590,27.347,00000000
157600,27.280,00000000
157610,27.352,00000000
157620,27.456,00000000
157630,27.453,00000000
157640,27.800,00000000
157650,27.804,00000000
157660,27.833,00000000
157670,27.820,00000000
157680,27.913,00000000
157690,28.142,00000000
157700,28.190,00000000
157710,27.934,00000000
157720,27.972,00000000
157730,28.187,00000000
157740,27.986,00000000
157750,27.823,00000000
157760,27.764,00000000
157770,27.672,00000000
157780,27.578,00000000
157790,27.409,00000000
157800,27.188,00000000
157810,27.239,00000000
157820,27.463,00000000
157830,27.481,00000000
157840,27.697,00000000
157850,27.656,00000000
157860,27.873,00000000
157870,27.868,00000000
157880,27.892,00000000
157890,27.876,00000000
157900,28.024,00000000
157910,28.238,00000000
157920,28.147,00000000
157930,28.084,00000000
157940,28.314,00000000
157950,28.006,00000000
157960,27.790,00000000
157970,27.791,00000000
157980,27.420,00000000
157990,27.273,00000000
158000,27.211,00000000
158010,27.484,00000000
158020,27.538,00000000
158030,27.399,00000000
158040,27.561,00000000
158050,27.958,00000000
158060,27.817,00000000
158070,27.961,00000000
158080,27.935,00000000
158090,28.086,00000000
158100,27.997,00000000
158110,28.061,00000000
158120,28.223,00000000
158130,27.971,00000000
158140,27.968,00000000
158150,28.007,00000000
158160,27.800,00000000
158170,27.654,00000000
158180,27.507,00000000
158190,27.131,00000000
158200,27.114,00000000
158210,27.308,00000000
158220,27.397,00000000
158230,27.621,00000000
158240,27.701,00000000
158250,27.786,00000000
158260,27.853,00000000
158270,28.036,00000000
158280,28.094,00000000
158290,28.219,00000000
158300,28.210,00000000
158310,27.958,00000000
158320,28.060,00000000
158330,28.092,00000000
158340,27.940,00000000
158350,27.834,00000000
158360,27.666,00000000
158370,27.550,00000000
158380,27.516,00000000
158390,27.282,00000000
158400,27.266,00000000
158410,27.402,00000000
158420,27.408,00000000
158430,27.573,00000000
158440,27.775,00000000
158450,27.786,00000000
158460,27.724,00000000
158470,27.899,00000000
158480,28.131,00000000
158490,27.947,00000000
158500,27.993,00000000
158510,27.975,00000000
158520,28.006,00000000
158530,28.001,00000000
158540,28.125,00000000
158550,27.910,00000000
158560,27.740,00000000
158570,27.757,00000000
158580,27.581,00000000
158590,27.183,00000000
158600,27.150,00000000
158610,27.369,00000000
158620,27.409,00000000
158630,27.662,00000000
158640,27.712,00000000
158650,27.725,00000000
158660,27.851,00000000
158670,27.813,00000000
158680,27.965,00000000
158690,28.151,00000000
158700,28.163,00000000
158710,27.999,00000000
158720,27.973,00000000
158730,28.141,00000000
158740,28.163,00000000
158750,27.885,00000000
158760,27.718,00000000
158770,27.602,00000000
158780,27.501,00000000
158790,27.354,00000000
158800,27.108,00000000
158810,27.289,00000000
158820,27.531,00000000
158830,27.656,00000000
158840,27.681,00000000
158850,27.549,00000000
158860,27.817,00000000
158870,27.961,00000000
158880,27.896,00000000
158890,27.979,00000000
158900,28.206,00000000
158910,28.125,00000000
158920,27.981,00000000
158930,28.045,00000000
158940,28.037,00000000
158950,28.082,00000000
158960,27.919,00000000
158970,27.854,00000000
158980,27.442,00000000
158990,27.193,00000000
159000,27.329,00000000
159010,27.331,00000000
159020,27.539,00000000
159030,27.486,00000000
159040,27.497,00000000
159050,27.683,00000000
159060,27.792,00000000
159070,27.902,00000000
159080,28.093,00000000
159090,28.009,00000000
159100,27.954,00000000
159110,27.991,00000000
159120,28.020,00000000
159130,28.140,00000000
159140,28.051,00000000
159150,28.014,00000000
159160,27.847,00000000
159170,27.643,00000000
159180,27.476,00000000
159190,27.348,00000000
159200,27.303,00000000
159210,27.305,00000000
159220,27.378,00000000
159230,27.367,00000000
159240,27.497,00000000
159250,27.820,00000000
159260,27.837,00000000
159270,27.968,00000000
159280,27.866,00000000
159290,27.950,00000000
159300,27.930,00000000
159310,28.139,00000000
159320,28.011,00000000
159330,28.175,00000000
159340,28.161,00000000
159350,27.840,00000000
159360,27.770,00000000
159370,27.879,00000000
159380,27.371,00000000
159390,27.172,00000000
159400,27.240,00000000
159410,27.272,00000000
159420,27.580,00000000
159430,27.536,00000000
159440,27.646,00000000
159450,27.758,00000000
159460,27.763,00000000
159470,27.967,00000000
159480,27.869,00000000
159490,28.091,00000000
159500,28.139,00000000
159510,28.012,00000000
159520,27.915,00000000
159530,28.096,00000000
159540,28.057,00000000
159550,27.758,00000000
159560,27.707,00000000
159570,27.478,00000000
159580,27.231,00000000
159590,27.236,00000000
159600,27.278,00000000
159610,27.580,00000000
159620,27.528,00000000
159630,27.564,00000000
159640,27.804,00000000
159650,27.758,00000000
159660,27.927,00000000
159670,27.925,00000000
159680,27.964,00000000
159690,28.028,00000000
159700,28.175,00000000
159710,27.968,00000000
159720,28.126,00000000
159730,27.880,00000000
159740,27.955,00000000
159750,27.767,00000000
159760,27.610,00000000
159770,27.509,00000000
159780,27.133,00000000
159790,27.366,00000000
159800,27.359,00000000
159810,27.414,00000000
159820,27.613,00000000
159830,27.630,00000000
159840,27.843,00000000
159850,27.776,00000000
159860,28.007,00000000
159870,27.851,00000000
159880,27.902,00000000
159890,28.073,00000000
159900,28.230,00000000
159910,28.041,00000000
159920,27.893,00000000
159930,28.020,00000000
159940,28.007,00000000
159950,27.707,00000000
159960,27.647,00000000
159970,27.331,00000000
159980,27.218,00000000
159990,27.399,00000000
160000,27.260,00000000
160010,27.477,00000000
160020,27.737,00000000
160030,27.804,00000000
160040,27.797,00000000
160050,27.694,00000000
160060,27.943,00000000
160070,28.034,00000000
160080,28.147,00000000
160090,27.912,00000000
160100,27.918,00000000
160110,28.029,00000000
160120,28.058,00000000
160130,27.992,00000000
160140,27.881,00000000
160150,27.835,00000000
160160,27.634,00000000
160170,27.453,00000000
160180,27.154,00000000
160190,27.225,00000000
160200,27.467,00000000
160210,27.455,00000000
160220,27.583,00000000
160230,27.670,00000000
160240,27.790,00000000
160250,27.854,00000000
160260,27.885,00000000
160270,28.073,00000000
160280,27.965,00000000
160290,28.056,00000000
160300,28.150,00000000
160310,27.939,00000000
160320,27.959,00000000
160330,27.879,00000000
160340,27.959,00000000
160350,27.838,00000000
160360,27.645,00000000
160370,27.336,00000000
160380,27.331,00000000
160390,27.417,00000000
160400,27.512,00000000
160410,27.542,00000000
160420,27.583,00000000
160430,27.698,00000000
160440,27.791,00000000
160450,27.934,00000000
160460,28.040,00000000
160470,27.974,00000000
160480,28.113,00000000
160490,27.987,00000000
160500,27.960,00000000
160510,27.945,00000000
160520,27.975,00000000
160530,28.165,00000000
160540,27.986,00000000
160550,27.598,00000000
160560,27.494,00000000
160570,27.469,00000000
160580,27.245,00000000
160590,27.141,00000000
160600,27.333,00000000
160610,27.570,00000000
160620,27.799,00000000
160630,27.654,00000000
160640,27.704,00000000
160650,27.828,00000000
160660,27.908,00000000
160670,28.152,00000000
160680,28.015,00000000
160690,28.024,00000000
160700,28.174,00000000
160710,28.073,00000000
160720,27.987,00000000
160730,27.889,00000000
160740,27.822,00000000
160750,27.834,00000000
160760,27.675,00000000
160770,27.452,00000000
160780,26.980,00000000
160790,27.188,00000000
160800,27.589,00000000
160810,27.483,00000000
160820,27.549,00000000
160830,27.726,00000000
160840,27.699,00000000
160850,27.860,00000000
160860,28.035,00000000
160870,27.990,00000000
160880,27.957,00000000
160890,28.130,00000000
160900,28.084,00000000
160910,27.994,00000000
160920,28.004,00000000
160930,27.896,00000000
160940,27.976,00000000
160950,27.879,00000000
160960,27.433,00000000
160970,27.262,00000000
160980,27.111,00000000
160990,27.324,00000000
161000,27.483,00000000
161010,27.697,00000000
161020,27.597,00000000
161030,27.738,00000000
161040,27.719,00000000
161050,27.816,00000000
161060,28.033,00000000
161070,28.088,00000000
161080,27.953,00000000
161090,28.019,00000000
161100,27.920,00000000
161110,28.079,00000000
161120,28.110,00000000
161130,27.928,00000000
161140,27.792,00000000
161150,27.590,00000000
161160,27.654,00000000
161170,27.400,00000000
161180,27.142,00000000
161190,27.257,00000000
161200,27.563,00000000
161210,27.481,00000000
161220,27.486,00000000
161230,27.632,00000000
161240,27.770,00000000
161250,27.945,00000000
161260,27.959,00000000
161270,28.115,00000000
161280,28.108,00000000
161290,28.091,00000000
161300,28.023,00000000
161310,28.100,00000000
161320,28.002,00000000
161330,28.021,00000000
161340,27.914,00000000
161350,27.594,00000000
161360,27.586,00000000
161370,27.407,00000000
161380,27.236,00000000
161390,27.440,00000000
161400,27.484,00000000
161410,27.562,00000000
161420,27.514,00000000
161430,27.549,00000000
161440,27.756,00000000
161450,27.732,00000000
161460,27.953,00000000
161470,28.120,00000000
161480,27.981,00000000
161490,27.962,00000000
161500,28.068,00000000
161510,28.167,00000000
161520,27.963,00000000
161530,27.910,00000000
161540,27.936,00000000
161550,27.813,00000000
161560,27.525,00000000
161570,27.325,00000000
161580,27.077,00000000
161590,27.344,00000000
161600,27.424,00000000
161610,27.594,00000000
161620,27.642,00000000
161630,27.724,00000000
161640,27.690,00000000
161650,27.855,00000000
161660,28.009,00000000
161670,28.127,00000000
161680,27.934,00000000
161690,28.031,00000000
161700,28.098,00000000
161710,28.128,00000000
161720,28.064,00000000
161730,28.014,00000000
161740,27.849,00000000
161750,27.878,00000000
161760,27.577,00000000
161770,27.445,00000000
161780,27.124,00000000
161790,27.307,00000000
161800,27.399,00000000
161810,27.550,00000000
161820,27.681,00000000
161830,27.609,00000000
161840,27.788,00000000
161850,27.976,00000000
161860,27.875,00000000
161870,27.926,00000000
161880,27.963,00000000
161890,28.002,00000000
161900,28.101,00000000
161910,28.015,00000000
161920,28.018,00000000
161930,28.042,00000000
161940,27.855,00000000
161950,27.767,00000000
161960,27.525,00000000
161970,27.342,00000000
161980,27.254,00000000
161990,27.233,00000000
162000,27.355,00000000
162010,27.319,00000000
162020,27.369,00000000
162030,27.552,00000000
162040,27.659,00000000
162050,27.846,00000000
162060,27.873,00000000
162070,27.990,00000000
162080,27.921,00000000
162090,27.982,00000000
162100,28.192,00000000
162110,28.121,00000000
162120,28.124,00000000
162130,27.939,00000000
162140,27.968,00000000
162150,27.767,00000000
162160,27.785,00000000
162170,27.687,00000000
162180,27.246,00000000
162190,27.140,00000000
162200,27.374,00000000
162210,27.670,00000000
162220,27.506,00000000
162230,27.572,00000000
162240,27.750,00000000
162250,27.824,00000000
162260,27.908,00000000
162270,27.868,00000000
162280,28.019,00000000
162290,27.996,00000000
162300,28.138,00000000
162310,28.269,00000000
162320,27.961,00000000
162330,28.078,00000000
162340,28.227,00000000
162350,28.063,00000000
162360,27.878,00000000
162370,27.458,00000000
162380,27.393,00000000
162390,27.021,00000000
162400,27.201,00000000
162410,27.432,00000000
162420,27.528,00000000
162430,27.622,00000000
162440,27.807,00000000
162450,27.856,00000000
162460,27.919,00000000
162470,28.069,00000000
162480,28.168,00000000
162490,28.128,00000000
162500,28.166,00000000
162510,27.973,00000000
162520,28.104,00000000
162530,28.165,00000000
162540,27.836,00000000
162550,27.852,00000000
162560,27.755,00000000
162570,27.613,00000000
162580,27.203,00000000
162590,27.093,00000000
162600,27.239,00000000
162610,27.306,00000000
162620,27.523,00000000
162630,27.686,00000000
162640,27.758,00000000
162650,27.758,00000000
162660,27.855,00000000
162670,27.968,00000000
162680,27.968,00000000
162690,27.953,00000000
162700,28.082,00000000
162710,28.095,00000000
162720,28.203,00000000
162730,28.037,00000000
162740,28.087,00000000
162750,27.930,00000000
162760,27.774,00000000
162770,27.457,00000000
162780,27.126,00000000
162790,27.241,00000000
162800,27.385,00000000
162810,27.459,00000000
162820,27.496,00000000
162830,27.620,00000000
162840,27.746,00000000
162850,27.837,00000000
162860,28.014,00000000
162870,27.878,00000000
162880,28.034,00000000
162890,28.077,00000000
162900,28.070,00000000
162910,27.926,00000000
162920,28.008,00000000
162930,27.918,00000000
162940,28.135,00000000
162950,27.961,00000000
162960,27.537,00000000
162970,27.450,00000000
162980,27.466,00000000
162990,27.339,00000000
163000,27.327,00000000
163010,27.247,00000000
163020,27.490,00000000
163030,27.657,00000000
163040,27.927,00000000
163050,27.829,00000000
163060,27.925,00000000
163070,27.932,00000000
163080,27.989,00000000
163090,27.888,00000000
163100,28.159,00000000
163110,28.278,00000000
163120,28.063,00000000
163130,28.078,00000000
163140,27.919,00000000
163150,27.932,00000000
163160,27.716,00000000
163170,27.595,00000000
163180,27.294,00000000
163190,27.057,00000000
163200,27.372,00000000
163210,27.312,00000000
163220,27.558,00000000
163230,27.642,00000000
163240,27.746,00000000
163250,27.884,00000000
163260,27.992,00000000
163270,27.965,00000000
163280,28.064,00000000
163290,28.003,00000000
163300,28.099,00000000
163310,28.056,00000000
163320,27.960,00000000
163330,27.954,00000000
163340,27.935,00000000
163350,27.911,00000000
163360,27.740,00000000
163370,27.589,00000000
163380,27.154,00000000
163390,27.325,00000000
163400,27.228,00000000
163410,27.426,00000000
163420,27.655,00000000
163430,27.609,00000000
163440,27.787,00000000
163450,27.674,00000000
163460,27.773,00000000
163470,28.097,00000000
163480,28.052,00000000
163490,27.935,00000000
163500,28.030,00000000
163510,27.996,00000000
163520,28.170,00000000
163530,28.063,00000000
163540,27.846,00000000
163550,27.707,00000000
163560,27.759,00000000
163570,27.487,00000000
163580,27.043,00000000
163590,27.329,00000000
163600,27.477,00000000
163610,27.478,00000000
163620,27.482,00000000
163630,27.632,00000000
163640,27.765,00000000
163650,27.879,00000000
163660,27.920,00000000
163670,28.068,00000000
163680,27.949,00000000
163690,27.973,00000000
163700,28.113,00000000
163710,28.100,00000000
163720,28.063,00000000
163730,27.916,00000000
163740,27.963,00000000
163750,27.945,00000000
163760,27.671,00000000
163770,27.456,00000000
163780,27.266,00000000
163790,27.254,00000000
163800,27.427,00000000
163810,27.375,00000000
163820,27.485,00000000
163830,27.667,00000000
163840,27.632,00000000
163850,27.746,00000000
163860,27.892,00000000
163870,27.903,00000000
163880,28.009,00000000
163890,28.097,00000000
163900,28.074,00000000
163910,27.981,00000000
163920,28.146,00000000
163930,28.183,00000000
163940,28.132,00000000
163950,27.888,00000000
163960,27.544,00000000
163970,27.625,00000000
163980,27.106,00000000
163990,27.212,00000000
164000,27.322,00000000
164010,27.409,00000000
164020,27.626,00000000
164030,27.527,00000000
164040,27.770,00000000
164050,27.771,00000000
164060,27.846,00000000
164070,27.916,00000000
164080,28.045,00000000
164090,27.994,00000000
164100,27.983,00000000
164110,28.183,00000000
164120,28.138,00000000
164130,28.043,00000000
164140,27.800,00000000
164150,27.873,00000000
164160,27.656,00000000
164170,27.289,00000000
164180,27.283,00000000
164190,27.406,00000000
164200,27.422,00000000
164210,27.380,00000000
164220,27.623,00000000
164230,27.678,00000000
164240,27.840,00000000
164250,27.816,00000000
164260,27.981,00000000
164270,28.119,00000000
164280,27.886,00000000
164290,28.056,00000000
164300,28.043,00000000
164310,28.050,00000000
164320,28.134,00000000
164330,28.019,00000000
164340,28.052,00000000
164350,27.842,00000000
164360,27.557,00000000
164370,27.522,00000000
164380,27.158,00000000
164390,27.248,00000000
164400,27.481,00000000
164410,27.307,00000000
164420,27.455,00000000
164430,27.538,00000000
164440,27.744,00000000
164450,28.018,00000000
164460,27.958,00000000
164470,27.968,00000000
164480,27.981,00000000
164490,28.257,00000000
164500,28.115,00000000
164510,27.919,00000000
164520,28.068,00000000
164530,28.070,00000000
164540,27.905,00000000
164550,27.749,00000000
164560,27.275,00000000
164570,27.183,00000000
164580,27.143,00000000
164590,27.332,00000000
164600,27.514,00000000
164610,27.529,00000000
164620,27.730,00000000
164630,27.861,00000000
164640,27.845,00000000
164650,27.790,00000000
164660,27.893,00000000
164670,27.957,00000000
164680,27.999,00000000
164690,28.247,00000000
164700,28.224,00000000
164710,27.975,00000000
164720,27.898,00000000
164730,27.838,00000000
164740,27.851,00000000
164750,27.614,00000000
164760,27.368,00000000
164770,27.223,00000000
164780,27.269,00000000
164790,27.354,00000000
164800,27.472,00000000
164810,27.631,00000000
164820,27.748,00000000
164830,27.807,00000000
164840,27.879,00000000
164850,28.086,00000000
164860,28.132,00000000
164870,27.920,00000000
164880,28.090,00000000
164890,28.247,00000000
164900,28.135,00000000
164910,27.899,00000000
164920,28.049,00000000
164930,28.071,00000000
164940,27.800,00000000
164950,27.417,00000000
164960,27.365,00000000
164970,27.375,00000000
164980,27.396,00000000
164990,27.332,00000000
165000,27.385,00000000
165010,27.681,00000000
165020,27.650,00000000
165030,27.792,00000000
165040,27.873,00000000
165050,27.902,00000000
165060,27.927,00000000
165070,28.110,00000000
165080,28.175,00000000
165090,28.175,00000000
165100,28.168,00000000
165110,27.999,00000000
165120,27.947,00000000
165130,27.852,00000000
165140,27.705,00000000
165150,27.467,00000000
165160,27.208,00000000
165170,27.276,00000000
165180,27.351,00000000
165190,27.484,00000000
165200,27.567,00000000
165210,27.763,00000000
165220,27.740,00000000
165230,27.937,00000000
165240,28.060,00000000
165250,27.871,00000000
165260,28.009,00000000
165270,28.049,00000000
165280,27.969,00000000
165290,27.873,00000000
165300,28.176,00000000
165310,27.938,00000000
165320,27.877,00000000
165330,27.859,00000000
165340,27.823,00000000
165350,27.457,00000000
165360,27.161,00000000
165370,27.180,00000000
165380,27.500,00000000
165390,27.606,00000000
165400,27.539,00000000
165410,27.573,00000000
165420,27.697,00000000
165430,28.028,00000000
165440,27.916,00000000
165450,28.055,00000000
165460,27.904,00000000
165470,28.223,00000000
165480,28.162,00000000
165490,28.042,00000000
165500,27.972,00000000
165510,28.010,00000000
165520,27.958,00000000
165530,27.777,00000000
165540,27.647,00000000
165550,27.401,00000000
165560,27.108,00000000
165570,27.330,00000000
165580,27.337,00000000
165590,27.391,00000000
165600,27.567,00000000
165610,27.634,00000000
165620,27.970,00000000
165630,27.974,00000000
165640,27.857,00000000
165650,28.030,00000000
165660,28.188,00000000
165670,28.226,00000000
165680,28.201,00000000
165690,28.170,00000000
165700,27.913,00000000
165710,27.852,00000000
165720,27.771,00000000
165730,27.610,00000000
165740,27.372,00000000
165750,27.227,00000000
165760,27.151,00000000
165770,27.250,00000000
165780,27.301,00000000
165790,27.614,00000000
165800,27.707,00000000
165810,27.714,00000000
165820,27.980,00000000
165830,27.839,00000000
165840,27.844,00000000
165850,28.097,00000000
165860,28.176,00000000
165870,28.000,00000000
165880,27.975,00000000
165890,27.978,00000000
165900,28.135,00000000
165910,28.089,00000000
165920,27.958,00000000
165930,27.696,00000000
165940,27.525,00000000
165950,27.080,00000000
165960,27.211,00000000
165970,27.462,00000000
165980,27.618,00000000
165990,27.487,00000000
166000,27.522,00000000
166010,27.608,00000000
166020,27.724,00000000
166030,27.952,00000000
166040,28.052,00000000
166050,27.966,00000000
166060,28.019,00000000
166070,27.990,00000000
166080,28.168,00000000
166090,28.129,00000000
166100,28.071,00000000
166110,27.798,00000000
166120,27.855,00000000
166130,27.601,00000000
166140,27.274,00000000
166150,27.040,00000000
166160,27.251,00000000
166170,27.533,00000000
166180,27.485,00000000
166190,27.588,00000000
166200,27.552,00000000
166210,27.768,00000000
166220,28.090,00000000
166230,28.087,00000000
166240,27.867,00000000
166250,27.986,00000000
166260,28.157,00000000
166270,28.180,00000000
166280,27.926,00000000
166290,28.006,00000000
166300,28.194,00000000
166310,27.979,00000000
166320,27.809,00000000
166330,27.622,00000000
166340,27.483,00000000
166350,27.184,00000000
166360,27.278,00000000
166370,27.452,00000000
166380,27.367,00000000
166390,27.637,00000000
166400,27.741,00000000
166410,27.694,00000000
166420,27.821,00000000
166430,27.886,00000000
166440,27.917,00000000
166450,27.934,00000000
166460,28.165,00000000
166470,28.127,00000000
166480,28.161,00000000
166490,27.993,00000000
166500,27.988,00000000
166510,27.867,00000000
166520,27.691,00000000
166530,27.619,00000000
166540,27.324,00000000
166550,27.279,00000000
166560,27.400,00000000
166570,27.248,00000000
166580,27.577,00000000
166590,27.686,00000000
166600,27.749,00000000
166610,27.817,00000000
166620,27.773,00000000
166630,28.010,00000000
166640,28.187,00000000
166650,27.924,00000000
166660,28.170,00000000
166670,28.098,00000000
166680,27.872,00000000
166690,27.923,00000000
166700,28.003,00000000
166710,27.951,00000000
166720,27.666,00000000
166730,27.515,00000000
166740,27.271,00000000
166750,27.306,00000000
166760,27.480,00000000
166770,27.558,00000000
166780,27.512,00000000
166790,27.614,00000000
166800,27.836,00000000
166810,27.870,00000000
166820,27.833,00000000
166830,27.777,00000000
166840,28.071,00000000
166850,28.068,00000000
166860,28.027,00000000
166870,27.973,00000000
166880,28.077,00000000
166890,28.268,00000000
166900,28.102,00000000
166910,27.927,00000000
166920,27.759,00000000
166930,27.445,00000000
166940,27.281,00000000
166950,27.116,00000000
166960,27.162,00000000
166970,27.486,00000000
166980,27.489,00000000
166990,27.700,00000000
167000,27.672,00000000
167010,27.752,00000000
167020,27.926,00000000
167030,27.881,00000000
167040,27.855,00000000
167050,28.065,00000000
167060,27.918,00000000
167070,28.030,00000000
167080,28.163,00000000
167090,27.944,00000000
167100,27.875,00000000
167110,27.895,00000000
167120,27.756,00000000
167130,27.501,00000000
167140,27.238,00000000
167150,27.260,00000000
167160,27.272,00000000
167170,27.485,00000000
167180,27.558,00000000
167190,27.641,00000000
167200,27.751,00000000
167210,27.773,00000000
167220,27.943,00000000
167230,28.053,00000000
167240,27.997,00000000
167250,28.093,00000000
167260,28.050,00000000
167270,27.988,00000000
167280,28.047,00000000
167290,27.902,00000000
167300,27.923,00000000
167310,27.805,00000000
167320,27.610,00000000
167330,27.372,00000000
167340,27.086,00000000
167350,27.348,00000000
167360,27.489,00000000
167370,27.520,00000000
167380,27.589,00000000
167390,27.642,00000000
167400,27.698,00000000
167410,27.955,00000000
167420,28.048,00000000
167430,27.926,00000000
167440,28.093,00000000
167450,27.916,00000000
167460,27.918,00000000
167470,28.067,00000000
167480,28.066,00000000
167490,27.999,00000000
167500,27.850,00000000
167510,27.762,00000000
167520,27.628,00000000
167530,27.372,00000000
167540,27.107,00000000
167550,27.288,00000000
167560,27.314,00000000
167570,27.552,00000000
167580,27.479,00000000
167590,27.802,00000000
167600,27.800,00000000
167610,27.853,00000000
167620,27.901,00000000
167630,28.113,00000000
167640,28.082,00000000
167650,28.033,00000000
167660,27.931,00000000
167670,27.995,00000000
167680,28.104,00000000
167690,27.936,00000000
167700,27.778,00000000
167710,27.671,00000000
167720,27.578,00000000
167730,27.518,00000000
167740,27.131,00000000
167750,27.164,00000000
167760,27.591,00000000
167770,27.643,00000000
167780,27.632,00000000
167790,27.622,00000000
167800,27.736,00000000
167810,27.911,00000000
167820,27.894,00000000
167830,27.853,00000000
167840,28.125,00000000
167850,28.060,00000000
167860,28.101,00000000
167870,28.028,00000000
167880,28.036,00000000
167890,28.056,00000000
167900,28.019,00000000
167910,27.799,00000000
167920,27.471,00000000
167930,27.352,00000000
167940,27.229,00000000
167950,27.387,00000000
167960,27.483,00000000
167970,27.717,00000000
167980,27.582,00000000
167990,27.786,00000000
168000,27.777,00000000
168010,27.797,00000000
168020,27.910,00000000
168030,27.910,00000000
168040,28.219,00000000
168050,28.091,00000000
168060,27.982,00000000
168070,28.079,00000000
168080,27.882,00000000
168090,28.073,00000000
168100,27.809,00000000
168110,27.714,00000000
168120,27.421,00000000
168130,27.072,00000000
168140,27.415,00000000
168150,27.212,00000000
168160,27.582,00000000
168170,27.341,00000000
168180,27.668,00000000
168190,27.932,00000000
168200,27.802,00000000
168210,27.841,00000000
168220,27.701,00000000
168230,28.264,00000000
168240,27.901,00000000
168250,27.967,00000000
168260,27.928,00000000
168270,28.023,00000000
168280,27.837,00000000
168290,28.049,00000000
168300,27.678,00000000
168310,27.548,00000000
168320,27.306,00000000
168330,27.109,00000000
168340,27.529,00000000
168350,27.077,00000000
168360,27.664,00000000
168370,27.826,00000000
168380,27.625,00000000
168390,27.897,00000000
168400,27.780,00000000
168410,27.874,00000000
168420,28.096,00000000
168430,28.081,00000000
168440,28.108,00000000
168450,28.072,00000000
168460,28.064,00000000
168470,28.046,00000000
168480,28.015,00000000
168490,27.838,00000000
168500,27.732,00000000
168510,27.553,00000000
168520,27.262,00000000
168530,27.199,00000000
168540,27.435,00000000
168550,27.509,00000000
168560,27.602,00000000
168570,27.397,00000000
168580,27.626,00000000
168590,27.856,00000000
168600,27.901,00000000
168610,27.890,00000000
168620,28.033,00000000
168630,28.139,00000000
168640,28.010,00000000
168650,27.969,00000000
168660,28.233,00000000
168670,27.871,00000000
168680,27.997,00000000
168690,27.821,00000000
168700,27.598,00000000
168710,27.436,00000000
168720,27.177,00000000
168730,27.115,00000000
168740,27.294,00000000
168750,27.517,00000000
168760,27.622,00000000
168770,27.705,00000000
168780,27.800,00000000
168790,27.901,00000000
168800,27.845,00000000
168810,28.015,00000000
168820,28.205,00000000
168830,28.038,00000000
168840,28.170,00000000
168850,28.058,00000000
168860,28.210,00000000
168870,28.023,00000000
168880,27.964,00000000
168890,27.838,00000000
168900,27.483,00000000
168910,27.327,00000000
168920,27.177,00000000
168930,27.352,00000000
168940,27.348,00000000
168950,27.452,00000000
168960,27.592,00000000
168970,27.687,00000000
168980,27.745,00000000
168990,27.773,00000000
169000,27.873,00000000
169010,28.030,00000000
169020,28.050,00000000
169030,28.099,00000000
169040,28.120,00000000
169050,28.162,00000000
169060,28.067,00000000
169070,28.048,00000000
169080,27.894,00000000
169090,27.676,00000000
169100,27.527,00000000
169110,27.113,00000000
169120,27.162,00000000
169130,27.273,00000000
169140,27.274,00000000
169150,27.480,00000000
169160,27.637,00000000
169170,27.759,00000000
169180,27.889,00000000
169190,27.843,00000000
169200,27.987,00000000
169210,27.933,00000000
169220,28.139,00000000
169230,28.358,00000000
169240,28.029,00000000
169250,28.053,00000000
169260,27.903,00000000
169270,27.867,00000000
169280,27.814,00000000
169290,27.668,00000000
169300,27.432,00000000
169310,27.333,00000000
169320,27.297,00000000
169330,27.285,00000000
169340,27.413,00000000
169350,27.763,00000000
169360,27.716,00000000
169370,27.752,00000000
169380,27.899,00000000
169390,27.920,00000000
169400,27.885,00000000
169410,28.013,00000000
169420,28.070,00000000
169430,28.102,00000000
169440,28.081,00000000
169450,28.073,00000000
169460,27.833,00000000
169470,27.880,00000000
169480,27.998,00000000
169490,27.716,00000000
169500,27.257,00000000
169510,27.008,00000000
169520,27.184,00000000
169530,27.465,00000000
169540,27.630,00000000
169550,27.587,00000000
169560,27.588,00000000
169570,27.698,00000000
169580,27.863,00000000
169590,28.007,00000000
169600,28.209,00000000
169610,28.106,00000000
169620,28.025,00000000
169630,28.154,00000000
169640,28.081,00000000
169650,27.990,00000000
169660,28.070,00000000
169670,27.909,00000000
169680,27.661,00000000
169690,27.514,00000000
169700,27.492,00000000
169710,27.276,00000000
169720,27.419,00000000
169730,27.345,00000000
169740,27.578,00000000
169750,27.609,00000000
169760,27.704,00000000
169770,27.707,00000000
169780,27.890,00000000
169790,28.097,00000000
169800,28.115,00000000
169810,28.131,00000000
169820,28.116,00000000
169830,27.993,00000000
169840,28.108,00000000
169850,27.979,00000000
169860,28.015,00000000
169870,27.736,00000000
169880,27.593,00000000
169890,27.453,00000000
169900,27.246,00000000
169910,27.276,00000000
169920,27.411,00000000
169930,27.523,00000000
169940,27.592,00000000
169950,27.780,00000000
169960,27.662,00000000
169970,27.760,00000000
169980,28.056,00000000
169990,27.885,00000000
170000,28.118,00000000
170010,27.943,00000000
170020,28.092,00000000
170030,28.196,00000000
170040,28.146,00000000
170050,28.040,00000000
170060,27.894,00000000
170070,27.884,00000000
170080,27.586,00000000
170090,27.291,00000000
170100,27.280,00000000
170110,27.440,00000000
170120,27.422,00000000
170130,27.357,00000000
170140,27.502,00000000
170150,27.572,00000000
170160,27.816,00000000
170170,27.871,00000000
170180,27.908,00000000
170190,27.911,00000000
170200,28.129,00000000
170210,28.286,00000000
170220,28.287,00000000
170230,28.121,00000000
170240,28.069,00000000
170250,27.920,00000000
170260,27.894,00000000
170270,27.530,00000000
170280,27.441,00000000
170290,27.286,00000000
170300,27.246,00000000
170310,27.380,00000000
170320,27.476,00000000
170330,27.475,00000000
170340,27.666,00000000
170350,27.638,00000000
170360,27.680,00000000
170370,27.934,00000000
170380,28.008,00000000
170390,27.887,00000000
170400,28.043,00000000
170410,27.876,00000000
170420,27.983,00000000
170430,28.174,00000000
170440,28.122,00000000
170450,27.896,00000000
170460,27.871,00000000
170470,27.835,00000000
170480,27.865,00000000
170490,27.482,00000000
170500,27.314,00000000
170510,27.155,00000000
170520,27.416,00000000
170530,27.613,00000000
170540,27.727,00000000
170550,27.525,00000000
170560,27.751,00000000
170570,27.839,00000000
170580,28.001,00000000
170590,28.228,00000000
170600,27.868,00000000
170610,27.975,00000000
170620,28.051,00000000
170630,28.157,00000000
170640,28.045,00000000
170650,28.034,00000000
170660,27.738,00000000
170670,27.655,00000000
170680,27.457,00000000
170690,27.347,00000000
170700,27.134,00000000
170710,27.397,00000000
170720,27.534,00000000
170730,27.580,00000000
170740,27.555,00000000
170750,27.719,00000000
170760,27.767,00000000
170770,28.010,00000000
170780,28.016,00000000
170790,27.838,00000000
170800,27.950,00000000
170810,28.220,00000000
170820,28.142,00000000
170830,28.032,00000000
170840,28.019,00000000
170850,28.084,00000000
170860,27.747,00000000
170870,27.773,00000000
170880,27.424,00000000
170890,27.244,00000000
170900,27.483,00000000
170910,27.450,00000000
170920,27.518,00000000
170930,27.602,00000000
170940,27.676,00000000
170950,27.894,00000000
170960,27.732,00000000
170970,27.820,00000000
170980,27.946,00000000
170990,27.917,00000000
171000,28.140,00000000
171010,28.095,00000000
171020,27.946,00000000
171030,27.947,00000000
171040,27.986,00000000
171050,27.842,00000000
171060,27.780,00000000
171070,27.702,00000000
171080,27.479,00000000
171090,27.146,00000000
171100,27.215,00000000
171110,27.361,00000000
171120,27.487,00000000
171130,27.753,00000000
171140,27.719,00000000
171150,27.868,00000000
171160,27.851,00000000
171170,28.063,00000000
171180,28.056,00000000
171190,28.098,00000000
171200,28.078,00000000
171210,28.115,00000000
171220,28.037,00000000
171230,28.170,00000000
171240,27.970,00000000
171250,27.985,00000000
171260,27.510,00000000
171270,27.505,00000000
171280,27.266,00000000
171290,27.108,00000000
171300,27.406,00000000
171310,27.617,00000000
171320,27.539,00000000
171330,27.726,00000000
171340,27.845,00000000
171350,27.868,00000000
171360,27.985,00000000
171370,27.975,00000000
171380,27.993,00000000
171390,28.173,00000000
171400,28.157,00000000
171410,28.023,00000000
171420,27.888,00000000
171430,28.048,00000000
171440,28.104,00000000
171450,27.902,00000000
171460,27.769,00000000
171470,27.570,00000000
171480,27.128,00000000
171490,27.330,00000000
171500,27.312,00000000
171510,27.512,00000000
171520,27.462,00000000
171530,27.685,00000000
171540,27.825,00000000
171550,27.788,00000000
171560,27.891,00000000
171570,28.079,00000000
171580,28.015,00000000
171590,28.098,00000000
171600,28.106,00000000
171610,27.979,00000000
171620,27.956,00000000
171630,27.962,00000000
171640,27.924,00000000
171650,27.977,00000000
171660,27.709,00000000
171670,27.412,00000000
171680,27.194,00000000
171690,27.240,00000000
171700,27.462,00000000
171710,27.516,00000000
171720,27.575,00000000
171730,27.562,00000000
171740,27.840,00000000
171750,27.956,00000000
171760,27.775,00000000
171770,27.994,00000000
171780,28.096,00000000
171790,28.039,00000000
171800,28.139,00000000
171810,28.282,00000000
171820,28.032,00000000
171830,28.052,00000000
171840,27.882,00000000
171850,27.764,00000000
171860,27.791,00000000
171870,27.246,00000000
171880,27.189,00000000
171890,27.223,00000000
171900,27.398,00000000
171910,27.551,00000000
171920,27.524,00000000
171930,27.668,00000000
171940,27.920,00000000
171950,27.790,00000000
171960,27.955,00000000
171970,27.979,00000000
171980,28.040,00000000
171990,27.967,00000000
172000,28.123,00000000
172010,28.088,00000000
172020,28.069,00000000
172030,27.854,00000000
172040,27.878,00000000
172050,27.834,00000000
172060,27.437,00000000
172070,27.232,00000000
172080,27.364,00000000
172090,27.278,00000000
172100,27.375,00000000
172110,27.656,00000000
172120,27.598,00000000
172130,27.617,00000000
172140,27.999,00000000
172150,27.821,00000000
172160,27.969,00000000
172170,27.994,00000000
172180,27.943,00000000
172190,28.181,00000000
172200,27.986,00000000
172210,27.985,00000000
172220,28.061,00000000
172230,27.975,00000000
172240,27.883,00000000
172250,27.684,00000000
172260,27.389,00000000
172270,27.313,00000000
172280,27.135,00000000
172290,27.316,00000000
172300,27.528,00000000
172310,27.546,00000000
172320,27.604,00000000
172330,27.652,00000000
172340,28.040,00000000
172350,27.954,00000000
172360,27.846,00000000
172370,27.956,00000000
172380,27.973,00000000
172390,28.124,00000000
172400,28.145,00000000
172410,28.095,00000000
172420,27.902,00000000
172430,27.889,00000000
172440,27.643,00000000
172450,27.673,00000000
172460,27.463,00000000
172470,27.078,00000000
172480,27.277,00000000
172490,27.318,00000000
172500,27.635,00000000
172510,27.789,00000000
172520,27.584,00000000
172530,27.782,00000000
172540,27.875,00000000
172550,28.019,00000000
172560,28.143,00000000
172570,27.972,00000000
172580,28.003,00000000
172590,27.979,00000000
172600,28.042,00000000
172610,28.151,00000000
172620,28.034,00000000
172630,27.716,00000000
172640,27.651,00000000
172650,27.573,00000000
172660,27.385,00000000
172670,27.218,00000000
172680,27.239,00000000
172690,27.489,00000000
172700,27.482,00000000
172710,27.672,00000000
172720,27.723,00000000
172730,27.887,00000000
172740,27.891,00000000
172750,28.012,00000000
172760,27.886,00000000
172770,28.019,00000000
172780,28.098,00000000
172790,28.153,00000000
172800,27.890,00000000
172810,27.885,00000000
172820,27.856,00000000
172830,27.919,00000000
172840,27.740,00000000
172850,27.266,00000000
172860,27.265,00000000
172870,27.375,00000000
172880,27.342,00000000
172890,27.403,00000000
172900,27.476,00000000
172910,27.703,00000000
172920,27.677,00000000
172930,27.918,00000000
172940,27.897,00000000
172950,27.970,00000000
172960,28.100,00000000
172970,28.207,00000000
172980,28.088,00000000
172990,27.987,00000000
173000,27.894,00000000
173010,27.865,00000000
173020,27.994,00000000
173030,27.580,00000000
173040,27.386,00000000
173050,27.070,00000000
173060,27.387,00000000
173070,27.390,00000000
173080,27.523,00000000
173090,27.460,00000000
173100,27.760,00000000
173110,27.768,00000000
173120,27.831,00000000
173130,28.097,00000000
173140,28.165,00000000
173150,27.941,00000000
173160,28.174,00000000
173170,27.977,00000000
173180,28.084,00000000
173190,28.011,00000000
173200,27.976,00000000
173210,27.939,00000000
173220,27.867,00000000
173230,27.445,00000000
173240,27.258,00000000
173250,27.125,00000000
173260,27.112,00000000
173270,27.384,00000000
173280,27.571,00000000
173290,27.720,00000000
173300,27.857,00000000
173310,27.748,00000000
173320,27.784,00000000
173330,27.946,00000000
173340,28.198,00000000
173350,28.082,00000000
173360,28.075,00000000
173370,27.971,00000000
173380,27.978,00000000
173390,28.028,00000000
173400,27.998,00000000
173410,27.986,00000000
173420,27.708,00000000
173430,27.662,00000000
173440,27.186,00000000
173450,27.298,00000000
173460,27.275,00000000
173470,27.395,00000000
173480,27.623,00000000
173490,27.782,00000000
173500,27.733,00000000
173510,27.745,00000000
173520,27.866,00000000
173530,27.884,00000000
173540,28.050,00000000
173550,28.047,00000000
173560,28.084,00000000
173570,28.206,00000000
173580,28.046,00000000
173590,27.928,00000000
173600,27.733,00000000
173610,27.618,00000000
173620,27.684,00000000
173630,27.483,00000000
173640,27.221,00000000
173650,27.246,00000000
173660,27.349,00000000
173670,27.447,00000000
173680,27.732,00000000
173690,27.806,00000000
173700,27.801,00000000
173710,27.978,00000000
173720,27.902,00000000
173730,27.942,00000000
173740,28.065,00000000
173750,28.089,00000000
173760,28.176,00000000
173770,28.019,00000000
173780,27.902,00000000
173790,27.821,00000000
173800,27.784,00000000
173810,27.883,00000000
173820,27.493,00000000
173830,27.316,00000000
173840,27.150,00000000
173850,27.400,00000000
173860,27.596,00000000
173870,27.486,00000000
173880,27.571,00000000
173890,27.654,00000000
173900,27.795,00000000
173910,28.035,00000000
173920,28.001,00000000
173930,27.999,00000000
173940,28.103,00000000
173950,28.030,00000000
173960,28.040,00000000
173970,28.125,00000000
173980,28.143,00000000
173990,27.780,00000000
174000,27.546,00000000
174010,27.545,00000000
174020,27.354,00000000
174030,27.184,00000000
174040,27.320,00000000
174050,27.253,00000000
174060,27.523,00000000
174070,27.830,00000000
174080,27.668,00000000
174090,27.692,00000000
174100,27.809,00000000
174110,28.173,00000000
174120,28.058,00000000
174130,28.054,00000000
174140,27.958,00000000
174150,28.190,00000000
174160,28.226,00000000
174170,28.119,00000000
174180,27.744,00000000
174190,27.854,00000000
174200,27.660,00000000
174210,27.523,00000000
174220,27.042,00000000
174230,27.335,00000000
174240,27.523,00000000
174250,27.599,00000000
174260,27.476,00000000
174270,27.583,00000000
174280,27.614,00000000
174290,27.799,00000000
174300,28.104,00000000
174310,27.941,00000000
174320,28.148,00000000
174330,27.916,00000000
174340,28.137,00000000
174350,28.174,00000000
174360,28.046,00000000
174370,27.933,00000000
174380,27.748,00000000
174390,27.604,00000000
174400,27.740,00000000
174410,27.377,00000000
174420,27.164,00000000
174430,27.344,00000000
174440,27.538,00000000
174450,27.652,00000000
174460,27.713,00000000
174470,27.539,00000000
174480,27.673,00000000
174490,27.983,00000000
174500,28.037,00000000
174510,27.998,00000000
174520,27.919,00000000
174530,28.003,00000000
174540,28.118,00000000
174550,28.098,00000000
174560,28.057,00000000
174570,27.809,00000000
174580,27.633,00000000
174590,27.455,00000000
174600,27.248,00000000
174610,27.397,00000000
174620,27.398,00000000
174630,27.528,00000000
174640,27.626,00000000
174650,27.591,00000000
174660,27.648,00000000
174670,27.892,00000000
174680,27.901,00000000
174690,27.913,00000000
174700,28.017,00000000
174710,28.072,00000000
174720,28.199,00000000
174730,28.244,00000000
174740,28.224,00000000
174750,28.071,00000000
174760,27.854,00000000
174770,27.659,00000000
174780,27.572,00000000
174790,27.365,00000000
174800,27.065,00000000
174810,27.250,00000000
174820,27.298,00000000
174830,27.360,00000000
174840,27.646,00000000
174850,27.626,00000000
174860,27.733,00000000
174870,27.953,00000000
174880,28.037,00000000
174890,28.058,00000000
174900,27.946,00000000
174910,28.046,00000000
174920,28.015,00000000
174930,28.094,00000000
174940,28.146,00000000
174950,28.046,00000000
174960,27.876,00000000
174970,27.588,00000000
174980,27.449,00000000
174990,27.324,00000000
175000,27.341,00000000
175010,27.377,00000000
175020,27.374,00000000
175030,27.469,00000000
175040,27.485,00000000
175050,27.730,00000000
175060,27.793,00000000
175070,27.966,00000000
175080,28.014,00000000
175090,27.901,00000000
175100,28.124,00000000
175110,28.207,00000000
175120,28.138,00000000
175130,27.983,00000000
175140,28.054,00000000
175150,28.071,00000000
175160,27.887,00000000
175170,27.684,00000000
175180,27.265,00000000
175190,27.187,00000000
175200,27.171,00000000
175210,27.323,00000000
175220,27.339,00000000
175230,27.531,00000000
175240,27.936,00000000
175250,27.883,00000000
175260,27.932,00000000
175270,27.905,00000000
175280,27.886,00000000
175290,27.990,00000000
175300,27.974,00000000
175310,28.166,00000000
175320,28.178,00000000
175330,27.910,00000000
175340,27.855,00000000
175350,27.736,00000000
175360,27.555,00000000
175370,27.446,00000000
175380,27.213,00000000
175390,27.248,00000000
175400,27.425,00000000
175410,27.416,00000000
175420,27.652,00000000
175430,27.838,00000000
175440,27.890,00000000
175450,27.988,00000000
175460,27.866,00000000
175470,28.020,00000000
175480,28.021,00000000
175490,28.126,00000000
175500,28.208,00000000
175510,28.167,00000000
175520,28.092,00000000
175530,27.688,00000000
175540,27.812,00000000
175550,27.434,00000000
175560,27.120,00000000
175570,27.232,00000000
175580,27.260,00000000
175590,27.467,00000000
175600,27.672,00000000
175610,27.797,00000000
175620,27.857,00000000
175630,27.880,00000000
175640,27.864,00000000
175650,27.938,00000000
175660,28.065,00000000
175670,28.105,00000000
175680,28.052,00000000
175690,27.970,00000000
175700,28.007,00000000
175710,27.855,00000000
175720,27.840,00000000
175730,27.758,00000000
175740,27.509,00000000
175750,27.270,00000000
175760,27.195,00000000
175770,27.331,00000000
175780,27.405,00000000
175790,27.663,00000000
175800,27.751,00000000
175810,27.822,00000000
175820,27.880,00000000
175830,27.983,00000000
175840,28.124,00000000
175850,28.203,00000000
175860,28.137,00000000
175870,28.009,00000000
175880,27.789,00000000
175890,27.963,00000000
175900,27.855,00000000
175910,27.738,00000000
175920,27.552,00000000
175930,27.289,00000000
175940,27.329,00000000
175950,27.387,00000000
175960,27.299,00000000
175970,27.342,00000000
175980,27.709,00000000
175990,27.676,00000000
176000,27.791,00000000
176010,27.793,00000000
176020,27.873,00000000
176030,27.859,00000000
176040,28.064,00000000
176050,28.190,00000000
176060,28.141,00000000
176070,27.932,00000000
176080,27.978,00000000
176090,28.233,00000000
176100,28.037,00000000
176110,27.604,00000000
176120,27.538,00000000
176130,27.449,00000000
176140,27.309,00000000
176150,27.155,00000000
176160,27.158,00000000
176170,27.490,00000000
176180,27.587,00000000
176190,27.673,00000000
176200,27.756,00000000
176210,27.787,00000000
176220,27.826,00000000
176230,28.043,00000000
176240,28.258,00000000
176250,28.101,00000000
176260,28.156,00000000
176270,27.894,00000000
176280,27.921,00000000
176290,27.981,00000000
176300,27.890,00000000
176310,27.733,00000000
176320,27.447,00000000
176330,27.221,00000000
176340,27.173,00000000
176350,27.224,00000000
176360,27.406,00000000
176370,27.492,00000000
176380,27.688,00000000
176390,27.827,00000000
176400,27.729,00000000
176410,27.908,00000000
176420,27.860,00000000
176430,28.154,00000000
176440,28.113,00000000
176450,27.983,00000000
176460,28.046,00000000
176470,28.017,00000000
176480,28.088,00000000
176490,27.957,00000000
176500,27.702,00000000
176510,27.473,00000000
176520,27.282,00000000
176530,27.193,00000000
176540,27.476,00000000
176550,27.354,00000000
176560,27.583,00000000
176570,27.409,00000000
176580,27.651,00000000
176590,27.874,00000000
176600,27.894,00000000
176610,27.758,00000000
176620,27.865,00000000
176630,28.139,00000000
176640,28.101,00000000
176650,27.972,00000000
176660,28.088,00000000
176670,27.844,00000000
176680,27.959,00000000
176690,27.961,00000000
176700,27.681,00000000
176710,27.534,00000000
176720,27.305,00000000
176730,27.242,00000000
176740,27.449,00000000
176750,27.484,00000000
176760,27.405,00000000
176770,27.479,00000000
176780,27.853,00000000
176790,27.730,00000000
176800,27.636,00000000
176810,27.875,00000000
176820,27.834,00000000
176830,27.913,00000000
176840,28.129,00000000
176850,28.124,00000000
176860,28.193,00000000
176870,27.929,00000000
176880,28.060,00000000
176890,27.915,00000000
176900,27.661,00000000
176910,27.380,00000000
176920,27.237,00000000
176930,27.342,00000000
176940,27.333,00000000
176950,27.341,00000000
176960,27.398,00000000
176970,27.590,00000000
176980,27.765,00000000
176990,27.732,00000000
177000,27.853,00000000
177010,27.923,00000000
177020,27.893,00000000
177030,27.919,00000000
177040,28.083,00000000
177050,28.107,00000000
177060,28.201,00000000
177070,27.836,00000000
177080,27.830,00000000
177090,27.901,00000000
177100,27.632,00000000
177110,27.370,00000000
177120,27.186,00000000
177130,27.151,00000000
177140,27.373,00000000
177150,27.610,00000000
177160,27.497,00000000
177170,27.692,00000000
177180,27.794,00000000
177190,27.967,00000000
177200,28.112,00000000
177210,28.043,00000000
177220,27.941,00000000
177230,28.045,00000000
177240,28.021,00000000
177250,28.024,00000000
177260,27.945,00000000
177270,27.892,00000000
177280,27.755,00000000
177290,27.720,00000000
177300,27.571,00000000
177310,27.417,00000000
177320,27.217,00000000
177330,27.227,00000000
177340,27.422,00000000
177350,27.433,00000000
177360,27.628,00000000
177370,27.849,00000000
177380,27.755,00000000
177390,27.929,00000000
177400,28.019,00000000
177410,28.073,00000000
177420,28.054,00000000
177430,27.927,00000000
177440,28.102,00000000
177450,27.920,00000000
177460,27.999,00000000
177470,28.004,00000000
177480,27.648,00000000
177490,27.580,00000000
177500,27.517,00000000
177510,27.269,00000000
177520,27.249,00000000
177530,27.234,00000000
177540,27.358,00000000
177550,27.651,00000000
177560,27.847,00000000
177570,27.692,00000000
177580,27.775,00000000
177590,27.813,00000000
177600,27.997,00000000
177610,28.163,00000000
177620,27.955,00000000
177630,28.095,00000000
177640,28.142,00000000
177650,28.136,00000000
177660,28.179,00000000
177670,27.910,00000000
177680,27.682,00000000
177690,27.493,00000000
177700,27.257,00000000
177710,27.180,00000000
177720,27.201,00000000
177730,27.328,00000000
177740,27.458,00000000
177750,27.547,00000000
177760,27.783,00000000
177770,27.974,00000000
177780,28.010,00000000
177790,27.828,00000000
177800,28.015,00000000
177810,27.971,00000000
177820,28.082,00000000
177830,28.046,00000000
177840,27.882,00000000
177850,28.022,00000000
177860,27.953,00000000
177870,27.868,00000000
177880,27.815,00000000
177890,27.588,00000000
177900,27.270,00000000
177910,27.355,00000000
177920,27.229,00000000
177930,27.370,00000000
177940,27.600,00000000
177950,27.596,00000000
177960,27.600,00000000
177970,27.690,00000000
177980,27.817,00000000
177990,27.978,00000000
178000,27.966,00000000
178010,28.098,00000000
178020,28.133,00000000
178030,27.933,00000000
178040,28.004,00000000
178050,27.992,00000000
178060,27.939,00000000
178070,27.648,00000000
178080,27.636,00000000
178090,27.356,00000000
178100,27.216,00000000
178110,27.228,00000000
178120,27.342,00000000
178130,27.547,00000000
178140,27.599,00000000
178150,27.571,00000000
178160,27.686,00000000
178170,27.823,00000000
178180,28.106,00000000
178190,27.824,00000000
178200,27.899,00000000
178210,27.947,00000000
178220,28.081,00000000
178230,28.123,00000000
178240,27.976,00000000
178250,27.960,00000000
178260,27.903,00000000
178270,27.729,00000000
178280,27.543,00000000
178290,27.287,00000000
178300,27.104,00000000
178310,27.362,00000000
178320,27.382,00000000
178330,27.376,00000000
178340,27.629,00000000
178350,27.571,00000000
178360,27.756,00000000
178370,27.906,00000000
178380,27.959,00000000
178390,28.008,00000000
178400,28.087,00000000
178410,28.053,00000000
178420,28.262,00000000
178430,28.244,00000000
178440,28.094,00000000
178450,27.738,00000000
178460,27.643,00000000
178470,27.774,00000000
178480,27.512,00000000
178490,27.464,00000000
178500,27.225,00000000
178510,27.251,00000000
178520,27.330,00000000
178530,27.430,00000000
178540,27.576,00000000
178550,27.737,00000000
178560,27.791,00000000
178570,27.805,00000000
178580,28.034,00000000
178590,28.182,00000000
178600,28.088,00000000
178610,28.059,00000000
178620,27.956,00000000
178630,28.005,00000000
178640,28.051,00000000
178650,28.085,00000000
178660,27.757,00000000
178670,27.545,00000000
178680,27.529,00000000
178690,27.250,00000000
178700,27.264,00000000
178710,27.227,00000000
178720,27.399,00000000
178730,27.458,00000000
178740,27.641,00000000
178750,27.678,00000000
178760,27.941,00000000
178770,27.988,00000000
178780,27.764,00000000
178790,27.902,00000000
178800,28.154,00000000
178810,28.015,00000000
178820,28.094,00000000
178830,28.032,00000000
178840,27.897,00000000
178850,27.940,00000000
178860,28.016,00000000
178870,27.692,00000000
178880,27.426,00000000
178890,27.443,00000000
178900,27.255,00000000
178910,27.207,00000000
178920,27.440,00000000
178930,27.447,00000000
178940,27.781,00000000
178950,27.734,00000000
178960,27.787,00000000
178970,27.830,00000000
178980,27.953,00000000
178990,28.032,00000000
179000,28.057,00000000
179010,28.088,00000000
179020,28.112,00000000
179030,28.086,00000000
179040,27.936,00000000
179050,27.888,00000000
179060,27.844,00000000
179070,27.800,00000000
179080,27.379,00000000
179090,27.346,00000000
179100,27.200,00000000
179110,27.345,00000000
179120,27.437,00000000
179130,27.473,00000000
179140,27.605,00000000
179150,27.779,00000000
179160,27.924,00000000
179170,27.853,00000000
179180,27.962,00000000
179190,28.141,00000000
179200,28.091,00000000
179210,28.072,00000000
179220,28.079,00000000
179230,28.097,00000000
179240,27.994,00000000
179250,27.763,00000000
179260,27.804,00000000
179270,27.544,00000000
179280,27.423,00000000
179290,27.084,00000000
179300,27.219,00000000
179310,27.215,00000000
179320,27.459,00000000
179330,27.653,00000000
179340,27.886,00000000
179350,27.903,00000000
179360,27.868,00000000
179370,27.938,00000000
179380,28.018,00000000
179390,28.201,00000000
179400,27.974,00000000
179410,28.016,00000000
179420,27.949,00000000
179430,27.920,00000000
179440,27.911,00000000
179450,27.943,00000000
179460,27.909,00000000
179470,27.559,00000000
179480,27.332,00000000
179490,27.090,00000000
179500,27.200,00000000
179510,27.494,00000000
179520,27.555,00000000
179530,27.443,00000000
179540,27.635,00000000
179550,27.692,00000000
179560,27.929,00000000
179570,28.049,00000000
179580,27.882,00000000
179590,27.927,00000000
179600,28.223,00000000
179610,28.103,00000000
179620,27.933,00000000
179630,27.983,00000000
179640,27.950,00000000
179650,27.877,00000000
179660,27.904,00000000
179670,27.618,00000000
179680,27.180,00000000
179690,27.282,00000000
179700,27.499,00000000
179710,27.523,00000000
179720,27.489,00000000
179730,27.519,00000000
179740,27.807,00000000
179750,27.945,00000000
179760,27.772,00000000
179770,27.792,00000000
179780,27.817,00000000
179790,28.028,00000000
179800,28.177,00000000
179810,28.211,00000000
179820,28.082,00000000
179830,28.050,00000000
179840,27.938,00000000
179850,27.817,00000000
179860,27.807,00000000
179870,27.459,00000000
179880,27.341,00000000
179890,27.214,00000000
179900,27.367,00000000
179910,27.382,00000000
179920,27.437,00000000
179930,27.678,00000000
179940,27.672,00000000
179950,27.887,00000000
179960,28.009,00000000
179970,27.934,00000000
179980,27.924,00000000
179990,27.983,00000000
180000,28.067,00000000
180010,28.257,00000000
180020,28.067,00000000
180030,28.047,00000000
180040,27.897,00000000
180050,27.941,00000000
180060,27.887,00000000
180070,27.589,00000000
180080,27.314,00000000
180090,27.108,00000000
180100,27.186,00000000
180110,27.371,00000000
180120,27.590,00000000
180130,27.540,00000000
180140,27.692,00000000
180150,27.993,00000000
180160,27.913,00000000
180170,27.987,00000000
180180,27.884,00000000
180190,28.048,00000000
180200,28.011,00000000
180210,28.120,00000000
180220,28.160,00000000
180230,27.946,00000000
180240,27.823,00000000
180250,27.817,00000000
180260,27.825,00000000
180270,27.598,00000000
180280,27.109,00000000
180290,27.081,00000000
180300,27.293,00000000
180310,27.514,00000000
180320,27.631,00000000
180330,27.530,00000000
180340,27.735,00000000
180350,27.988,00000000
180360,27.881,00000000
180370,27.991,00000000
180380,27.945,00000000
180390,27.967,00000000
180400,27.970,00000000
180410,28.219,00000000
180420,28.178,00000000
180430,27.872,00000000
180440,27.884,00000000
180450,27.755,00000000
180460,27.717,00000000
180470,27.478,00000000
180480,27.126,00000000
180490,27.205,00000000
180500,27.315,00000000
180510,27.624,00000000
180520,27.708,00000000
180530,27.601,00000000
180540,27.656,00000000
180550,27.713,00000000
180560,27.793,00000000
180570,27.965,00000000
180580,28.102,00000000
180590,28.068,00000000
180600,28.020,00000000
180610,28.000,00000000
180620,27.939,00000000
180630,28.081,00000000
180640,28.044,00000000
180650,27.842,00000000
180660,27.488,00000000
180670,27.309,00000000
180680,27.137,00000000
180690,27.300,00000000
180700,27.534,00000000
180710,27.472,00000000
180720,27.511,00000000
180730,27.501,00000000
180740,27.720,00000000
180750,27.747,00000000
180760,27.886,00000000
180770,28.158,00000000
180780,28.051,00000000
180790,27.976,00000000
180800,28.092,00000000
180810,27.895,00000000
180820,28.072,00000000
180830,28.069,00000000
180840,27.845,00000000
180850,27.638,00000000
180860,27.425,00000000
180870,27.288,00000000
180880,27.380,00000000
180890,27.503,00000000
180900,27.408,00000000
180910,27.634,00000000
180920,27.663,00000000
180930,27.641,00000000
180940,27.778,00000000
180950,28.038,00000000
180960,28.114,00000000
180970,28.055,00000000
180980,28.113,00000000
180990,27.851,00000000
181000,27.977,00000000
181010,28.103,00000000
181020,27.977,00000000
181030,27.769,00000000
181040,27.638,00000000
181050,27.506,00000000
181060,27.450,00000000
181070,27.259,00000000
181080,27.323,00000000
181090,27.355,00000000
181100,27.487,00000000
181110,27.544,00000000
181120,27.571,00000000
181130,27.833,00000000
181140,27.842,00000000
181150,27.861,00000000
181160,27.890,00000000
181170,27.983,00000000
181180,28.239,00000000
181190,28.083,00000000
181200,27.981,00000000
181210,27.981,00000000
181220,27.852,00000000
181230,27.756,00000000
181240,27.795,00000000
181250,27.370,00000000
181260,27.150,00000000
181270,27.397,00000000
181280,27.362,00000000
181290,27.450,00000000
181300,27.533,00000000
181310,27.513,00000000
181320,27.578,00000000
181330,27.828,00000000
181340,28.027,00000000
181350,28.008,00000000
181360,27.973,00000000
181370,27.934,00000000
181380,28.127,00000000
181390,28.199,00000000
181400,28.006,00000000
181410,27.924,00000000
181420,27.886,00000000
181430,27.710,00000000
181440,27.811,00000000
181450,27.463,00000000
181460,27.267,00000000
181470,27.111,00000000
181480,27.266,00000000
181490,27.602,00000000
181500,27.578,00000000
181510,27.664,00000000
181520,27.752,00000000
181530,27.734,00000000
181540,27.800,00000000
181550,28.114,00000000
181560,28.182,00000000
181570,28.018,00000000
181580,28.118,00000000
181590,28.238,00000000
181600,27.952,00000000
181610,27.878,00000000
181620,27.844,00000000
181630,27.915,00000000
181640,27.641,00000000
181650,27.342,00000000
181660,26.969,00000000
181670,27.248,00000000
181680,27.508,00000000
181690,27.369,00000000
181700,27.646,00000000
181710,27.601,00000000
181720,27.737,00000000
181730,28.061,00000000
181740,27.808,00000000
181750,27.990,00000000
181760,27.859,00000000
181770,27.953,00000000
181780,28.152,00000000
181790,28.215,00000000
181800,28.015,00000000
181810,27.923,00000000
181820,27.874,00000000
181830,27.630,00000000
181840,27.599,00000000
181850,27.345,00000000
181860,27.204,00000000
181870,27.095,00000000
181880,27.264,00000000
181890,27.420,00000000
181900,27.493,00000000
181910,27.797,00000000
181920,27.752,00000000
181930,27.856,00000000
181940,27.847,00000000
181950,28.060,00000000
181960,28.220,00000000
181970,27.988,00000000
181980,27.979,00000000
181990,28.029,00000000
182000,28.190,00000000
182010,27.903,00000000
182020,27.843,00000000
182030,27.598,00000000
182040,27.529,00000000
182050,27.508,00000000
182060,27.186,00000000
182070,27.272,00000000
182080,27.434,00000000
182090,27.447,00000000
182100,27.654,00000000
182110,27.910,00000000
182120,27.850,00000000
182130,27.822,00000000
182140,28.095,00000000
182150,28.183,00000000
182160,28.055,00000000
182170,27.937,00000000
182180,27.901,00000000
182190,27.971,00000000
182200,28.054,00000000
182210,27.970,00000000
182220,27.742,00000000
182230,27.664,00000000
182240,27.387,00000000
182250,27.226,00000000
182260,27.317,00000000
182270,27.473,00000000
182280,27.485,00000000
182290,27.586,00000000
182300,27.471,00000000
182310,27.597,00000000
182320,27.974,00000000
182330,28.018,00000000
182340,27.904,00000000
182350,27.900,00000000
182360,28.016,00000000
182370,28.145,00000000
182380,28.077,00000000
182390,27.960,00000000
182400,27.888,00000000
182410,27.803,00000000
182420,27.878,00000000
182430,27.646,00000000
182440,27.369,00000000
182450,27.061,00000000
182460,27.146,00000000
182470,27.294,00000000
182480,27.615,00000000
182490,27.628,00000000
182500,27.563,00000000
182510,27.896,00000000
182520,27.926,00000000
182530,27.907,00000000
182540,27.816,00000000
182550,27.943,00000000
182560,27.943,00000000
182570,28.023,00000000
182580,28.269,00000000
182590,28.074,00000000
182600,27.889,00000000
182610,27.989,00000000
182620,27.886,00000000
182630,27.620,00000000
182640,27.214,00000000
182650,26.990,00000000
182660,27.264,00000000
182670,27.463,00000000
182680,27.536,00000000
182690,27.581,00000000
182700,27.605,00000000
182710,27.830,00000000
182720,28.004,00000000
182730,27.867,00000000
182740,28.048,00000000
182750,28.015,00000000
182760,28.091,00000000
182770,28.034,00000000
182780,27.987,00000000
182790,28.049,00000000
182800,27.928,00000000
182810,27.686,00000000
182820,27.557,00000000
182830,27.323,00000000
182840,27.160,00000000
182850,27.343,00000000
182860,27.452,00000000
182870,27.503,00000000
182880,27.507,00000000
182890,27.781,00000000
182900,27.783,00000000
182910,27.739,00000000
182920,27.882,00000000
182930,27.979,00000000
182940,28.093,00000000
182950,28.102,00000000
182960,27.997,00000000
182970,27.967,00000000
182980,27.928,00000000
182990,27.877,00000000
183000,27.790,00000000
183010,27.869,00000000
183020,27.613,00000000
183030,27.292,00000000
183040,27.037,00000000
183050,27.303,00000000
183060,27.567,00000000
183070,27.530,00000000
183080,27.569,00000000
183090,27.553,00000000
183100,280.123,X0000000
183110,408.126,10000000
183120,223.361,10000000
183130,154.553,10000000
183140,128.573,10000000
183150,117.431,10000000
183160,242.282,10000000
183170,624.140,10000000
183180,298.649,10000000
183190,181.697,10000000
183200,138.405,10000000
183210,122.084,10000000
183220,116.878,10000000
183230,114.420,10000000
183240,114.459,10000000
183250,114.419,10000000
183260,114.701,10000000
183270,114.440,10000000
183280,114.617,10000000
183290,114.629,10000000
183300,115.296,10000000
183310,115.114,10000000
183320,115.085,10000000
183330,113.105,10000000
183340,112.393,10000000
183350,112.249,10000000
183360,112.487,10000000
183370,112.303,10000000
183380,112.649,10000000
183390,112.679,10000000
183400,113.182,10000000
183410,113.342,10000000
183420,113.724,10000000
183430,113.290,10000000
183440,113.798,10000000
183450,113.897,10000000
183460,114.702,10000000
183470,114.704,10000000
183480,114.805,10000000
183490,115.224,10000000
183500,115.543,10000000
183510,115.484,10000000
183520,115.123,10000000
183530,113.879,10000000
183540,112.011,10000000
183550,112.284,10000000
183560,112.642,10000000
183570,112.929,10000000
183580,112.812,10000000
183590,112.932,10000000
183600,113.206,10000000
183610,113.208,10000000
183620,113.431,10000000
183630,114.014,10000000
183640,113.911,10000000
183650,114.491,10000000
183660,114.229,10000000
183670,114.795,10000000
183680,114.888,10000000
183690,115.333,10000000
183700,115.702,10000000
183710,115.207,10000000
183720,115.634,10000000
183730,114.663,10000000
183740,112.930,10000000
183750,112.555,10000000
183760,112.798,10000000
183770,112.581,10000000
183780,113.084,10000000
183790,112.796,10000000
183800,113.431,10000000
183810,113.310,10000000
183820,113.715,10000000
183830,113.602,10000000
183840,113.747,10000000
183850,113.946,10000000
183860,114.886,10000000
183870,115.062,10000000
183880,114.925,10000000
183890,115.383,10000000
183900,115.861,10000000
183910,115.955,10000000
183920,115.885,10000000
183930,115.318,10000000
183940,114.576,10000000
183950,112.410,10000000
183960,112.736,10000000
183970,112.519,10000000
183980,112.939,10000000
183990,112.930,10000000
184000,113.172,10000000
184010,113.404,10000000
184020,113.477,10000000
184030,113.454,10000000
184040,113.648,10000000
184050,113.774,10000000
184060,114.269,10000000
184070,114.859,10000000
184080,115.013,10000000
184090,114.960,10000000
184100,115.317,10000000
184110,115.407,10000000
184120,115.738,10000000
184130,115.876,10000000
184140,115.654,10000000
184150,113.860,10000000
184160,112.624,10000000
184170,250.828,10000000
184180,409.634,10000000
184190,225.052,10000000
184200,156.186,10000000
184210,129.956,10000000
184220,119.560,10000000
184230,114.570,10000000
184240,113.771,10000000
184250,113.477,10000000
184260,112.881,10000000
184270,113.107,10000000
184280,113.280,10000000
184290,113.618,10000000
184300,113.734,10000000
184310,114.120,10000000
184320,114.035,10000000
184330,114.153,10000000
184340,114.731,10000000
184350,114.878,10000000
184360,114.981,10000000
184370,114.960,10000000
184380,115.538,10000000
184390,116.134,10000000
184400,115.874,10000000
184410,115.688,10000000
184420,114.759,10000000
184430,112.731,10000000
184440,112.960,10000000
184450,112.613,10000000
184460,113.270,10000000
184470,113.326,10000000
184480,113.610,10000000
184490,113.164,10000000
184500,113.580,10000000
184510,113.710,10000000
184520,114.372,10000000
184530,114.218,10000000
184540,114.900,10000000
184550,114.570,10000000
184560,115.358,10000000
184570,115.079,10000000
184580,115.304,10000000
184590,115.809,10000000
184600,115.747,10000000
184610,116.044,10000000
184620,115.505,10000000
184630,113.970,10000000
184640,113.154,10000000
184650,112.461,10000000
184660,113.420,10000000
184670,113.224,10000000
184680,113.379,10000000
184690,113.920,10000000
184700,113.503,10000000
184710,114.173,10000000
184720,114.337,10000000
184730,113.873,10000000
184740,114.218,10000000
184750,114.357,10000000
184760,114.792,10000000
184770,115.055,10000000
184780,115.358,10000000
184790,115.740,10000000
184800,115.719,10000000
184810,115.655,10000000
184820,115.822,10000000
184830,114.985,10000000
184840,113.698,10000000
184850,112.485,10000000
184860,112.839,10000000
184870,112.925,10000000
184880,113.022,10000000
184890,113.155,10000000
184900,113.503,10000000
184910,113.459,10000000
184920,113.673,10000000
184930,114.007,10000000
184940,114.223,10000000
184950,114.509,10000000
184960,115.029,10000000
184970,115.212,10000000
184980,114.963,10000000
184990,115.345,10000000
185000,115.843,10000000
185010,115.558,10000000
185020,115.969,10000000
185030,115.466,10000000
185040,114.744,10000000
185050,112.475,10000000
185060,112.611,10000000
185070,112.759,10000000
185080,113.002,10000000
185090,113.003,10000000
185100,113.695,10000000
185110,113.704,10000000
185120,113.606,10000000
185130,114.000,10000000
185140,114.352,10000000
185150,114.600,10000000
185160,114.463,10000000
185170,114.818,10000000
185180,801.444,10000000
185190,363.965,10000000
185200,208.478,10000000
185210,149.538,10000000
185220,128.362,10000000
185230,119.941,10000000
185240,117.864,10000000
185250,116.342,10000000
185260,115.147,10000000
185270,112.781,10000000
185280,112.804,10000000
185290,113.280,10000000
185300,113.505,10000000
185310,113.037,10000000
185320,113.143,10000000
185330,113.192,10000000
185340,113.660,10000000
185350,113.640,10000000
185360,113.972,10000000
185370,114.145,10000000
185380,114.609,10000000
185390,114.539,10000000
185400,115.082,10000000
185410,115.032,10000000
185420,115.835,10000000
185430,115.572,10000000
185440,115.651,10000000
185450,115.537,10000000
185460,114.733,10000000
185470,113.008,10000000
185480,112.899,10000000
185490,112.482,10000000
185500,113.009,10000000
185510,113.000,10000000
185520,113.491,10000000
185530,113.200,10000000
185540,113.494,10000000
185550,113.678,10000000
185560,114.094,10000000
185570,114.115,10000000
185580,114.179,10000000
185590,114.557,10000000
185600,115.042,10000000
185610,114.936,10000000
185620,115.101,10000000
185630,115.453,10000000
185640,115.609,10000000
185650,115.570,10000000
185660,115.641,10000000
185670,115.132,10000000
185680,113.445,10000000
185690,112.840,10000000
185700,112.609,10000000
185710,112.768,10000000
185720,112.902,10000000
185730,113.601,10000000
185740,113.540,10000000
185750,113.372,10000000
185760,113.939,10000000
185770,114.163,10000000
185780,114.392,10000000
185790,114.189,10000000
185800,114.883,10000000
185810,114.715,10000000
185820,115.043,10000000
185830,115.172,10000000
185840,115.880,10000000
185850,115.859,10000000
185860,115.850,10000000
185870,115.477,10000000
185880,113.831,10000000
185890,112.552,10000000
185900,112.983,10000000
185910,113.048,10000000
185920,113.274,10000000
185930,113.375,10000000
185940,113.493,10000000
185950,113.427,10000000
185960,113.561,10000000
185970,113.989,10000000
185980,114.152,10000000
185990,114.221,10000000
186000,115.115,10000000
186010,114.681,10000000
186020,115.354,10000000
186030,115.163,10000000
186040,115.356,10000000
186050,115.600,10000000
186060,115.960,10000000
186070,115.237,10000000
186080,114.409,10000000
186090,112.674,10000000
186100,113.030,10000000
186110,112.960,10000000
186120,113.087,10000000
186130,112.850,10000000
186140,113.379,10000000
186150,113.545,10000000
186160,126.240,X0000000
186170,59.602,00000000
186180,39.094,00000000
186190,31.842,00000000
186200,29.229,00000000
186210,28.220,00000000
186220,27.860,00000000
186230,27.667,00000000
186240,27.791,00000000
186250,27.884,00000000
186260,27.997,00000000
186270,28.166,00000000
186280,27.985,00000000
186290,27.977,00000000
186300,28.019,00000000
186310,28.014,00000000
186320,28.040,00000000
186330,27.879,00000000
186340,27.690,00000000
186350,27.600,00000000
186360,27.333,00000000
186370,27.140,00000000
186380,27.341,00000000
186390,27.420,00000000
186400,27.580,00000000
186410,27.542,00000000
186420,27.474,00000000
186430,27.690,00000000
186440,27.889,00000000
186450,27.878,00000000
186460,27.951,00000000
186470,27.954,00000000
186480,28.039,00000000
186490,28.043,00000000
186500,27.962,00000000
186510,28.062,00000000
186520,27.856,00000000
186530,27.894,00000000
186540,27.614,00000000
186550,27.394,00000000
186560,27.417,00000000
186570,27.270,00000000
186580,27.264,00000000
186590,27.296,00000000
186600,27.622,00000000
186610,27.692,00000000
186620,27.817,00000000
186630,27.624,00000000
186640,27.907,00000000
186650,28.056,00000000
186660,27.952,00000000
186670,28.011,00000000
186680,28.076,00000000
186690,28.080,00000000
186700,28.024,00000000
186710,28.097,00000000
186720,28.016,00000000
186730,27.725,00000000
186740,27.560,00000000
186750,27.493,00000000
186760,27.338,00000000
186770,27.314,00000000
186780,27.263,00000000
186790,27.392,00000000
186800,27.533,00000000
186810,27.537,00000000
186820,27.702,00000000
186830,27.762,00000000
186840,27.873,00000000
186850,27.896,00000000
186860,27.953,00000000
186870,27.990,00000000
186880,28.126,00000000
186890,28.188,00000000
186900,27.914,00000000
186910,28.083,00000000
186920,28.080,00000000
186930,27.806,00000000
186940,27.624,00000000
186950,27.431,00000000
186960,27.112,00000000
186970,27.234,00000000
186980,27.298,00000000
186990,27.365,00000000
187000,27.669,00000000
187010,27.865,00000000
187020,27.861,00000000
187030,27.783,00000000
187040,28.010,00000000
187050,28.099,00000000
187060,28.091,00000000
187070,27.830,00000000
187080,27.823,00000000
187090,28.075,00000000
187100,27.977,00000000
187110,27.846,00000000
187120,27.753,00000000
187130,27.510,00000000
187140,27.502,00000000
187150,27.257,00000000
187160,27.252,00000000
187170,27.470,00000000
187180,27.348,00000000
187190,27.586,00000000
187200,27.690,00000000
187210,27.668,00000000
187220,27.929,00000000
187230,27.903,00000000
187240,27.945,00000000
187250,27.911,00000000
187260,27.976,00000000
187270,28.016,00000000
187280,28.053,00000000
187290,28.080,00000000
187300,27.857,00000000
187310,27.641,00000000
187320,27.669,00000000
187330,27.291,00000000
187340,27.215,00000000
187350,27.197,00000000
187360,27.324,00000000
187370,27.572,00000000
187380,27.564,00000000
187390,27.638,00000000
187400,27.787,00000000
187410,27.812,00000000
187420,28.025,00000000
187430,28.110,00000000
187440,27.921,00000000
187450,27.969,00000000
187460,27.942,00000000
187470,28.171,00000000
187480,28.020,00000000
187490,27.752,00000000
187500,27.758,00000000
187510,27.504,00000000
187520,27.499,00000000
187530,27.192,00000000
187540,27.262,00000000
187550,27.465,00000000
187560,27.585,00000000
187570,27.619,00000000
187580,27.745,00000000
187590,27.888,00000000
187600,27.841,00000000
187610,28.085,00000000
187620,28.179,00000000
187630,27.926,00000000
187640,28.240,00000000
187650,28.109,00000000
187660,28.100,00000000
187670,27.952,00000000
187680,27.776,00000000
187690,27.638,00000000
187700,27.449,00000000
187710,27.200,00000000
187720,27.217,00000000
187730,27.280,00000000
187740,27.427,00000000
187750,27.565,00000000
187760,27.581,00000000
187770,27.828,00000000
187780,27.839,00000000
187790,27.879,00000000
187800,28.102,00000000
187810,27.994,00000000
187820,28.059,00000000
187830,27.934,00000000
187840,27.971,00000000
187850,28.126,00000000
187860,28.088,00000000
187870,27.769,00000000
187880,27.478,00000000
187890,27.357,00000000
187900,27.168,00000000
187910,27.293,00000000
187920,27.522,00000000
187930,27.531,00000000
187940,27.503,00000000
187950,27.629,00000000
187960,27.670,00000000
187970,27.829,00000000
187980,27.925,00000000
187990,27.984,00000000
188000,27.953,00000000
188010,28.093,00000000
188020,28.148,00000000
188030,28.109,00000000
188040,27.964,00000000
188050,28.018,00000000
188060,27.772,00000000
188070,27.776,00000000
188080,27.670,00000000
188090,27.261,00000000
188100,27.213,00000000
188110,27.503,00000000
188120,27.469,00000000
188130,27.385,00000000
188140,27.634,00000000
188150,27.760,00000000
188160,27.911,00000000
188170,27.825,00000000
188180,27.780,00000000
188190,27.908,00000000
188200,27.948,00000000
188210,28.050,00000000
188220,28.061,00000000
188230,27.926,00000000
188240,28.007,00000000
188250,27.795,00000000
188260,27.836,00000000
188270,27.725,00000000
188280,27.370,00000000
188290,27.405,00000000
188300,27.251,00000000
188310,27.565,00000000
188320,27.528,00000000
188330,27.433,00000000
188340,27.684,00000000
188350,27.725,00000000
188360,27.919,00000000
188370,28.035,00000000
188380,27.979,00000000
188390,27.903,00000000
188400,27.992,00000000
188410,28.062,00000000
188420,28.139,00000000
188430,27.872,00000000
188440,27.843,00000000
188450,27.689,00000000
188460,27.510,00000000
188470,27.352,00000000
188480,27.151,00000000
188490,27.354,00000000
188500,27.392,00000000
188510,27.669,00000000
188520,27.787,00000000
188530,27.696,00000000
188540,27.823,00000000
188550,28.027,00000000
188560,27.757,00000000
188570,27.814,00000000
188580,27.862,00000000
188590,27.973,00000000
188600,28.160,00000000
188610,28.062,00000000
188620,27.933,00000000
188630,27.912,00000000
188640,27.811,00000000
188650,27.452,00000000
188660,27.278,00000000
188670,27.085,00000000
188680,27.230,00000000
188690,27.633,00000000
188700,27.560,00000000
188710,27.630,00000000
188720,27.701,00000000
188730,27.781,00000000
188740,28.014,00000000
188750,28.077,00000000
188760,28.051,00000000
188770,27.945,00000000
188780,28.183,00000000
188790,28.224,00000000
188800,28.061,00000000
188810,27.980,00000000
188820,27.852,00000000
188830,27.650,00000000
188840,27.583,00000000
188850,27.254,00000000
188860,27.186,00000000
188870,27.276,00000000
188880,27.269,00000000
188890,27.493,00000000
188900,27.559,00000000
188910,27.587,00000000
188920,27.810,00000000
188930,27.792,00000000
188940,27.923,00000000
188950,27.998,00000000
188960,27.982,00000000
188970,28.101,00000000
188980,28.136,00000000
188990,28.032,00000000
189000,28.076,00000000
189010,27.850,00000000
189020,27.858,00000000
189030,27.625,00000000
189040,27.438,00000000
189050,27.144,00000000
189060,27.337,00000000
189070,27.295,00000000
189080,27.533,00000000
189090,27.621,00000000
189100,27.606,00000000
189110,27.785,00000000
189120,27.982,00000000
189130,27.978,00000000
189140,27.965,00000000
189150,27.801,00000000
189160,27.879,00000000
189170,28.151,00000000
189180,28.114,00000000
189190,28.022,00000000
189200,27.819,00000000
189210,27.971,00000000
189220,27.872,00000000
189230,27.545,00000000
189240,27.333,00000000
189250,27.167,00000000
189260,27.243,00000000
189270,27.400,00000000
189280,27.447,00000000
189290,27.506,00000000
189300,27.668,00000000
189310,27.771,00000000
189320,27.824,00000000
189330,27.766,00000000
189340,28.008,00000000
189350,28.154,00000000
189360,28.048,00000000
189370,28.014,00000000
189380,27.958,00000000
189390,27.961,00000000
189400,27.996,00000000
189410,27.801,00000000
189420,27.810,00000000
189430,27.505,00000000
189440,27.294,00000000
189450,27.086,00000000
189460,27.180,00000000
189470,27.407,00000000
189480,27.515,00000000
189490,27.608,00000000
189500,27.820,00000000
189510,27.739,00000000
189520,27.825,00000000
189530,27.877,00000000
189540,28.060,00000000
189550,28.164,00000000
189560,28.196,00000000
189570,28.089,00000000
189580,28.011,00000000
189590,28.094,00000000
189600,27.954,00000000
189610,27.698,00000000
189620,27.648,00000000
189630,27.347,00000000
189640,27.157,00000000
189650,27.196,00000000
189660,27.257,00000000
189670,27.361,00000000
189680,27.459,00000000
189690,27.794,00000000
189700,27.908,00000000
189710,27.753,00000000
189720,27.844,00000000
189730,27.992,00000000
189740,28.021,00000000
189750,27.932,00000000
189760,27.987,00000000
189770,28.074,00000000
189780,28.086,00000000
189790,27.935,00000000
189800,27.874,00000000
189810,27.680,00000000
189820,27.611,00000000
189830,27.441,00000000
189840,27.040,00000000
189850,27.280,00000000
189860,27.295,00000000
189870,27.590,00000000
189880,27.599,00000000
189890,27.486,00000000
189900,27.706,00000000
189910,27.907,00000000
189920,28.067,00000000
189930,27.916,00000000
189940,28.100,00000000
189950,28.056,00000000
189960,28.148,00000000
189970,28.141,00000000
189980,27.960,00000000
189990,27.984,00000000
190000,27.914,00000000
190010,27.853,00000000
190020,27.612,00000000
190030,27.355,00000000
190040,27.130,00000000
190050,27.254,00000000
190060,27.468,00000000
190070,27.479,00000000
190080,27.610,00000000
190090,27.673,00000000
190100,27.819,00000000
190110,27.904,00000000
190120,27.872,00000000
190130,27.929,00000000
190140,28.136,00000000
190150,27.846,00000000
190160,28.025,00000000
190170,28.014,00000000
190180,27.851,00000000
190190,28.184,00000000
190200,27.826,00000000
190210,27.895,00000000
190220,27.417,00000000
190230,27.078,00000000
190240,27.227,00000000
190250,26.962,00000000
190260,27.573,00000000
190270,27.376,00000000
190280,27.552,00000000
190290,27.823,00000000
190300,27.754,00000000
190310,27.822,00000000
190320,28.077,00000000
190330,27.813,00000000
190340,27.997,00000000
190350,28.106,00000000
190360,28.125,00000000
190370,28.138,00000000
190380,28.060,00000000
190390,27.924,00000000
190400,27.897,00000000
190410,27.768,00000000
190420,27.502,00000000
190430,27.221,00000000
190440,27.162,00000000
190450,27.477,00000000
190460,27.500,00000000
190470,27.378,00000000
190480,27.614,00000000
190490,27.801,00000000
190500,27.866,00000000
190510,27.716,00000000
190520,27.823,00000000
190530,27.972,00000000
190540,27.875,00000000
190550,28.068,00000000
190560,28.115,00000000
190570,28.032,00000000
190580,27.993,00000000
190590,27.836,00000000
190600,27.725,00000000
190610,27.565,00000000
190620,27.462,00000000
190630,27.378,00000000
190640,27.202,00000000
190650,27.396,00000000
190660,27.311,00000000
190670,27.429,00000000
190680,27.651,00000000
190690,27.712,00000000
190700,27.757,00000000
190710,27.838,00000000
190720,27.903,00000000
190730,27.972,00000000
190740,28.160,00000000
190750,28.068,00000000
190760,28.177,00000000
190770,27.967,00000000
190780,28.009,00000000
190790,27.998,00000000
190800,27.742,00000000
190810,27.633,00000000
190820,27.487,00000000
190830,27.171,00000000
190840,27.185,00000000
190850,27.325,00000000
190860,27.495,00000000
190870,27.604,00000000
190880,27.585,00000000
190890,27.692,00000000
190900,27.751,00000000
190910,28.005,00000000
190920,27.894,00000000
190930,28.058,00000000
190940,28.141,00000000
190950,28.022,00000000
190960,28.012,00000000
190970,28.098,00000000
190980,27.905,00000000
190990,27.906,00000000
191000,27.818,00000000
191010,27.448,00000000
191020,27.376,00000000
191030,27.109,00000000
191040,27.234,00000000
191050,27.516,00000000
191060,27.540,00000000
191070,27.605,00000000
191080,27.585,00000000
191090,27.686,00000000
191100,27.871,00000000
191110,27.990,00000000
191120,27.932,00000000
191130,27.958,00000000
191140,27.923,00000000
191150,27.983,00000000
191160,28.071,00000000
191170,28.137,00000000
191180,27.921,00000000
191190,27.856,00000000
191200,27.701,00000000
191210,27.686,00000000
191220,27.342,00000000
191230,27.207,00000000
191240,27.402,00000000
191250,27.294,00000000
191260,27.520,00000000
191270,27.545,00000000
191280,27.521,00000000
191290,27.746,00000000
191300,27.846,00000000
191310,27.990,00000000
191320,28.080,00000000
191330,28.074,00000000
191340,28.215,00000000
191350,27.855,00000000
191360,28.020,00000000
191370,27.832,00000000
191380,27.970,00000000
191390,27.839,00000000
191400,27.724,00000000
191410,27.587,00000000
191420,27.199,00000000
191430,27.087,00000000
191440,27.352,00000000
191450,27.343,00000000
191460,27.386,00000000
191470,27.613,00000000
191480,27.586,00000000
191490,27.856,00000000
191500,28.061,00000000
191510,28.049,00000000
191520,27.787,00000000
191530,27.929,00000000
191540,28.123,00000000
191550,28.066,00000000
191560,27.900,00000000
191570,27.982,00000000
191580,27.849,00000000
191590,27.926,00000000
191600,27.734,00000000
191610,27.409,00000000
191620,27.067,00000000
191630,27.269,00000000
191640,27.220,00000000
191650,27.366,00000000
191660,27.490,00000000
191670,27.560,00000000
191680,27.561,00000000
191690,27.831,00000000
191700,28.010,00000000
191710,28.051,00000000
191720,27.896,00000000
191730,28.207,00000000
191740,28.004,00000000
191750,28.140,00000000
191760,27.975,00000000
191770,27.873,00000000
191780,27.765,00000000
191790,27.879,00000000
191800,27.427,00000000
191810,27.234,00000000
191820,27.088,00000000
191830,27.164,00000000
191840,27.467,00000000
191850,27.390,00000000
191860,27.585,00000000
191870,27.610,00000000
191880,27.735,00000000
191890,27.824,00000000
191900,27.804,00000000
191910,27.842,00000000
191920,28.052,00000000
191930,28.207,00000000
191940,28.228,00000000
191950,28.046,00000000
191960,27.853,00000000
191970,28.001,00000000
191980,27.941,00000000
191990,27.726,00000000
192000,27.508,00000000
192010,27.324,00000000
192020,27.128,00000000
192030,27.197,00000000
192040,27.474,00000000
192050,27.461,00000000
192060,27.699,00000000
192070,27.565,00000000
192080,27.732,00000000
192090,27.849,00000000
192100,28.004,00000000
192110,28.015,00000000
192120,27.947,00000000
192130,28.037,00000000
192140,28.168,00000000
192150,27.994,00000000
192160,27.999,00000000
192170,27.895,00000000
192180,27.771,00000000
192190,27.657,00000000
192200,27.441,00000000
192210,27.113,00000000
192220,27.179,00000000
192230,27.343,00000000
192240,27.390,00000000
192250,27.529,00000000
192260,27.665,00000000
192270,27.628,00000000
192280,27.854,00000000
192290,27.957,00000000
192300,27.874,00000000
192310,27.954,00000000
192320,27.883,00000000
192330,27.967,00000000
192340,28.133,00000000
192350,28.092,00000000
192360,27.901,00000000
192370,27.870,00000000
192380,27.936,00000000
192390,27.741,00000000
192400,27.360,00000000
192410,27.093,00000000
192420,27.246,00000000
192430,27.298,00000000
192440,27.379,00000000
192450,27.570,00000000
192460,27.533,00000000
192470,27.880,00000000
192480,27.755,00000000
192490,27.807,00000000
192500,27.895,00000000
192510,27.994,00000000
192520,28.013,00000000
192530,28.081,00000000
192540,28.021,00000000
192550,27.992,00000000
192560,28.027,00000000
192570,27.928,00000000
192580,27.810,00000000
192590,27.709,00000000
192600,27.330,00000000
192610,27.178,00000000
192620,27.275,00000000
192630,27.205,00000000
192640,27.517,00000000
192650,27.615,00000000
192660,27.693,00000000
192670,27.853,00000000
192680,27.801,00000000
192690,27.977,00000000
192700,28.050,00000000
192710,27.912,00000000
192720,27.909,00000000
192730,27.855,00000000
192740,27.911,00000000
192750,28.125,00000000
192760,28.031,00000000
192770,27.830,00000000
192780,27.759,00000000
192790,27.524,00000000
192800,27.478,00000000
192810,27.283,00000000
192820,27.345,00000000
192830,27.456,00000000
192840,27.483,00000000
192850,27.325,00000000
192860,27.644,00000000
192870,27.723,00000000
192880,27.904,00000000
192890,27.858,00000000
192900,27.925,00000000
192910,27.928,00000000
192920,27.957,00000000
192930,28.105,00000000
192940,28.057,00000000
192950,27.982,00000000
192960,27.986,00000000
192970,27.772,00000000
192980,27.863,00000000
192990,27.654,00000000
193000,27.389,00000000
193010,27.200,00000000
193020,27.309,00000000
193030,27.563,00000000
193040,27.544,00000000
193050,27.563,00000000
193060,27.721,00000000
193070,27.743,00000000
193080,27.938,00000000
193090,28.027,00000000
193100,27.920,00000000
193110,28.079,00000000
193120,28.129,00000000
193130,28.015,00000000
193140,28.130,00000000
193150,27.991,00000000
193160,27.871,00000000
193170,27.682,00000000
193180,27.512,00000000
193190,27.504,00000000
193200,27.191,00000000
193210,27.180,00000000
193220,27.287,00000000
193230,27.512,00000000
193240,27.802,00000000
193250,27.640,00000000
193260,27.797,00000000
193270,27.838,00000000
193280,27.954,00000000
193290,28.028,00000000
193300,28.050,00000000
193310,28.096,00000000
193320,28.080,00000000
193330,28.116,00000000
193340,28.037,00000000
193350,27.850,00000000
193360,27.834,00000000
193370,27.775,00000000
193380,27.570,00000000
193390,27.391,00000000
193400,27.039,00000000
193410,27.271,00000000
193420,27.224,00000000
193430,27.633,00000000
193440,27.598,00000000
193450,27.727,00000000
193460,27.747,00000000
193470,27.867,00000000
193480,27.938,00000000
193490,27.865,00000000
193500,27.967,00000000
193510,28.083,00000000
193520,28.074,00000000
193530,28.029,00000000
193540,28.074,00000000
193550,27.944,00000000
193560,27.860,00000000
193570,27.784,00000000
193580,27.469,00000000
193590,27.276,00000000
193600,27.173,00000000
193610,27.180,00000000
193620,27.399,00000000
193630,27.558,00000000
193640,27.640,00000000
193650,27.648,00000000
193660,27.776,00000000
193670,27.795,00000000
193680,27.998,00000000
193690,28.111,00000000
193700,28.153,00000000
193710,28.144,00000000
193720,27.955,00000000
193730,28.014,00000000
193740,28.052,00000000
193750,27.869,00000000
193760,27.857,00000000
193770,27.579,00000000
193780,27.579,00000000
193790,27.219,00000000
193800,27.169,00000000
193810,27.352,00000000
193820,27.590,00000000
193830,27.569,00000000
193840,27.575,00000000
193850,27.726,00000000
193860,27.810,00000000
193870,27.854,00000000
193880,27.990,00000000
193890,27.997,00000000
193900,28.098,00000000
193910,28.121,00000000
193920,27.996,00000000
193930,28.167,00000000
193940,27.919,00000000
193950,27.917,00000000
193960,27.741,00000000
193970,27.485,00000000
193980,27.331,00000000
193990,27.173,00000000
194000,27.295,00000000
194010,27.523,00000000
194020,27.472,00000000
194030,27.553,00000000
194040,27.643,00000000
194050,27.905,00000000
194060,27.876,00000000
194070,28.042,00000000
194080,27.911,00000000
194090,28.085,00000000
194100,28.133,00000000
194110,28.195,00000000
194120,28.071,00000000
194130,27.975,00000000
194140,27.894,00000000
194150,27.668,00000000
194160,27.633,00000000
194170,27.468,00000000
194180,27.078,00000000
194190,27.204,00000000
194200,27.312,00000000
194210,27.419,00000000
194220,27.658,00000000
194230,27.694,00000000
194240,27.626,00000000
194250,27.761,00000000
194260,27.758,00000000
194270,27.937,00000000
194280,27.971,00000000
194290,28.083,00000000
194300,28.076,00000000
194310,28.075,00000000
194320,27.990,00000000
194330,28.000,00000000
194340,27.959,00000000
194350,27.699,00000000
194360,27.561,00000000
194370,27.385,00000000
194380,27.100,00000000
194390,27.255,00000000
194400,27.395,00000000
194410,27.472,00000000
194420,27.642,00000000
194430,27.586,00000000
194440,27.674,00000000
194450,27.713,00000000
194460,27.863,00000000
194470,28.181,00000000
194480,28.102,00000000
194490,27.964,00000000
194500,28.011,00000000
194510,28.213,00000000
194520,28.149,00000000
194530,27.992,00000000
194540,27.903,00000000
194550,27.743,00000000
194560,27.492,00000000
194570,27.305,00000000
194580,27.266,00000000
194590,27.430,00000000
194600,27.326,00000000
194610,27.504,00000000
194620,27.659,00000000
194630,27.725,00000000
194640,27.903,00000000
194650,27.948,00000000
194660,27.938,00000000
194670,28.010,00000000
194680,28.056,00000000
194690,28.014,00000000
194700,28.065,00000000
194710,28.011,00000000
194720,27.879,00000000
194730,27.878,00000000
194740,27.818,00000000
194750,27.593,00000000
194760,27.453,00000000
194770,27.280,00000000
194780,27.117,00000000
194790,27.367,00000000
194800,27.416,00000000
194810,27.559,00000000
194820,27.741,00000000
194830,27.726,00000000
194840,27.810,00000000
194850,27.740,00000000
194860,27.960,00000000
194870,27.888,00000000
194880,28.057,00000000
194890,28.173,00000000
194900,27.985,00000000
194910,27.868,00000000
194920,28.106,00000000
194930,27.970,00000000
194940,27.880,00000000
194950,27.447,00000000
194960,27.358,00000000
194970,27.100,00000000
194980,27.201,00000000
194990,27.392,00000000
195000,27.686,00000000
195010,27.689,00000000
195020,27.794,00000000
195030,27.804,00000000
195040,27.733,00000000
195050,27.793,00000000
195060,27.869,00000000
195070,28.017,00000000
195080,28.151,00000000
195090,28.124,00000000
195100,27.857,00000000
195110,27.936,00000000
195120,27.928,00000000
195130,27.822,00000000
195140,27.633,00000000
195150,27.555,00000000
195160,27.265,00000000
195170,27.213,00000000
195180,27.366,00000000
195190,27.375,00000000
195200,27.513,00000000
195210,27.707,00000000
195220,27.750,00000000
195230,27.858,00000000
195240,28.011,00000000
195250,27.859,00000000
195260,27.949,00000000
195270,28.104,00000000
195280,27.948,00000000
195290,28.042,00000000
195300,27.933,00000000
195310,28.005,00000000
195320,28.079,00000000
195330,27.848,00000000
195340,27.809,00000000
195350,27.319,00000000
195360,27.311,00000000
195370,27.358,00000000
195380,27.443,00000000
195390,27.365,00000000
195400,27.619,00000000
195410,27.652,00000000
195420,27.801,00000000
195430,27.883,00000000
195440,27.930,00000000
195450,27.928,00000000
195460,27.959,00000000
195470,28.023,00000000
195480,28.062,00000000
195490,28.049,00000000
195500,27.966,00000000
195510,27.971,00000000
195520,27.882,00000000
195530,27.810,00000000
195540,27.640,00000000
195550,27.351,00000000
195560,27.130,00000000
195570,27.353,00000000
195580,27.481,00000000
195590,27.473,00000000
195600,27.629,00000000
195610,27.708,00000000
195620,27.750,00000000
195630,27.942,00000000
195640,27.942,00000000
195650,28.034,00000000
195660,28.117,00000000
195670,28.159,00000000
195680,27.879,00000000
195690,27.932,00000000
195700,28.003,00000000
195710,27.931,00000000
195720,27.984,00000000
195730,27.677,00000000
195740,27.427,00000000
195750,27.306,00000000
195760,27.295,00000000
195770,27.388,00000000
195780,27.450,00000000
195790,27.490,00000000
195800,27.715,00000000
195810,27.678,00000000
195820,27.837,00000000
195830,28.044,00000000
195840,27.997,00000000
195850,28.066,00000000
195860,27.970,00000000
195870,27.989,00000000
195880,28.016,00000000
195890,28.069,00000000
195900,27.952,00000000
195910,27.818,00000000
195920,27.654,00000000
195930,27.501,00000000
195940,27.369,00000000
195950,27.164,00000000
195960,27.210,00000000
195970,27.448,00000000
195980,27.425,00000000
195990,27.509,00000000
196000,27.681,00000000
196010,27.813,00000000
196020,27.923,00000000
196030,27.828,00000000
196040,27.984,00000000
196050,28.078,00000000
196060,28.085,00000000
196070,28.105,00000000
196080,27.982,00000000
196090,28.082,00000000
196100,27.897,00000000
196110,27.761,00000000
196120,27.659,00000000
196130,27.642,00000000
196140,27.490,00000000
196150,27.193,00000000
196160,27.149,00000000
196170,27.411,00000000
196180,27.511,00000000
196190,27.687,00000000
196200,27.639,00000000
196210,27.746,00000000
196220,27.734,00000000
196230,27.932,00000000
196240,27.983,00000000
196250,28.170,00000000
196260,28.075,00000000
196270,28.022,00000000
196280,28.180,00000000
196290,28.034,00000000
196300,28.031,00000000
196310,27.885,00000000
196320,27.695,00000000
196330,27.546,00000000
196340,27.300,00000000
196350,27.296,00000000
196360,27.280,00000000
196370,27.450,00000000
196380,27.581,00000000
196390,27.564,00000000
196400,27.744,00000000
196410,27.777,00000000
196420,27.786,00000000
196430,27.969,00000000
196440,27.976,00000000
196450,28.038,00000000
196460,28.047,00000000
196470,28.044,00000000
196480,27.955,00000000
196490,28.054,00000000
196500,28.023,00000000
196510,27.743,00000000
196520,27.696,00000000
196530,27.432,00000000
196540,27.221,00000000
196550,27.169,00000000
196560,27.409,00000000
196570,27.589,00000000
196580,27.600,00000000
196590,27.578,00000000
196600,27.780,00000000
196610,27.906,00000000
196620,27.887,00000000
196630,27.993,00000000
196640,28.045,00000000
196650,28.127,00000000
196660,28.121,00000000
196670,28.004,00000000
196680,28.041,00000000
196690,27.956,00000000
196700,27.977,00000000
196710,27.568,00000000
196720,27.544,00000000
196730,27.217,00000000
196740,27.250,00000000
196750,27.265,00000000
196760,27.314,00000000
196770,27.472,00000000
196780,27.549,00000000
196790,27.650,00000000
196800,27.745,00000000
196810,27.886,00000000
196820,28.087,00000000
196830,27.964,00000000
196840,28.015,00000000
196850,28.218,00000000
196860,28.245,00000000
196870,27.933,00000000
196880,27.950,00000000
196890,27.930,00000000
196900,27.826,00000000
196910,27.695,00000000
196920,27.466,00000000
196930,27.191,00000000
196940,27.191,00000000
196950,27.450,00000000
196960,27.452,00000000
196970,27.571,00000000
196980,27.666,00000000
196990,27.641,00000000
197000,27.836,00000000
197010,27.929,00000000
197020,28.162,00000000
197030,28.106,00000000
197040,28.125,00000000
197050,28.143,00000000
197060,28.078,00000000
197070,28.036,00000000
197080,27.894,00000000
197090,27.837,00000000
197100,27.699,00000000
197110,27.656,00000000
197120,27.305,00000000
197130,27.106,00000000
197140,27.237,00000000
197150,27.387,00000000
197160,27.515,00000000
197170,27.617,00000000
197180,27.754,00000000
197190,27.773,00000000
197200,27.862,00000000
197210,27.832,00000000
197220,27.908,00000000
197230,28.145,00000000
197240,28.043,00000000
197250,28.000,00000000
197260,27.973,00000000
197270,28.159,00000000
197280,28.018,00000000
197290,27.858,00000000
197300,27.639,00000000
197310,27.400,00000000
197320,27.043,00000000
197330,27.319,00000000
197340,27.381,00000000
197350,27.445,00000000
197360,27.612,00000000
197370,27.646,00000000
197380,27.760,00000000
197390,27.873,00000000
197400,27.861,00000000
197410,27.969,00000000
197420,28.055,00000000
197430,27.996,00000000
197440,27.975,00000000
197450,27.959,00000000
197460,27.912,00000000
197470,28.116,00000000
197480,27.962,00000000
197490,27.660,00000000
197500,27.611,00000000
197510,27.406,00000000
197520,27.260,00000000
197530,27.355,00000000
197540,27.458,00000000
197550,27.323,00000000
197560,27.574,00000000
197570,27.657,00000000
197580,27.861,00000000
197590,28.044,00000000
197600,27.765,00000000
197610,28.055,00000000
197620,27.918,00000000
197630,28.062,00000000
197640,28.047,00000000
197650,28.024,00000000
197660,27.873,00000000
197670,27.797,00000000
197680,27.844,00000000
197690,27.562,00000000
197700,27.414,00000000
197710,27.225,00000000
197720,27.247,00000000
197730,27.518,00000000
197740,27.623,00000000
197750,27.577,00000000
197760,27.820,00000000
197770,27.738,00000000
197780,27.906,00000000
197790,27.907,00000000
197800,27.887,00000000
197810,28.094,00000000
197820,28.073,00000000
197830,28.121,00000000
197840,28.134,00000000
197850,28.017,00000000
197860,27.892,00000000
197870,27.784,00000000
197880,27.565,00000000
197890,27.432,00000000
197900,27.365,00000000
197910,27.193,00000000
197920,27.261,00000000
197930,27.471,00000000
197940,27.680,00000000
197950,27.736,00000000
197960,27.854,00000000
197970,27.812,00000000
197980,27.828,00000000
197990,27.976,00000000
198000,28.105,00000000
198010,28.087,00000000
198020,28.030,00000000
198030,28.053,00000000
198040,27.981,00000000
198050,28.093,00000000
198060,27.787,00000000
198070,27.706,00000000
198080,27.523,00000000
198090,27.318,00000000
198100,27.279,00000000
198110,27.304,00000000
198120,27.357,00000000
198130,27.500,00000000
198140,27.717,00000000
198150,27.694,00000000
198160,27.870,00000000
198170,27.802,00000000
198180,27.915,00000000
198190,28.084,00000000
198200,28.086,00000000
198210,28.040,00000000
198220,27.995,00000000
198230,28.163,00000000
198240,28.009,00000000
198250,27.851,00000000
198260,27.721,00000000
198270,27.557,00000000
198280,27.323,00000000
198290,27.115,00000000
198300,27.394,00000000
198310,27.463,00000000
198320,27.383,00000000
198330,27.509,00000000
198340,27.804,00000000
198350,27.769,00000000
198360,27.712,00000000
198370,27.901,00000000
198380,28.047,00000000
198390,27.958,00000000
198400,28.074,00000000
198410,28.075,00000000
198420,28.052,00000000
198430,28.073,00000000
198440,28.042,00000000
198450,27.778,00000000
198460,27.636,00000000
198470,27.638,00000000
198480,27.196,00000000
198490,27.198,00000000
198500,27.419,00000000
198510,27.540,00000000
198520,27.700,00000000
198530,27.739,00000000
198540,27.845,00000000
198550,27.670,00000000
198560,27.749,00000000
198570,27.952,00000000
198580,28.024,00000000
198590,28.095,00000000
198600,28.058,00000000
198610,28.138,00000000
198620,28.108,00000000
198630,27.921,00000000
198640,27.822,00000000
198650,27.887,00000000
198660,27.553,00000000
198670,27.316,00000000
198680,27.210,00000000
198690,27.143,00000000
198700,27.369,00000000
198710,27.566,00000000
198720,27.557,00000000
198730,27.661,00000000
198740,27.773,00000000
198750,27.840,00000000
198760,28.066,00000000
198770,28.064,00000000
198780,27.999,00000000
198790,28.049,00000000
198800,28.292,00000000
198810,28.261,00000000
198820,28.052,00000000
198830,27.997,00000000
198840,27.794,00000000
198850,27.619,00000000
198860,27.391,00000000
198870,27.220,00000000
198880,27.255,00000000
198890,27.313,00000000
198900,27.420,00000000
198910,27.510,00000000
198920,27.687,00000000
198930,27.574,00000000
198940,27.758,00000000
198950,27.863,00000000
198960,27.913,00000000
198970,28.020,00000000
198980,28.043,00000000
198990,28.016,00000000
199000,28.223,00000000
199010,28.044,00000000
199020,28.177,00000000
199030,27.957,00000000
199040,27.878,00000000
199050,27.672,00000000
199060,27.264,00000000
199070,27.074,00000000
199080,27.213,00000000
199090,27.306,00000000
199100,27.502,00000000
199110,27.614,00000000
199120,27.704,00000000
199130,27.697,00000000
199140,27.688,00000000
199150,27.832,00000000
199160,28.005,00000000
199170,27.937,00000000
199180,28.059,00000000
199190,28.069,00000000
199200,28.153,00000000
199210,28.179,00000000
199220,28.106,00000000
199230,27.825,00000000
199240,27.874,00000000
199250,27.465,00000000
199260,27.264,00000000
199270,27.171,00000000
199280,27.314,00000000
199290,27.475,00000000
199300,27.659,00000000
199310,27.571,00000000
199320,27.663,00000000
199330,27.944,00000000
199340,27.854,00000000
199350,27.910,00000000
199360,27.921,00000000
199370,28.057,00000000
199380,28.088,00000000
199390,28.058,00000000
199400,28.091,00000000
199410,27.928,00000000
199420,27.932,00000000
199430,27.784,00000000
199440,27.699,00000000
199450,27.264,00000000
199460,27.194,00000000
199470,27.228,00000000
199480,27.307,00000000
199490,27.440,00000000
199500,27.540,00000000
199510,27.671,00000000
199520,27.739,00000000
199530,27.928,00000000
199540,27.948,00000000
199550,27.961,00000000
199560,28.038,00000000
199570,27.972,00000000
199580,28.108,00000000
199590,28.266,00000000
199600,27.974,00000000
199610,27.876,00000000
199620,27.981,00000000
199630,27.563,00000000
199640,27.538,00000000
199650,27.282,00000000
199660,27.135,00000000
199670,27.316,00000000
199680,27.426,00000000
199690,27.526,00000000
199700,27.689,00000000
199710,27.720,00000000
199720,27.760,00000000
199730,27.831,00000000
199740,28.119,00000000
199750,27.968,00000000
199760,28.078,00000000
199770,28.062,00000000
199780,28.140,00000000
199790,28.011,00000000
199800,28.019,00000000
199810,28.002,00000000
199820,27.648,00000000
199830,27.588,00000000
199840,27.458,00000000
199850,27.285,00000000
199860,27.374,00000000
199870,27.172,00000000
199880,27.569,00000000
199890,27.731,00000000
199900,27.756,00000000
199910,27.685,00000000
199920,27.815,00000000
199930,27.893,00000000
199940,27.899,00000000
199950,28.060,00000000
199960,27.952,00000000
199970,28.047,00000000
199980,28.069,00000000
199990,28.011,00000000
200000,27.884,00000000
200010,27.742,00000000
200020,27.803,00000000
200030,27.545,00000000
200040,27.312,00000000
200050,27.333,00000000
200060,27.400,00000000
200070,27.613,00000000
200080,27.601,00000000
200090,27.730,00000000
200100,27.873,00000000
200110,27.612,00000000
200120,27.834,00000000
200130,27.932,00000000
200140,28.100,00000000
200150,28.195,00000000
200160,28.243,00000000
200170,28.200,00000000
200180,28.038,00000000
200190,27.988,00000000
200200,27.818,00000000
200210,27.773,00000000
200220,27.681,00000000
200230,27.437,00000000
200240,27.222,00000000
200250,27.211,00000000
200260,27.434,00000000
200270,27.596,00000000
200280,27.540,00000000
200290,27.663,00000000
200300,27.659,00000000
200310,27.854,00000000
200320,27.968,00000000
200330,27.923,00000000
200340,28.072,00000000
200350,28.054,00000000
200360,28.080,00000000
200370,28.060,00000000
200380,28.017,00000000
200390,27.899,00000000
200400,27.686,00000000
200410,27.641,00000000
200420,27.509,00000000
200430,27.126,00000000
200440,27.241,00000000
200450,27.504,00000000
200460,27.479,00000000
200470,27.549,00000000
200480,27.703,00000000
200490,27.724,00000000
200500,27.729,00000000
200510,27.941,00000000
200520,28.028,00000000
200530,28.007,00000000
200540,28.185,00000000
200550,28.043,00000000
200560,28.038,00000000
200570,28.123,00000000
200580,28.029,00000000
200590,27.860,00000000
200600,27.810,00000000
200610,27.523,00000000
200620,27.354,00000000
200630,27.061,00000000
200640,27.314,00000000
200650,27.427,00000000
200660,27.417,00000000
200670,27.562,00000000
200680,27.693,00000000
200690,27.793,00000000
200700,27.963,00000000
200710,27.948,00000000
200720,27.855,00000000
200730,27.905,00000000
200740,28.077,00000000
200750,28.126,00000000
200760,27.987,00000000
200770,28.080,00000000
200780,28.131,00000000
200790,27.747,00000000
200800,27.617,00000000
200810,27.475,00000000
200820,27.380,00000000
200830,27.313,00000000
200840,27.422,00000000
200850,27.444,00000000
200860,27.530,00000000
200870,27.605,00000000
200880,27.707,00000000
200890,27.797,00000000
200900,27.823,00000000
200910,27.857,00000000
200920,28.014,00000000
200930,28.094,00000000
200940,28.081,00000000
200950,28.062,00000000
200960,27.919,00000000
200970,28.057,00000000
200980,27.904,00000000
200990,27.824,00000000
201000,27.649,00000000
201010,27.294,00000000
201020,27.239,00000000
201030,27.210,00000000
201040,27.256,00000000
201050,27.438,00000000
201060,27.574,00000000
201070,27.721,00000000
201080,27.638,00000000
201090,27.934,00000000
201100,27.779,00000000
201110,27.948,00000000
201120,27.898,00000000
201130,28.014,00000000
201140,28.103,00000000
201150,28.075,00000000
201160,28.036,00000000
201170,27.879,00000000
201180,27.881,00000000
201190,27.826,00000000
201200,27.454,00000000
201210,27.320,00000000
201220,27.100,00000000
201230,27.286,00000000
201240,27.536,00000000
201250,27.536,00000000
201260,27.616,00000000
201270,27.770,00000000
201280,27.599,00000000
201290,28.066,00000000
201300,27.915,00000000
201310,27.791,00000000
201320,28.150,00000000
201330,27.943,00000000
201340,28.157,00000000
201350,28.230,00000000
201360,27.906,00000000
201370,28.039,00000000
201380,27.951,00000000
201390,27.757,00000000
201400,27.543,00000000
201410,27.198,00000000
201420,27.185,00000000
201430,27.254,00000000
201440,27.512,00000000
201450,27.405,00000000
201460,27.701,00000000
201470,27.759,00000000
201480,27.724,00000000
201490,27.882,00000000
201500,27.949,00000000
201510,27.921,00000000
201520,28.043,00000000
201530,27.998,00000000
201540,28.035,00000000
201550,27.993,00000000
201560,27.870,00000000
201570,27.909,00000000
201580,27.750,00000000
201590,27.582,00000000
201600,27.411,00000000
201610,27.110,00000000
201620,27.191,00000000
201630,27.491,00000000
201640,27.551,00000000
201650,27.509,00000000
201660,27.738,00000000
201670,27.784,00000000
201680,27.869,00000000
201690,27.942,00000000
201700,27.987,00000000
201710,28.045,00000000
201720,28.053,00000000
201730,28.021,00000000
201740,27.975,00000000
201750,27.924,00000000
201760,27.868,00000000
201770,27.860,00000000
201780,27.606,00000000
201790,27.493,00000000
201800,27.161,00000000
201810,27.205,00000000
201820,27.372,00000000
201830,27.444,00000000
201840,27.564,00000000
201850,27.747,00000000
201860,27.669,00000000
201870,27.781,00000000
201880,27.798,00000000
201890,28.142,00000000
201900,28.022,00000000
201910,28.073,00000000
201920,27.957,00000000
201930,28.062,00000000
201940,28.046,00000000
201950,27.916,00000000
201960,27.814,00000000
201970,27.766,00000000
201980,27.604,00000000
201990,27.453,00000000
202000,27.137,00000000
202010,27.288,00000000
202020,27.417,00000000
202030,27.394,00000000
202040,27.703,00000000
202050,27.726,00000000
202060,27.889,00000000
202070,27.847,00000000
202080,27.989,00000000
202090,28.090,00000000
202100,28.081,00000000
202110,28.085,00000000
202120,28.122,00000000
202130,28.000,00000000
202140,28.154,00000000
202150,27.979,00000000
202160,27.562,00000000
202170,27.610,00000000
202180,27.514,00000000
202190,27.172,00000000
202200,27.272,00000000
202210,27.369,00000000
202220,27.379,00000000
202230,27.505,00000000
202240,27.639,00000000
202250,27.721,00000000
202260,27.866,00000000
202270,27.870,00000000
202280,27.852,00000000
202290,28.047,00000000
202300,28.074,00000000
202310,28.056,00000000
202320,28.176,00000000
202330,28.042,00000000
202340,27.936,00000000
202350,27.951,00000000
202360,27.777,00000000
202370,27.682,00000000
202380,27.346,00000000
202390,27.102,00000000
202400,27.231,00000000
202410,27.396,00000000
202420,27.591,00000000
202430,27.449,00000000
202440,27.620,00000000
202450,27.783,00000000
202460,27.819,00000000
202470,27.972,00000000
202480,28.009,00000000
202490,28.153,00000000
202500,28.035,00000000
202510,28.086,00000000
202520,28.149,00000000
202530,27.980,00000000
202540,28.017,00000000
202550,27.787,00000000
202560,27.687,00000000
202570,27.503,00000000
202580,27.214,00000000
202590,27.222,00000000
202600,27.473,00000000
202610,27.397,00000000
202620,27.555,00000000
202630,27.622,00000000
202640,27.654,00000000
202650,27.816,00000000
202660,27.898,00000000
202670,28.007,00000000
202680,27.869,00000000
202690,28.073,00000000
202700,28.129,00000000
202710,28.023,00000000
202720,28.002,00000000
202730,27.998,00000000
202740,27.846,00000000
202750,27.726,00000000
202760,27.629,00000000
202770,27.361,00000000
202780,27.243,00000000
202790,27.166,00000000
202800,27.392,00000000
202810,27.397,00000000
202820,27.577,00000000
202830,27.754,00000000
202840,27.667,00000000
202850,28.035,00000000
202860,27.945,00000000
202870,27.849,00000000
202880,28.023,00000000
202890,28.054,00000000
202900,28.192,00000000
202910,27.996,00000000
202920,28.027,00000000
202930,27.835,00000000
202940,27.859,00000000
202950,27.664,00000000
202960,27.412,00000000
202970,27.403,00000000
202980,27.199,00000000
202990,27.348,00000000
203000,27.387,00000000
203010,27.538,00000000
203020,27.757,00000000
203030,27.700,00000000
203040,27.760,00000000
203050,27.943,00000000
203060,27.915,00000000
203070,28.140,00000000
203080,28.084,00000000
203090,28.123,00000000
203100,28.186,00000000
203110,28.182,00000000
203120,28.080,00000000
203130,27.988,00000000
203140,27.847,00000000
203150,27.562,00000000
203160,27.423,00000000
203170,27.192,00000000
203180,27.236,00000000
203190,27.365,00000000
203200,27.411,00000000
203210,27.589,00000000
203220,27.850,00000000
203230,27.918,00000000
203240,27.891,00000000
203250,27.780,00000000
203260,27.923,00000000
203270,28.021,00000000
203280,27.947,00000000
203290,27.923,00000000
203300,28.049,00000000
203310,28.058,00000000
203320,27.974,00000000
203330,27.856,00000000
203340,27.697,00000000
203350,27.647,00000000
203360,27.242,00000000
203370,27.159,00000000
203380,27.347,00000000
203390,27.375,00000000
203400,27.426,00000000
203410,27.579,00000000
203420,27.686,00000000
203430,27.805,00000000
203440,27.889,00000000
203450,27.852,00000000
203460,27.919,00000000
203470,28.025,00000000
203480,28.070,00000000
203490,28.176,00000000
203500,28.057,00000000
203510,28.061,00000000
203520,27.970,00000000
203530,27.800,00000000
203540,27.661,00000000
203550,27.540,00000000
203560,27.295,00000000
203570,27.181,00000000
203580,27.337,00000000
203590,27.377,00000000
203600,27.524,00000000
203610,27.589,00000000
203620,27.783,00000000
203630,27.746,00000000
203640,27.876,00000000
203650,27.898,00000000
203660,28.045,00000000
203670,27.975,00000000
203680,28.000,00000000
203690,28.121,00000000
203700,27.952,00000000
203710,27.819,00000000
203720,27.928,00000000
203730,27.750,00000000
203740,27.725,00000000
203750,27.438,00000000
203760,27.175,00000000
203770,27.421,00000000
203780,27.449,00000000
203790,27.526,00000000
203800,27.639,00000000
203810,27.568,00000000
203820,27.661,00000000
203830,27.756,00000000
203840,27.813,00000000
203850,28.067,00000000
203860,27.891,00000000
203870,28.125,00000000
203880,28.056,00000000
203890,28.101,00000000
203900,28.093,00000000
203910,27.929,00000000
203920,27.887,00000000
203930,27.809,00000000
203940,27.544,00000000
203950,27.298,00000000
203960,27.143,00000000
203970,27.230,00000000
203980,27.392,00000000
203990,27.441,00000000
204000,27.513,00000000
204010,27.717,00000000
204020,27.807,00000000
204030,27.987,00000000
204040,28.006,00000000
204050,28.071,00000000
204060,28.020,00000000
204070,28.047,00000000
204080,28.054,00000000
204090,28.050,00000000
204100,28.036,00000000
204110,27.887,00000000
204120,27.759,00000000
204130,27.787,00000000
204140,27.486,00000000
204150,27.187,00000000
204160,27.348,00000000
204170,27.358,00000000
204180,27.411,00000000
204190,27.586,00000000
204200,27.559,00000000
204210,27.743,00000000
204220,27.726,00000000
204230,27.925,00000000
204240,27.966,00000000
204250,28.053,00000000
204260,28.104,00000000
204270,28.087,00000000
204280,28.124,00000000
204290,28.196,00000000
204300,28.101,00000000
204310,28.037,00000000
204320,27.865,00000000
204330,27.602,00000000
204340,27.404,00000000
204350,27.144,00000000
204360,27.224,00000000
204370,27.323,00000000
204380,27.471,00000000
204390,27.509,00000000
204400,27.795,00000000
204410,27.685,00000000
204420,27.810,00000000
204430,27.942,00000000
204440,28.023,00000000
204450,28.054,00000000
204460,28.052,00000000
204470,28.065,00000000
204480,28.132,00000000
204490,27.985,00000000
204500,28.043,00000000
204510,27.767,00000000
204520,27.796,00000000
204530,27.620,00000000
204540,27.445,00000000
204550,27.265,00000000
204560,27.392,00000000
204570,27.565,00000000
204580,27.454,00000000
204590,27.762,00000000
204600,27.528,00000000
204610,27.840,00000000
204620,27.939,00000000
204630,27.977,00000000
204640,28.153,00000000
204650,28.032,00000000
204660,28.131,00000000
204670,27.971,00000000
204680,28.019,00000000
204690,28.042,00000000
204700,27.795,00000000
204710,27.827,00000000
204720,27.697,00000000
204730,27.485,00000000
204740,27.140,00000000
204750,27.091,00000000
204760,27.472,00000000
204770,27.581,00000000
204780,27.674,00000000
204790,27.815,00000000
204800,27.794,00000000
204810,27.922,00000000
204820,27.919,00000000
204830,28.037,00000000
204840,27.957,00000000
204850,28.059,00000000
204860,28.057,00000000
204870,27.995,00000000
204880,28.012,00000000
204890,28.075,00000000
204900,27.886,00000000
204910,27.708,00000000
204920,27.489,00000000
204930,27.400,00000000
204940,27.270,00000000
204950,27.233,00000000
204960,27.290,00000000
204970,27.514,00000000
204980,27.531,00000000
204990,27.656,00000000
205000,27.805,00000000
205010,27.762,00000000
205020,27.895,00000000
205030,27.941,00000000
205040,28.092,00000000
205050,28.072,00000000
205060,28.035,00000000
205070,27.939,00000000
205080,28.010,00000000
205090,28.036,00000000
205100,27.874,00000000
205110,27.660,00000000
205120,27.455,00000000
205130,27.108,00000000
205140,27.232,00000000
205150,27.358,00000000
205160,27.493,00000000
205170,27.710,00000000
205180,27.758,00000000
205190,27.853,00000000
205200,27.933,00000000
205210,27.913,00000000
205220,27.943,00000000
205230,27.906,00000000
205240,27.978,00000000
205250,28.134,00000000
205260,27.995,00000000
205270,28.030,00000000
205280,27.968,00000000
205290,27.855,00000000
205300,27.814,00000000
205310,27.657,00000000
205320,27.328,00000000
205330,27.180,00000000
205340,27.283,00000000
205350,27.350,00000000
205360,27.556,00000000
205370,27.551,00000000
205380,27.584,00000000
205390,27.695,00000000
205400,27.891,00000000
205410,27.824,00000000
205420,27.994,00000000
205430,27.997,00000000
205440,28.064,00000000
205450,28.115,00000000
205460,27.972,00000000
205470,28.022,00000000
205480,27.946,00000000
205490,27.908,00000000
205500,27.688,00000000
205510,27.474,00000000
205520,27.238,00000000
205530,27.157,00000000
205540,27.379,00000000
205550,27.470,00000000
205560,27.412,00000000
205570,27.670,00000000
205580,27.766,00000000
205590,27.771,00000000
205600,28.018,00000000
205610,27.912,00000000
205620,27.968,00000000
205630,27.974,00000000
205640,28.125,00000000
205650,27.965,00000000
205660,28.128,00000000
205670,27.997,00000000
205680,27.977,00000000
205690,27.853,00000000
205700,27.555,00000000
205710,27.333,00000000
205720,27.179,00000000
205730,27.298,00000000
205740,27.276,00000000
205750,27.539,00000000
205760,27.478,00000000
205770,27.652,00000000
205780,27.763,00000000
205790,27.784,00000000
205800,27.864,00000000
205810,27.960,00000000
205820,27.936,00000000
205830,28.045,00000000
205840,28.086,00000000
205850,28.213,00000000
205860,28.027,00000000
205870,27.923,00000000
205880,27.957,00000000
205890,27.685,00000000
205900,27.517,00000000
205910,27.392,00000000
205920,27.145,00000000
205930,27.394,00000000
205940,27.244,00000000
205950,27.411,00000000
205960,27.555,00000000
205970,27.592,00000000
205980,27.810,00000000
205990,27.840,00000000
206000,27.855,00000000
206010,27.968,00000000
206020,28.028,00000000
206030,28.013,00000000
206040,28.160,00000000
206050,27.942,00000000
206060,28.150,00000000
206070,27.902,00000000
206080,27.797,00000000
206090,27.834,00000000
206100,27.580,00000000
206110,27.286,00000000
206120,27.193,00000000
206130,27.285,00000000
206140,27.309,00000000
206150,27.487,00000000
206160,27.574,00000000
206170,27.664,00000000
206180,27.915,00000000
206190,27.796,00000000
206200,27.935,00000000
206210,28.082,00000000
206220,28.018,00000000
206230,28.094,00000000
206240,28.071,00000000
206250,27.975,00000000
206260,28.017,00000000
206270,27.902,00000000
206280,27.863,00000000
206290,27.712,00000000
206300,27.416,00000000
206310,27.058,00000000
206320,27.302,00000000
206330,27.326,00000000
206340,27.441,00000000
206350,27.582,00000000
206360,27.696,00000000
206370,27.710,00000000
206380,27.758,00000000
206390,27.870,00000000
206400,27.867,00000000
206410,28.082,00000000
206420,27.965,00000000
206430,28.078,00000000
206440,28.025,00000000
206450,28.127,00000000
206460,27.958,00000000
206470,28.006,00000000
206480,27.749,00000000
206490,27.628,00000000
206500,27.418,00000000
206510,27.164,00000000
206520,27.275,00000000
206530,27.408,00000000
206540,27.516,00000000
206550,27.614,00000000
206560,27.632,00000000
206570,27.745,00000000
206580,27.850,00000000
206590,27.948,00000000
206600,27.861,00000000
206610,28.000,00000000
206620,28.001,00000000
206630,28.096,00000000
206640,27.979,00000000
206650,28.119,00000000
206660,27.916,00000000
206670,27.977,00000000
206680,27.823,00000000
206690,27.503,00000000
206700,27.284,00000000
206710,27.235,00000000
206720,27.250,00000000
206730,27.535,00000000
206740,27.623,00000000
206750,27.590,00000000
206760,27.735,00000000
206770,27.857,00000000
206780,27.999,00000000
206790,28.072,00000000
206800,27.930,00000000
206810,27.986,00000000
206820,27.936,00000000
206830,27.994,00000000
206840,28.040,00000000
206850,27.966,00000000
206860,27.977,00000000
206870,27.753,00000000
206880,27.575,00000000
206890,27.468,00000000
206900,27.150,00000000
206910,27.328,00000000
206920,27.402,00000000
206930,27.474,00000000
206940,27.661,00000000
206950,27.726,00000000
206960,27.922,00000000
206970,27.805,00000000
206980,27.953,00000000
206990,28.143,00000000
207000,27.981,00000000
207010,28.051,00000000
207020,27.994,00000000
207030,28.173,00000000
207040,28.077,00000000
207050,27.954,00000000
207060,27.955,00000000
207070,27.882,00000000
207080,27.688,00000000
207090,27.444,00000000
207100,27.281,00000000
207110,27.330,00000000
207120,27.354,00000000
207130,27.640,00000000
207140,27.675,00000000
207150,27.749,00000000
207160,27.796,00000000
207170,27.988,00000000
207180,27.936,00000000
207190,28.076,00000000
207200,28.022,00000000
207210,28.229,00000000
207220,28.034,00000000
207230,28.128,00000000
207240,27.949,00000000
207250,27.853,00000000
207260,27.750,00000000
207270,27.559,00000000
207280,27.517,00000000
207290,27.234,00000000
207300,27.242,00000000
207310,27.325,00000000
207320,27.415,00000000
207330,27.527,00000000
207340,27.688,00000000
207350,27.680,00000000
207360,27.880,00000000
207370,27.965,00000000
207380,28.025,00000000
207390,27.977,00000000
207400,28.006,00000000
207410,28.136,00000000
207420,28.033,00000000
207430,28.062,00000000
207440,27.980,00000000
207450,27.783,00000000
207460,27.761,00000000
207470,27.534,00000000
207480,27.420,00000000
207490,27.324,00000000
207500,27.305,00000000
207510,27.338,00000000
207520,27.519,00000000
207530,27.555,00000000
207540,27.654,00000000
207550,27.778,00000000
207560,27.852,00000000
207570,27.904,00000000
207580,28.006,00000000
207590,28.088,00000000
207600,28.029,00000000
207610,28.236,00000000
207620,28.135,00000000
207630,27.997,00000000
207640,28.018,00000000
207650,27.889,00000000
207660,27.766,00000000
207670,27.563,00000000
207680,27.232,00000000
207690,27.208,00000000
207700,27.323,00000000
207710,27.417,00000000
207720,27.580,00000000
207730,27.612,00000000
207740,27.771,00000000
207750,27.741,00000000
207760,27.808,00000000
207770,28.027,00000000
207780,28.057,00000000
207790,28.123,00000000
207800,28.150,00000000
207810,28.089,00000000
207820,28.156,00000000
207830,28.085,00000000
207840,27.804,00000000
207850,27.849,00000000
207860,27.772,00000000
207870,27.554,00000000
207880,27.396,00000000
207890,27.200,00000000
207900,27.228,00000000
207910,27.342,00000000
207920,27.435,00000000
207930,27.566,00000000
207940,27.809,00000000
207950,27.717,00000000
207960,27.933,00000000
207970,27.960,00000000
207980,28.075,00000000
207990,28.083,00000000
208000,28.064,00000000
208010,28.211,00000000
208020,27.988,00000000
208030,28.033,00000000
208040,27.997,00000000
208050,27.744,00000000
208060,27.558,00000000
208070,27.520,00000000
208080,27.077,00000000
208090,27.195,00000000
208100,27.461,00000000
208110,27.424,00000000
208120,27.596,00000000
208130,27.612,00000000
208140,27.865,00000000
208150,27.824,00000000
208160,27.934,00000000
208170,27.973,00000000
208180,28.112,00000000
208190,28.107,00000000
208200,28.056,00000000
208210,28.030,00000000
208220,28.026,00000000
208230,28.100,00000000
208240,27.809,00000000
208250,27.643,00000000
208260,27.614,00000000
208270,27.445,00000000
208280,27.100,00000000
208290,27.293,00000000
208300,27.390,00000000
208310,27.485,00000000
208320,27.623,00000000
208330,27.612,00000000
208340,27.771,00000000
208350,27.955,00000000
208360,27.924,00000000
208370,28.014,00000000
208380,28.103,00000000
208390,28.036,00000000
208400,28.064,00000000
208410,28.115,00000000
208420,28.048,00000000
208430,28.060,00000000
208440,27.926,00000000
208450,27.669,00000000
208460,27.497,00000000
208470,27.238,00000000
208480,27.175,00000000
208490,27.299,00000000
208500,27.410,00000000
208510,27.490,00000000
208520,27.572,00000000
208530,27.739,00000000
208540,27.768,00000000
208550,27.806,00000000
208560,28.008,00000000
208570,27.914,00000000
208580,27.963,00000000
208590,28.124,00000000
208600,28.014,00000000
208610,28.193,00000000
208620,28.035,00000000
208630,27.934,00000000
208640,27.876,00000000
208650,27.572,00000000
208660,27.507,00000000
208670,27.466,00000000
208680,27.275,00000000
208690,27.376,00000000
208700,27.297,00000000
208710,27.528,00000000
208720,27.697,00000000
208730,27.725,00000000
208740,27.812,00000000
208750,27.982,00000000
208760,28.012,00000000
208770,28.127,00000000
208780,27.921,00000000
208790,27.985,00000000
208800,28.012,00000000
208810,28.062,00000000
208820,27.990,00000000
208830,27.749,00000000
208840,27.796,00000000
208850,27.695,00000000
208860,27.368,00000000
208870,27.194,00000000
208880,27.205,00000000
208890,27.482,00000000
208900,27.457,00000000
208910,27.584,00000000
208920,27.780,00000000
208930,27.857,00000000
208940,27.802,00000000
208950,27.812,00000000
208960,28.034,00000000
208970,27.974,00000000
208980,28.065,00000000
208990,28.025,00000000
209000,28.095,00000000
209010,27.976,00000000
209020,27.870,00000000
209030,27.819,00000000
209040,27.722,00000000
209050,27.579,00000000
209060,27.334,00000000
209070,27.204,00000000
209080,27.235,00000000
209090,27.385,00000000
209100,27.610,00000000
209110,27.568,00000000
209120,27.807,00000000
209130,27.861,00000000
209140,27.782,00000000
209150,27.999,00000000
209160,27.918,00000000
209170,28.183,00000000
209180,28.106,00000000
209190,28.149,00000000
209200,27.982,00000000
209210,28.013,00000000
209220,27.914,00000000
209230,27.798,00000000
209240,27.758,00000000
209250,27.427,00000000
209260,27.147,00000000
209270,27.355,00000000
209280,27.463,00000000
209290,27.567,00000000
209300,27.636,00000000
209310,27.629,00000000
209320,27.870,00000000
209330,27.894,00000000
209340,27.992,00000000
209350,27.867,00000000
209360,27.946,00000000
209370,28.099,00000000
209380,28.161,00000000
209390,28.139,00000000
209400,27.925,00000000
209410,27.977,00000000
209420,27.812,00000000
209430,27.741,00000000
209440,27.563,00000000
209450,27.363,00000000
209460,27.128,00000000
209470,27.327,00000000
209480,27.358,00000000
209490,27.534,00000000
209500,27.624,00000000
209510,27.694,00000000
209520,27.850,00000000
209530,27.839,00000000
209540,27.962,00000000
209550,27.996,00000000
209560,28.060,00000000
209570,28.050,00000000
209580,28.151,00000000
209590,28.172,00000000
209600,27.975,00000000
209610,28.016,00000000
209620,27.923,00000000
209630,27.618,00000000
209640,27.360,00000000
209650,27.148,00000000
209660,27.237,00000000
209670,27.386,00000000
209680,27.465,00000000
209690,27.533,00000000
209700,27.609,00000000
209710,27.791,00000000
209720,27.897,00000000
209730,27.892,00000000
209740,28.077,00000000
209750,28.055,00000000
209760,27.969,00000000
209770,28.132,00000000
209780,28.059,00000000
209790,28.000,00000000
209800,28.085,00000000
209810,27.757,00000000
209820,27.716,00000000
209830,27.470,00000000
209840,27.307,00000000
209850,27.144,00000000
209860,27.361,00000000
209870,27.407,00000000
209880,27.487,00000000
209890,27.594,00000000
209900,27.697,00000000
209910,27.763,00000000
209920,27.941,00000000
209930,27.912,00000000
209940,28.121,00000000
209950,28.052,00000000
209960,28.133,00000000
209970,28.251,00000000
209980,28.162,00000000
209990,28.131,00000000
210000,27.897,00000000
210010,27.730,00000000
210020,27.688,00000000
210030,27.533,00000000
210040,27.398,00000000
210050,27.249,00000000
210060,27.335,00000000
210070,27.560,00000000
210080,27.518,00000000
210090,27.601,00000000
210100,27.617,00000000
210110,27.895,00000000
210120,27.928,00000000
210130,28.006,00000000
210140,28.112,00000000
210150,28.052,00000000
210160,28.083,00000000
210170,28.103,00000000
210180,28.034,00000000
210190,28.162,00000000
210200,27.913,00000000
210210,27.830,00000000
210220,27.700,00000000
210230,27.331,00000000
210240,27.221,00000000
210250,27.226,00000000
210260,27.369,00000000
210270,27.531,00000000
210280,27.566,00000000
210290,27.718,00000000
210300,27.834,00000000
210310,27.752,00000000
210320,27.962,00000000
210330,28.031,00000000
210340,28.214,00000000
210350,28.024,00000000
210360,28.003,00000000
210370,28.200,00000000
210380,28.134,00000000
210390,28.031,00000000
210400,27.771,00000000
210410,27.665,00000000
210420,27.683,00000000
210430,27.250,00000000
210440,27.260,00000000
210450,27.345,00000000
210460,27.377,00000000
210470,27.570,00000000
210480,27.732,00000000
210490,27.807,00000000
210500,27.700,00000000
210510,27.872,00000000
210520,28.046,00000000
210530,27.934,00000000
210540,28.059,00000000
210550,28.094,00000000
210560,28.066,00000000
210570,28.131,00000000
210580,28.000,00000000
210590,27.906,00000000
210600,27.788,00000000
210610,27.485,00000000
210620,27.381,00000000
210630,27.229,00000000
210640,27.270,00000000
210650,27.380,00000000
210660,27.442,00000000
210670,27.680,00000000
210680,27.733,00000000
210690,27.857,00000000
210700,27.730,00000000
210710,27.910,00000000
210720,28.094,00000000
210730,27.930,00000000
210740,28.009,00000000
210750,28.050,00000000
210760,27.994,00000000
210770,28.112,00000000
210780,27.818,00000000
210790,27.744,00000000
210800,27.567,00000000
210810,27.423,00000000
210820,27.223,00000000
210830,27.140,00000000
210840,27.334,00000000
210850,27.443,00000000
210860,27.561,00000000
210870,27.703,00000000
210880,27.651,00000000
210890,27.844,00000000
210900,27.882,00000000
210910,28.045,00000000
210920,28.001,00000000
210930,28.153,00000000
210940,28.082,00000000
210950,28.083,00000000
210960,28.013,00000000
210970,27.942,00000000
210980,27.812,00000000
210990,27.656,00000000
211000,27.529,00000000
211010,27.122,00000000
211020,27.238,00000000
211030,27.297,00000000
211040,27.455,00000000
211050,27.605,00000000
211060,27.747,00000000
211070,27.696,00000000
211080,27.817,00000000
211090,27.968,00000000
211100,27.963,00000000
211110,28.047,00000000
211120,28.127,00000000
211130,28.144,00000000
211140,28.164,00000000
211150,27.886,00000000
211160,27.930,00000000
211170,27.911,00000000
211180,27.835,00000000
211190,27.767,00000000
211200,27.352,00000000
211210,27.084,00000000
211220,27.072,00000000
211230,27.356,00000000
211240,27.455,00000000
211250,27.599,00000000
211260,27.711,00000000
211270,27.796,00000000
211280,27.842,00000000
211290,27.835,00000000
211300,27.946,00000000
211310,27.957,00000000
211320,28.101,00000000
211330,28.163,00000000
211340,27.980,00000000
211350,28.065,00000000
211360,27.958,00000000
211370,27.806,00000000
211380,27.620,00000000
211390,27.676,00000000
211400,27.313,00000000
211410,27.289,00000000
211420,27.393,00000000
211430,27.589,00000000
211440,27.661,00000000
211450,27.786,00000000
211460,27.709,00000000
211470,27.729,00000000
211480,27.897,00000000
211490,27.858,00000000
211500,28.051,00000000
211510,28.040,00000000
211520,28.080,00000000
211530,28.086,00000000
211540,28.062,00000000
211550,28.140,00000000
211560,28.104,00000000
211570,27.801,00000000
211580,27.625,00000000
211590,27.583,00000000
211600,27.133,00000000
211610,27.231,00000000
211620,27.394,00000000
211630,27.447,00000000
211640,27.448,00000000
211650,27.614,00000000
211660,27.766,00000000
211670,27.685,00000000
211680,27.840,00000000
211690,28.060,00000000
211700,27.986,00000000
211710,28.001,00000000
211720,28.054,00000000
211730,28.060,00000000
211740,28.112,00000000
211750,27.937,00000000
211760,27.830,00000000
211770,27.815,00000000
211780,27.595,00000000
211790,27.361,00000000
211800,27.210,00000000
211810,27.136,00000000
211820,27.577,00000000
211830,27.435,00000000
211840,27.597,00000000
211850,27.747,00000000
211860,27.800,00000000
211870,27.905,00000000
211880,27.956,00000000
211890,28.027,00000000
211900,27.959,00000000
211910,28.042,00000000
211920,28.102,00000000
211930,28.105,00000000
211940,28.006,00000000
211950,27.883,00000000
211960,27.834,00000000
211970,27.723,00000000
211980,27.483,00000000
211990,27.162,00000000
212000,27.244,00000000
212010,27.305,00000000
212020,27.433,00000000
212030,27.574,00000000
212040,27.688,00000000
212050,27.701,00000000
212060,27.897,00000000
212070,27.910,00000000
212080,27.796,00000000
212090,28.028,00000000
212100,28.090,00000000
212110,28.016,00000000
212120,28.049,00000000
212130,28.117,00000000
212140,28.065,00000000
212150,27.755,00000000
212160,27.742,00000000
212170,27.301,00000000
212180,27.265,00000000
212190,27.289,00000000
212200,27.253,00000000
212210,27.424,00000000
212220,27.429,00000000
212230,27.690,00000000
212240,27.737,00000000
212250,27.844,00000000
212260,27.955,00000000
212270,27.986,00000000
212280,27.957,00000000
212290,28.046,00000000
212300,27.950,00000000
212310,28.016,00000000
212320,28.014,00000000
212330,28.062,00000000
212340,27.765,00000000
212350,27.955,00000000
212360,27.749,00000000
212370,27.452,00000000
212380,27.205,00000000
212390,27.094,00000000
212400,27.344,00000000
212410,27.373,00000000
212420,27.647,00000000
212430,27.704,00000000
212440,27.799,00000000
212450,27.907,00000000
212460,28.011,00000000
212470,27.953,00000000
212480,27.919,00000000
212490,28.066,00000000
212500,28.069,00000000
212510,28.031,00000000
212520,28.046,00000000
212530,27.902,00000000
212540,27.759,00000000
212550,27.636,00000000
212560,27.340,00000000
212570,27.222,00000000
212580,27.269,00000000
212590,27.365,00000000
212600,27.530,00000000
212610,27.587,00000000
212620,27.671,00000000
212630,27.791,00000000
212640,27.842,00000000
212650,27.825,00000000
212660,27.969,00000000
212670,28.083,00000000
212680,28.125,00000000
212690,28.089,00000000
212700,28.077,00000000
212710,27.891,00000000
212720,27.922,00000000
212730,27.935,00000000
212740,27.711,00000000
212750,27.604,00000000
212760,27.173,00000000
212770,27.065,00000000
212780,27.256,00000000
212790,27.471,00000000
212800,27.433,00000000
212810,27.618,00000000
212820,27.664,00000000
212830,27.813,00000000
212840,28.054,00000000
212850,27.964,00000000
212860,28.056,00000000
212870,28.192,00000000
212880,28.108,00000000
212890,28.113,00000000
212900,27.959,00000000
212910,27.830,00000000
212920,27.804,00000000
212930,27.838,00000000
212940,27.676,00000000
212950,27.650,00000000
212960,27.169,00000000
212970,27.219,00000000
212980,27.383,00000000
212990,27.460,00000000
213000,27.555,00000000
213010,27.681,00000000
213020,27.681,00000000
213030,27.735,00000000
213040,27.987,00000000
213050,27.936,00000000
213060,28.140,00000000
213070,28.166,00000000
213080,28.089,00000000
213090,28.039,00000000
213100,27.959,00000000
213110,27.877,00000000
213120,27.938,00000000
213130,27.729,00000000
213140,27.625,00000000
213150,27.387,00000000
213160,581.096,X0000000
213170,283.330,10000000
213180,176.040,10000000
213190,136.745,10000000
213200,121.993,10000000
213210,318.786,10000000
213220,625.748,10000000
213230,299.595,10000000
213240,181.653,10000000
213250,138.300,10000000
213260,122.700,10000000
213270,116.997,10000000
213280,114.643,10000000
213290,114.307,10000000
213300,113.870,10000000
213310,113.971,10000000
213320,114.422,10000000
213330,114.481,10000000
213340,114.777,10000000
213350,115.051,10000000
213360,115.390,10000000
213370,115.652,10000000
213380,115.002,10000000
213390,113.403,10000000
213400,112.223,10000000
213410,112.369,10000000
213420,112.458,10000000
213430,112.686,10000000
213440,112.696,10000000
213450,112.959,10000000
213460,113.218,10000000
213470,113.467,10000000
213480,113.695,10000000
213490,113.971,10000000
213500,114.062,10000000
213510,114.554,10000000
213520,114.786,10000000
213530,114.723,10000000
213540,114.889,10000000
213550,115.222,10000000
213560,115.480,10000000
213570,115.490,10000000
213580,115.209,10000000
213590,114.264,10000000
213600,112.309,10000000
213610,112.499,10000000
213620,112.317,10000000
213630,112.514,10000000
213640,112.442,10000000
213650,112.940,10000000
213660,113.283,10000000
213670,113.567,10000000
213680,113.744,10000000
213690,113.579,10000000
213700,114.049,10000000
213710,114.582,10000000
213720,114.609,10000000
213730,114.600,10000000
213740,115.122,10000000
213750,115.362,10000000
213760,115.435,10000000
213770,115.849,10000000
213780,115.665,10000000
213790,115.137,10000000
213800,113.158,10000000
213810,112.524,10000000
213820,112.571,10000000
213830,112.506,10000000
213840,113.164,10000000
213850,113.205,10000000
213860,113.636,10000000
213870,113.731,10000000
213880,114.195,10000000
213890,114.076,10000000
213900,114.016,10000000
213910,114.199,10000000
213920,114.470,10000000
213930,115.236,10000000
213940,114.673,10000000
213950,115.603,10000000
213960,115.327,10000000
213970,115.470,10000000
213980,115.761,10000000
213990,115.477,10000000
214000,113.892,10000000
214010,112.628,10000000
214020,112.655,10000000
214030,112.793,10000000
214040,113.158,10000000
214050,113.195,10000000
214060,113.421,10000000
214070,113.689,10000000
214080,113.421,10000000
214090,113.892,10000000
214100,114.237,10000000
214110,114.153,10000000
214120,114.586,10000000
214130,114.715,10000000
214140,115.026,10000000
214150,115.529,10000000
214160,115.671,10000000
214170,115.809,10000000
214180,115.676,10000000
214190,115.366,10000000
214200,113.582,10000000
214210,112.432,10000000
214220,680.007,10000000
214230,320.132,10000000
214240,190.454,10000000
214250,142.424,10000000
214260,124.991,10000000
214270,118.534,10000000
214280,116.673,10000000
214290,115.819,10000000
214300,115.854,10000000
214310,116.018,10000000
214320,115.846,10000000
214330,115.221,10000000
214340,113.473,10000000
214350,112.344,10000000
214360,112.621,10000000
214370,112.942,10000000
214380,113.179,10000000
214390,113.138,10000000
214400,113.448,10000000
214410,113.519,10000000
214420,113.752,10000000
214430,114.216,10000000
214440,113.986,10000000
214450,114.767,10000000
214460,114.553,10000000
214470,114.875,10000000
214480,115.029,10000000
214490,115.491,10000000
214500,115.611,10000000
214510,115.745,10000000
214520,115.841,10000000
214530,114.893,10000000
214540,113.954,10000000
214550,112.835,10000000
214560,112.736,10000000
214570,113.352,10000000
214580,112.908,10000000
214590,113.737,10000000
214600,113.616,10000000
214610,113.596,10000000
214620,114.077,10000000
214630,114.259,10000000
214640,114.127,10000000
214650,114.859,10000000
214660,114.592,10000000
214670,115.149,10000000
214680,115.016,10000000
214690,115.351,10000000
214700,115.713,10000000
214710,115.922,10000000
214720,115.761,10000000
214730,115.399,10000000
214740,113.884,10000000
214750,112.545,10000000
214760,112.646,10000000
214770,112.960,10000000
214780,112.970,10000000
214790,113.217,10000000
214800,113.643,10000000
214810,113.767,10000000
214820,113.953,10000000
214830,114.393,10000000
214840,114.418,10000000
214850,114.743,10000000
214860,114.836,10000000
214870,114.861,10000000
214880,115.304,10000000
214890,115.782,10000000
214900,115.594,10000000
214910,115.674,10000000
214920,116.196,10000000
214930,115.605,10000000
214940,114.621,10000000
214950,112.811,10000000
214960,112.897,10000000
214970,113.343,10000000
214980,113.121,10000000
214990,113.778,10000000
215000,113.680,10000000
215010,113.759,10000000
215020,114.033,10000000
215030,114.167,10000000
215040,114.455,10000000
215050,114.537,10000000
215060,114.454,10000000
215070,115.236,10000000
215080,115.273,10000000
215090,115.237,10000000
215100,115.939,10000000
215110,115.941,10000000
215120,115.778,10000000
215130,116.058,10000000
215140,114.944,10000000
215150,112.850,10000000
215160,112.699,10000000
215170,113.139,10000000
215180,112.780,10000000
215190,113.137,10000000
215200,113.563,10000000
215210,113.446,10000000
215220,113.867,10000000
215230,660.630,10000000
215240,312.886,10000000
215250,187.862,10000000
215260,141.322,10000000
215270,125.247,10000000
215280,118.596,10000000
215290,116.439,10000000
215300,116.172,10000000
215310,115.777,10000000
215320,116.093,10000000
215330,115.895,10000000
215340,115.583,10000000
215350,114.980,10000000
215360,112.885,10000000
215370,113.136,10000000
215380,113.256,10000000
215390,113.169,10000000
215400,113.208,10000000
215410,113.522,10000000
215420,113.559,10000000
215430,113.730,10000000
215440,114.176,10000000
215450,114.193,10000000
215460,114.198,10000000
215470,115.004,10000000
215480,115.018,10000000
215490,115.165,10000000
215500,115.295,10000000
215510,115.590,10000000
215520,116.007,10000000
215530,115.866,10000000
215540,115.669,10000000
215550,114.974,10000000
215560,112.619,10000000
215570,113.125,10000000
215580,112.814,10000000
215590,113.618,10000000
215600,113.471,10000000
215610,113.658,10000000
215620,114.034,10000000
215630,113.735,10000000
215640,113.936,10000000
215650,114.080,10000000
215660,114.216,10000000
215670,114.730,10000000
215680,114.974,10000000
215690,115.039,10000000
215700,115.224,10000000
215710,115.467,10000000
215720,115.692,10000000
215730,116.033,10000000
215740,115.914,10000000
215750,115.654,10000000
215760,114.020,10000000
215770,112.844,10000000
215780,113.112,10000000
215790,113.089,10000000
215800,113.376,10000000
215810,113.808,10000000
215820,113.527,10000000
215830,113.645,10000000
215840,114.039,10000000
215850,114.136,10000000
215860,114.502,10000000
215870,114.678,10000000
215880,114.900,10000000
215890,115.328,10000000
215900,115.718,10000000
215910,115.414,10000000
215920,115.883,10000000
215930,116.198,10000000
215940,116.338,10000000
215950,115.797,10000000
215960,113.984,10000000
215970,112.855,10000000
215980,112.910,10000000
215990,113.186,10000000
216000,112.865,10000000
216010,113.716,10000000
216020,113.276,10000000
216030,113.538,10000000
216040,113.679,10000000
216050,114.326,10000000
216060,114.219,10000000
216070,114.200,10000000
216080,114.632,10000000
216090,114.875,10000000
216100,115.247,10000000
216110,115.673,10000000
216120,115.448,10000000
216130,115.725,10000000
216140,115.684,10000000
216150,115.862,10000000
216160,115.087,10000000
216170,112.953,10000000
216180,112.776,10000000
216190,112.797,10000000
216200,113.165,10000000
216210,188.888,X0000000
216220,80.644,00000000
216230,46.487,00000000
216240,34.780,00000000
216250,30.584,00000000
216260,28.919,00000000
216270,28.244,00000000
216280,28.013,00000000
216290,28.051,00000000
216300,27.844,00000000
216310,27.651,00000000
216320,27.408,00000000
216330,27.236,00000000
216340,27.122,00000000
216350,27.348,00000000
216360,27.591,00000000
216370,27.538,00000000
216380,27.642,00000000
216390,27.685,00000000
216400,27.943,00000000
216410,27.939,00000000
216420,27.967,00000000
216430,28.049,00000000
216440,28.105,00000000
216450,28.051,00000000
216460,28.143,00000000
216470,27.994,00000000
216480,27.908,00000000
216490,27.769,00000000
216500,27.654,00000000
216510,27.502,00000000
216520,27.357,00000000
216530,27.123,00000000
216540,27.382,00000000
216550,27.493,00000000
216560,27.629,00000000
216570,27.859,00000000
216580,27.798,00000000
216590,27.934,00000000
216600,27.988,00000000
216610,27.863,00000000
216620,27.983,00000000
216630,27.916,00000000
216640,28.021,00000000
216650,28.038,00000000
216660,27.939,00000000
216670,28.004,00000000
216680,27.876,00000000
216690,27.633,00000000
216700,27.433,00000000
216710,27.198,00000000
216720,27.308,00000000
216730,27.304,00000000
216740,27.507,00000000
216750,27.616,00000000
216760,27.645,00000000
216770,27.757,00000000
216780,27.782,00000000
216790,27.969,00000000
216800,27.915,00000000
216810,28.042,00000000
216820,28.123,00000000
216830,28.089,00000000
216840,28.100,00000000
216850,27.997,00000000
216860,28.081,00000000
216870,27.799,00000000
216880,27.723,00000000
216890,27.487,00000000
216900,27.219,00000000
216910,27.255,00000000
216920,27.376,00000000
216930,27.310,00000000
216940,27.643,00000000
216950,27.610,00000000
216960,27.756,00000000
216970,27.896,00000000
216980,28.007,00000000
216990,28.082,00000000
217000,27.976,00000000
217010,28.042,00000000
217020,28.107,00000000
217030,28.149,00000000
217040,27.991,00000000
217050,28.115,00000000
217060,27.797,00000000
217070,27.762,00000000
217080,27.612,00000000
217090,27.205,00000000
217100,27.187,00000000
217110,27.425,00000000
217120,27.390,00000000
217130,27.530,00000000
217140,27.721,00000000
217150,27.731,00000000
217160,27.853,00000000
217170,27.969,00000000
217180,27.945,00000000
217190,28.018,00000000
217200,28.051,00000000
217210,28.113,00000000
217220,28.083,00000000
217230,27.980,00000000
217240,28.043,00000000
217250,27.936,00000000
217260,27.631,00000000
217270,27.568,00000000
217280,27.454,00000000
217290,27.100,00000000
217300,27.344,00000000
217310,27.410,00000000
217320,27.502,00000000
217330,27.715,00000000
217340,27.675,00000000
217350,27.739,00000000
217360,27.839,00000000
217370,28.171,00000000
217380,27.980,00000000
217390,28.043,00000000
217400,28.091,00000000
217410,28.102,00000000
217420,28.042,00000000
217430,28.014,00000000
217440,27.959,00000000
217450,27.760,00000000
217460,27.697,00000000
217470,27.330,00000000
217480,27.180,00000000
217490,27.262,00000000
217500,27.292,00000000
217510,27.523,00000000
217520,27.693,00000000
217530,27.590,00000000
217540,27.760,00000000
217550,27.847,00000000
217560,27.874,00000000
217570,27.986,00000000
217580,28.091,00000000
217590,28.068,00000000
217600,28.030,00000000
217610,28.110,00000000
217620,28.046,00000000
217630,27.873,00000000
217640,27.939,00000000
217650,27.677,00000000
217660,27.581,00000000
217670,27.216,00000000
217680,27.255,00000000
217690,27.368,00000000
217700,27.461,00000000
217710,27.623,00000000
217720,27.646,00000000
217730,27.803,00000000
217740,28.017,00000000
217750,27.911,00000000
217760,28.010,00000000
217770,28.119,00000000
217780,28.134,00000000
217790,28.188,00000000
217800,27.975,00000000
217810,27.932,00000000
217820,28.068,00000000
217830,27.757,00000000
217840,27.837,00000000
217850,27.479,00000000
217860,27.298,00000000
217870,27.240,00000000
217880,27.374,00000000
217890,27.370,00000000
217900,27.472,00000000
217910,27.625,00000000
217920,27.698,00000000
217930,27.997,00000000
217940,28.106,00000000
217950,28.035,00000000
217960,28.029,00000000
217970,27.910,00000000
217980,27.946,00000000
217990,28.130,00000000
218000,28.067,00000000
218010,28.106,00000000
218020,28.002,00000000
218030,27.775,00000000
218040,27.650,00000000
218050,27.419,00000000
218060,27.090,00000000
218070,27.241,00000000
218080,27.352,00000000
218090,27.536,00000000
218100,27.728,00000000
218110,27.799,00000000
218120,27.799,00000000
218130,27.774,00000000
218140,27.922,00000000
218150,27.988,00000000
218160,28.021,00000000
218170,28.126,00000000
218180,28.189,00000000
218190,27.998,00000000
218200,28.020,00000000
218210,27.812,00000000
218220,27.901,00000000
218230,27.838,00000000
218240,27.681,00000000
218250,27.134,00000000
218260,27.372,00000000
218270,27.573,00000000
218280,27.508,00000000
218290,27.550,00000000
218300,27.534,00000000
218310,27.764,00000000
218320,27.747,00000000
218330,27.746,00000000
218340,27.805,00000000
218350,27.951,00000000
218360,28.236,00000000
218370,28.131,00000000
218380,28.140,00000000
218390,28.006,00000000
218400,27.885,00000000
218410,27.672,00000000
218420,27.568,00000000
218430,27.649,00000000
218440,27.399,00000000
218450,27.277,00000000
218460,27.222,00000000
218470,27.596,00000000
218480,27.740,00000000
218490,27.808,00000000
218500,27.674,00000000
218510,27.851,00000000
218520,28.066,00000000
218530,28.033,00000000
218540,27.814,00000000
218550,27.972,00000000
218560,28.138,00000000
218570,28.178,00000000
218580,27.946,00000000
218590,28.020,00000000
218600,27.740,00000000
218610,27.721,00000000
218620,27.693,00000000
218630,27.235,00000000
218640,27.156,00000000
218650,27.447,00000000
218660,27.497,00000000
218670,27.447,00000000
218680,27.661,00000000
218690,27.735,00000000
218700,27.772,00000000
218710,27.914,00000000
218720,27.968,00000000
218730,28.038,00000000
218740,28.104,00000000
218750,28.309,00000000
218760,28.050,00000000
218770,27.913,00000000
218780,28.048,00000000
218790,27.960,00000000
218800,27.566,00000000
218810,27.449,00000000
218820,27.209,00000000
218830,27.094,00000000
218840,27.343,00000000
218850,27.595,00000000
218860,27.497,00000000
218870,27.676,00000000
218880,27.837,00000000
218890,27.943,00000000
218900,27.985,00000000
218910,27.796,00000000
218920,27.922,00000000
218930,28.157,00000000
218940,28.054,00000000
218950,28.113,00000000
218960,28.188,00000000
218970,28.063,00000000
218980,27.839,00000000
218990,27.651,00000000
219000,27.580,00000000
219010,27.249,00000000
219020,27.173,00000000
219030,27.172,00000000
219040,27.369,00000000
219050,27.529,00000000
219060,27.569,00000000
219070,27.837,00000000
219080,27.684,00000000
219090,27.803,00000000
219100,27.815,00000000
219110,27.967,00000000
219120,28.230,00000000
219130,28.069,00000000
219140,28.043,00000000
219150,28.107,00000000
219160,27.834,00000000
219170,27.806,00000000
219180,27.953,00000000
219190,27.737,00000000
219200,27.317,00000000
219210,27.257,00000000
219220,27.448,00000000
219230,27.500,00000000
219240,27.451,00000000
219250,27.418,00000000
219260,27.755,00000000
219270,27.846,00000000
219280,27.689,00000000
219290,27.764,00000000
219300,27.848,00000000
219310,27.980,00000000
219320,28.079,00000000
219330,28.056,00000000
219340,28.113,00000000
219350,27.997,00000000
219360,27.908,00000000
219370,27.798,00000000
219380,27.854,00000000
219390,27.750,00000000
219400,27.175,00000000
219410,27.183,00000000
219420,27.371,00000000
219430,27.381,00000000
219440,27.554,00000000
219450,27.530,00000000
219460,27.650,00000000
219470,27.724,00000000
219480,27.868,00000000
219490,28.086,00000000
219500,28.057,00000000
219510,27.928,00000000
219520,28.220,00000000
219530,28.183,00000000
219540,28.133,00000000
219550,27.820,00000000
219560,27.888,00000000
219570,27.930,00000000
219580,27.552,00000000
219590,27.230,00000000
219600,27.158,00000000
219610,27.371,00000000
219620,27.379,00000000
219630,27.416,00000000
219640,27.522,00000000
219650,27.825,00000000
219660,27.776,00000000
219670,27.803,00000000
219680,27.931,00000000
219690,28.083,00000000
219700,28.138,00000000
219710,28.116,00000000
219720,28.036,00000000
219730,28.116,00000000
219740,27.849,00000000
219750,27.944,00000000
219760,27.813,00000000
219770,27.631,00000000
219780,27.376,00000000
219790,27.239,00000000
219800,27.201,00000000
219810,27.448,00000000
219820,27.581,00000000
219830,27.476,00000000
219840,27.657,00000000
219850,27.778,00000000
219860,27.865,00000000
219870,27.965,00000000
219880,27.879,00000000
219890,27.954,00000000
219900,28.009,00000000
219910,27.953,00000000
219920,28.176,00000000
219930,28.158,00000000
219940,27.843,00000000
219950,27.897,00000000
219960,27.787,00000000
219970,27.403,00000000
219980,27.081,00000000
219990,27.162,00000000
220000,27.312,00000000
220010,27.610,00000000
220020,27.818,00000000
220030,27.655,00000000
220040,27.954,00000000
220050,28.022,00000000
220060,27.975,00000000
220070,27.871,00000000
220080,28.051,00000000
220090,28.053,00000000
220100,28.012,00000000
220110,27.935,00000000
220120,27.936,00000000
220130,27.868,00000000
220140,27.903,00000000
220150,27.814,00000000
220160,27.515,00000000
220170,27.182,00000000
220180,27.172,00000000
220190,27.418,00000000
220200,27.596,00000000
220210,27.593,00000000
220220,27.685,00000000
220230,27.696,00000000
220240,27.754,00000000
220250,27.902,00000000
220260,28.064,00000000
220270,28.132,00000000
220280,27.971,00000000
220290,28.039,00000000
220300,27.978,00000000
220310,27.950,00000000
220320,28.014,00000000
220330,27.923,00000000
220340,27.608,00000000
220350,27.514,00000000
220360,27.072,00000000
220370,27.338,00000000
220380,27.607,00000000
220390,27.624,00000000
220400,27.568,00000000
220410,27.644,00000000
220420,27.612,00000000
220430,27.712,00000000
220440,27.771,00000000
220450,27.912,00000000
220460,27.928,00000000
220470,28.027,00000000
220480,28.061,00000000
220490,28.193,00000000
220500,28.117,00000000
220510,27.970,00000000
220520,27.969,00000000
220530,27.643,00000000
220540,27.434,00000000
220550,27.333,00000000
220560,27.320,00000000
220570,27.317,00000000
220580,27.531,00000000
220590,27.543,00000000
220600,27.621,00000000
220610,27.849,00000000
220620,27.970,00000000
220630,27.987,00000000
220640,27.988,00000000
220650,27.978,00000000
220660,27.958,00000000
220670,27.991,00000000
220680,28.118,00000000
220690,28.093,00000000
220700,27.982,00000000
220710,27.811,00000000
220720,27.739,00000000
220730,27.589,00000000
220740,27.391,00000000
220750,27.245,00000000
220760,27.304,00000000
220770,27.307,00000000
220780,27.527,00000000
220790,27.608,00000000
220800,27.816,00000000
220810,27.876,00000000
220820,27.855,00000000
220830,27.815,00000000
220840,28.000,00000000
220850,28.105,00000000
220860,28.142,00000000
220870,28.152,00000000
220880,27.856,00000000
220890,27.921,00000000
220900,27.854,00000000
220910,27.883,00000000
220920,27.774,00000000
220930,27.349,00000000
220940,27.268,00000000
220950,27.405,00000000
220960,27.267,00000000
220970,27.538,00000000
220980,27.749,00000000
220990,27.640,00000000
221000,27.747,00000000
221010,27.927,00000000
221020,27.880,00000000
221030,28.133,00000000
221040,28.155,00000000
221050,28.186,00000000
221060,28.125,00000000
221070,28.055,00000000
221080,28.118,00000000
221090,27.869,00000000
221100,27.860,00000000
221110,27.525,00000000
221120,27.342,00000000
221130,27.164,00000000
221140,27.248,00000000
221150,27.399,00000000
221160,27.394,00000000
221170,27.592,00000000
221180,27.724,00000000
221190,27.644,00000000
221200,27.932,00000000
221210,27.990,00000000
221220,27.977,00000000
221230,28.152,00000000
221240,28.180,00000000
221250,28.143,00000000
221260,28.071,00000000
221270,28.064,00000000
221280,27.966,00000000
221290,27.928,00000000
221300,27.508,00000000
221310,27.364,00000000
221320,27.131,00000000
221330,27.225,00000000
221340,27.314,00000000
221350,27.546,00000000
221360,27.540,00000000
221370,27.653,00000000
221380,27.912,00000000
221390,27.980,00000000
221400,28.115,00000000
221410,28.084,00000000
221420,28.156,00000000
221430,28.047,00000000
221440,27.958,00000000
221450,28.031,00000000
221460,27.918,00000000
221470,27.844,00000000
221480,28.005,00000000
221490,27.724,00000000
221500,27.604,00000000
221510,27.167,00000000
221520,27.284,00000000
221530,27.409,00000000
221540,27.595,00000000
221550,27.596,00000000
221560,27.746,00000000
221570,27.836,00000000
221580,27.876,00000000
221590,27.790,00000000
221600,27.955,00000000
221610,28.056,00000000
221620,28.077,00000000
221630,28.142,00000000
221640,28.066,00000000
221650,27.935,00000000
221660,27.893,00000000
221670,27.801,00000000
221680,27.862,00000000
221690,27.645,00000000
221700,27.310,00000000
221710,27.222,00000000
221720,27.199,00000000
221730,27.315,00000000
221740,27.596,00000000
221750,27.835,00000000
221760,27.807,00000000
221770,27.805,00000000
221780,27.835,00000000
221790,27.983,00000000
221800,28.172,00000000
221810,28.184,00000000
221820,28.055,00000000
221830,27.923,00000000
221840,27.889,00000000
221850,27.826,00000000
221860,27.955,00000000
221870,27.733,00000000
221880,27.407,00000000
221890,27.236,00000000
221900,27.277,00000000
221910,27.376,00000000
221920,27.480,00000000
221930,27.573,00000000
221940,27.536,00000000
221950,27.710,00000000
221960,27.719,00000000
221970,27.933,00000000
221980,28.123,00000000
221990,28.031,00000000
222000,27.955,00000000
222010,28.151,00000000
222020,28.072,00000000
222030,28.135,00000000
222040,28.123,00000000
222050,27.928,00000000
222060,27.653,00000000
222070,27.661,00000000
222080,27.273,00000000
222090,27.161,00000000
222100,27.206,00000000
222110,27.215,00000000
222120,27.513,00000000
222130,27.557,00000000
222140,27.806,00000000
222150,27.731,00000000
222160,27.938,00000000
222170,27.897,00000000
222180,27.915,00000000
222190,28.038,00000000
222200,28.062,00000000
222210,28.076,00000000
222220,28.129,00000000
222230,27.984,00000000
222240,27.895,00000000
222250,27.667,00000000
222260,27.694,00000000
222270,27.552,00000000
222280,27.088,00000000
222290,27.214,00000000
222300,27.366,00000000
222310,27.452,00000000
222320,27.620,00000000
222330,27.728,00000000
222340,27.888,00000000
222350,27.817,00000000
222360,27.961,00000000
222370,27.987,00000000
222380,27.959,00000000
222390,28.183,00000000
222400,28.327,00000000
222410,27.935,00000000
222420,28.025,00000000
222430,27.926,00000000
222440,27.936,00000000
222450,27.625,00000000
222460,27.522,00000000
222470,26.999,00000000
222480,27.154,00000000
222490,27.326,00000000
222500,27.485,00000000
222510,27.655,00000000
222520,27.535,00000000
222530,27.738,00000000
222540,27.800,00000000
222550,27.938,00000000
222560,28.023,00000000
222570,28.017,00000000
222580,27.938,00000000
222590,27.997,00000000
222600,28.132,00000000
222610,28.026,00000000
222620,28.072,00000000
222630,27.882,00000000
222640,27.694,00000000
222650,27.397,00000000
222660,27.324,00000000
222670,27.328,00000000
222680,27.248,00000000
222690,27.504,00000000
222700,27.541,00000000
222710,27.532,00000000
222720,27.781,00000000
222730,28.017,00000000
222740,27.836,00000000
222750,27.995,00000000
222760,28.188,00000000
222770,28.030,00000000
222780,28.091,00000000
222790,28.026,00000000
222800,28.019,00000000
222810,28.129,00000000
222820,27.766,00000000
222830,27.638,00000000
222840,27.389,00000000
222850,27.172,00000000
222860,27.189,00000000
222870,27.295,00000000
222880,27.382,00000000
222890,27.682,00000000
222900,27.676,00000000
222910,27.718,00000000
222920,27.818,00000000
222930,27.831,00000000
222940,27.923,00000000
222950,28.127,00000000
222960,28.212,00000000
222970,28.200,00000000
222980,28.174,00000000
222990,28.093,00000000
223000,28.001,00000000
223010,27.986,00000000
223020,27.800,00000000
223030,27.443,00000000
223040,27.241,00000000
223050,27.076,00000000
223060,27.316,00000000
223070,27.290,00000000
223080,27.437,00000000
223090,27.789,00000000
223100,27.673,00000000
223110,27.790,00000000
223120,27.826,00000000
223130,27.945,00000000
223140,28.023,00000000
223150,28.038,00000000
223160,28.029,00000000
223170,28.010,00000000
223180,28.125,00000000
223190,27.879,00000000
223200,27.957,00000000
223210,27.620,00000000
223220,27.449,00000000
223230,27.476,00000000
223240,27.219,00000000
223250,27.347,00000000
223260,27.440,00000000
223270,27.477,00000000
223280,27.523,00000000
223290,27.799,00000000
223300,27.815,00000000
223310,27.848,00000000
223320,28.006,00000000
223330,27.935,00000000
223340,28.022,00000000
223350,28.137,00000000
223360,27.983,00000000
223370,28.035,00000000
223380,28.084,00000000
223390,27.865,00000000
223400,27.840,00000000
223410,27.569,00000000
223420,27.532,00000000
223430,27.066,00000000
223440,27.320,00000000
223450,27.431,00000000
223460,27.398,00000000
223470,27.569,00000000
223480,27.718,00000000
223490,27.677,00000000
223500,27.977,00000000
223510,27.840,00000000
223520,27.872,00000000
223530,28.061,00000000
223540,28.206,00000000
223550,27.903,00000000
223560,28.118,00000000
223570,28.068,00000000
223580,27.932,00000000
223590,27.732,00000000
223600,27.740,00000000
223610,27.527,00000000
223620,27.231,00000000
223630,27.191,00000000
223640,27.343,00000000
223650,27.407,00000000
223660,27.506,00000000
223670,27.552,00000000
223680,27.659,00000000
223690,28.029,00000000
223700,28.097,00000000
223710,27.983,00000000
223720,27.928,00000000
223730,28.024,00000000
223740,27.966,00000000
223750,28.124,00000000
223760,28.145,00000000
223770,27.928,00000000
223780,27.820,00000000
223790,27.923,00000000
223800,27.638,00000000
223810,27.322,00000000
223820,27.029,00000000
223830,27.329,00000000
223840,27.513,00000000
223850,27.439,00000000
223860,27.526,00000000
223870,27.818,00000000
223880,27.800,00000000
223890,27.758,00000000
223900,27.838,00000000
223910,28.247,00000000
223920,28.169,00000000
223930,28.222,00000000
223940,28.083,00000000
223950,27.936,00000000
223960,28.116,00000000
223970,27.789,00000000
223980,27.612,00000000
223990,27.627,00000000
224000,27.584,00000000
224010,27.170,00000000
224020,27.286,00000000
224030,27.378,00000000
224040,27.456,00000000
224050,27.575,00000000
224060,27.866,00000000
224070,27.568,00000000
224080,27.713,00000000
224090,27.955,00000000
224100,28.033,00000000
224110,28.034,00000000
224120,27.982,00000000
224130,28.110,00000000
224140,28.014,00000000
224150,27.977,00000000
224160,27.866,00000000
224170,27.900,00000000
224180,27.665,00000000
224190,27.424,00000000
224200,27.181,00000000
224210,27.544,00000000
224220,27.551,00000000
224230,27.627,00000000
224240,27.562,00000000
224250,27.524,00000000
224260,27.837,00000000
224270,27.864,00000000
224280,27.860,00000000
224290,28.035,00000000
224300,28.102,00000000
224310,28.128,00000000
224320,28.031,00000000
224330,28.080,00000000
224340,27.921,00000000
224350,27.973,00000000
224360,28.063,00000000
224370,27.807,00000000
224380,27.497,00000000
224390,27.263,00000000
224400,27.338,00000000
224410,27.136,00000000
224420,27.389,00000000
224430,27.616,00000000
224440,27.728,00000000
224450,27.705,00000000
224460,27.756,00000000
224470,27.912,00000000
224480,28.116,00000000
224490,27.990,00000000
224500,28.016,00000000
224510,28.059,00000000
224520,27.952,00000000
224530,28.070,00000000
224540,28.105,00000000
224550,27.825,00000000
224560,27.639,00000000
224570,27.500,00000000
224580,27.374,00000000
224590,27.258,00000000
224600,27.162,00000000
224610,27.353,00000000
224620,27.436,00000000
224630,27.706,00000000
224640,27.789,00000000
224650,27.754,00000000
224660,28.043,00000000
224670,28.037,00000000
224680,27.946,00000000
224690,28.105,00000000
224700,27.971,00000000
224710,28.003,00000000
224720,28.154,00000000
224730,28.076,00000000
224740,27.790,00000000
224750,27.735,00000000
224760,27.533,00000000
224770,27.535,00000000
224780,27.213,00000000
224790,27.441,00000000
224800,27.194,00000000
224810,27.435,00000000
224820,27.729,00000000
224830,27.729,00000000
224840,27.675,00000000
224850,27.823,00000000
224860,27.851,00000000
224870,28.066,00000000
224880,28.042,00000000
224890,27.936,00000000
224900,28.160,00000000
224910,28.199,00000000
224920,28.123,00000000
224930,27.825,00000000
224940,27.729,00000000
224950,27.592,00000000
224960,27.625,00000000
224970,27.231,00000000
224980,27.061,00000000
224990,27.396,00000000
225000,27.550,00000000
225010,27.698,00000000
225020,27.599,00000000
225030,27.683,00000000
225040,27.736,00000000
225050,27.985,00000000
225060,28.120,00000000
225070,27.909,00000000
225080,28.135,00000000
225090,28.270,00000000
225100,28.092,00000000
225110,27.889,00000000
225120,27.957,00000000
225130,27.984,00000000
225140,27.975,00000000
225150,27.652,00000000
225160,27.300,00000000
225170,27.264,00000000
225180,27.377,00000000
225190,27.385,00000000
225200,27.309,00000000
225210,27.484,00000000
225220,27.561,00000000
225230,27.893,00000000
225240,27.938,00000000
225250,27.847,00000000
225260,27.866,00000000
225270,28.152,00000000
225280,28.178,00000000
225290,28.160,00000000
225300,27.893,00000000
225310,27.932,00000000
225320,27.865,00000000
225330,27.940,00000000
225340,27.866,00000000
225350,27.442,00000000
225360,27.173,00000000
225370,27.329,00000000
225380,27.395,00000000
225390,27.343,00000000
225400,27.556,00000000
225410,27.683,00000000
225420,27.757,00000000
225430,27.767,00000000
225440,27.738,00000000
225450,27.971,00000000
225460,28.179,00000000
225470,28.063,00000000
225480,28.010,00000000
225490,28.069,00000000
225500,27.921,00000000
225510,27.989,00000000
225520,28.016,00000000
225530,27.843,00000000
225540,27.433,00000000
225550,27.222,00000000
225560,27.233,00000000
225570,27.443,00000000
225580,27.263,00000000
225590,27.492,00000000
225600,27.732,00000000
225610,27.756,00000000
225620,27.877,00000000
225630,27.755,00000000
225640,28.102,00000000
225650,28.194,00000000
225660,28.000,00000000
225670,28.123,00000000
225680,28.277,00000000
225690,28.220,00000000
225700,27.929,00000000
225710,27.694,00000000
225720,27.767,00000000
225730,27.605,00000000
225740,27.506,00000000
225750,27.196,00000000
225760,27.264,00000000
225770,27.357,00000000
225780,27.373,00000000
225790,27.537,00000000
225800,27.748,00000000
225810,27.692,00000000
225820,27.867,00000000
225830,28.027,00000000
225840,28.095,00000000
225850,27.902,00000000
225860,27.991,00000000
225870,27.962,00000000
225880,28.194,00000000
225890,28.126,00000000
225900,27.860,00000000
225910,27.923,00000000
225920,27.820,00000000
225930,27.512,00000000
225940,27.220,00000000
225950,27.212,00000000
225960,27.320,00000000
225970,27.556,00000000
225980,27.663,00000000
225990,27.613,00000000
226000,27.573,00000000
226010,27.898,00000000
226020,27.973,00000000
226030,27.846,00000000
226040,27.937,00000000
226050,27.934,00000000
226060,28.208,00000000
226070,28.214,00000000
226080,27.879,00000000
226090,27.885,00000000
226100,28.092,00000000
226110,27.756,00000000
226120,27.668,00000000
226130,27.302,00000000
226140,27.082,00000000
226150,27.270,00000000
226160,27.588,00000000
226170,27.523,00000000
226180,27.584,00000000
226190,27.650,00000000
226200,27.962,00000000
226210,28.004,00000000
226220,28.017,00000000
226230,28.013,00000000
226240,27.996,00000000
226250,27.964,00000000
226260,28.078,00000000
226270,28.256,00000000
226280,27.951,00000000
226290,27.945,00000000
226300,27.780,00000000
226310,27.853,00000000
226320,27.624,00000000
226330,27.166,00000000
226340,27.139,00000000
226350,27.303,00000000
226360,27.331,00000000
226370,27.649,00000000
226380,27.759,00000000
226390,27.718,00000000
226400,27.909,00000000
226410,28.091,00000000
226420,27.940,00000000
226430,28.049,00000000
226440,27.990,00000000
226450,28.163,00000000
226460,28.192,00000000
226470,28.042,00000000
226480,27.881,00000000
226490,27.843,00000000
226500,27.611,00000000
226510,27.558,00000000
226520,27.445,00000000
226530,27.156,00000000
226540,27.391,00000000
226550,27.599,00000000
226560,27.639,00000000
226570,27.718,00000000
226580,27.584,00000000
226590,27.847,00000000
226600,28.043,00000000
226610,28.006,00000000
226620,27.865,00000000
226630,28.007,00000000
226640,28.176,00000000
226650,28.048,00000000
226660,27.986,00000000
226670,27.909,00000000
226680,27.757,00000000
226690,27.895,00000000
226700,27.576,00000000
226710,27.262,00000000
226720,27.161,00000000
226730,27.187,00000000
226740,27.482,00000000
226750,27.623,00000000
226760,27.564,00000000
226770,27.711,00000000
226780,27.742,00000000
226790,28.017,00000000
226800,28.067,00000000
226810,28.113,00000000
226820,27.904,00000000
226830,27.954,00000000
226840,28.126,00000000
226850,28.136,00000000
226860,28.056,00000000
226870,27.811,00000000
226880,27.932,00000000
226890,27.771,00000000
226900,27.508,00000000
226910,27.109,00000000
226920,27.368,00000000
226930,27.335,00000000
226940,27.450,00000000
226950,27.550,00000000
226960,27.601,00000000
226970,27.908,00000000
226980,28.089,00000000
226990,28.053,00000000
227000,27.871,00000000
227010,27.789,00000000
227020,27.988,00000000
227030,28.102,00000000
227040,28.069,00000000
227050,27.963,00000000
227060,27.834,00000000
227070,27.738,00000000
227080,27.811,00000000
227090,27.709,00000000
227100,27.317,00000000
227110,27.054,00000000
227120,27.329,00000000
227130,27.494,00000000
227140,27.602,00000000
227150,27.500,00000000
227160,27.613,00000000
227170,27.803,00000000
227180,27.954,00000000
227190,27.854,00000000
227200,28.017,00000000
227210,28.194,00000000
227220,28.164,00000000
227230,27.973,00000000
227240,27.944,00000000
227250,27.933,00000000
227260,27.976,00000000
227270,27.906,00000000
227280,27.546,00000000
227290,27.314,00000000
227300,27.258,00000000
227310,27.331,00000000
227320,27.425,00000000
227330,27.261,00000000
227340,27.542,00000000
227350,27.739,00000000
227360,27.664,00000000
227370,27.660,00000000
227380,27.943,00000000
227390,28.118,00000000
227400,28.056,00000000
227410,27.986,00000000
227420,28.190,00000000
227430,28.167,00000000
227440,28.048,00000000
227450,27.867,00000000
227460,27.806,00000000
227470,27.642,00000000
227480,27.669,00000000
227490,27.362,00000000
227500,27.085,00000000
227510,27.177,00000000
227520,27.540,00000000
227530,27.615,00000000
227540,27.670,00000000
227550,27.681,00000000
227560,27.675,00000000
227570,27.829,00000000
227580,28.165,00000000
227590,27.995,00000000
227600,28.113,00000000
227610,28.060,00000000
227620,27.954,00000000
227630,28.115,00000000
227640,27.951,00000000
227650,27.975,00000000
227660,27.783,00000000
227670,27.542,00000000
227680,27.308,00000000
227690,27.096,00000000
227700,27.302,00000000
227710,27.569,00000000
227720,27.467,00000000
227730,27.548,00000000
227740,27.713,00000000
227750,27.903,00000000
227760,28.019,00000000
227770,27.889,00000000
227780,28.039,00000000
227790,27.922,00000000
227800,28.037,00000000
227810,28.187,00000000
227820,28.164,00000000
227830,27.888,00000000
227840,27.950,00000000
227850,27.840,00000000
227860,27.775,00000000
227870,27.333,00000000
227880,27.156,00000000
227890,27.158,00000000
227900,27.443,00000000
227910,27.684,00000000
227920,27.553,00000000
227930,27.537,00000000
227940,27.891,00000000
227950,27.869,00000000
227960,27.984,00000000
227970,27.972,00000000
227980,27.994,00000000
227990,28.032,00000000
228000,27.958,00000000
228010,28.126,00000000
228020,28.087,00000000
228030,27.952,00000000
228040,27.665,00000000
228050,27.546,00000000
228060,27.433,00000000
228070,27.247,00000000
228080,27.190,00000000
228090,27.297,00000000
228100,27.462,00000000
228110,27.582,00000000
228120,27.887,00000000
228130,27.822,00000000
228140,27.746,00000000
228150,28.151,00000000
228160,28.339,00000000
228170,28.196,00000000
228180,27.928,00000000
228190,28.071,00000000
228200,28.118,00000000
228210,27.941,00000000
228220,27.922,00000000
228230,27.941,00000000
228240,27.524,00000000
228250,27.321,00000000
228260,26.978,00000000
228270,27.230,00000000
228280,27.520,00000000
228290,27.507,00000000
228300,27.577,00000000
228310,27.659,00000000
228320,27.744,00000000
228330,27.945,00000000
228340,28.065,00000000
228350,27.879,00000000
228360,27.992,00000000
228370,28.159,00000000
228380,28.133,00000000
228390,28.140,00000000
228400,27.915,00000000
228410,27.863,00000000
228420,27.846,00000000
228430,27.581,00000000
228440,27.355,00000000
228450,27.202,00000000
228460,27.114,00000000
228470,27.421,00000000
228480,27.552,00000000
228490,27.670,00000000
228500,27.615,00000000
228510,27.885,00000000
228520,27.902,00000000
228530,27.807,00000000
228540,27.956,00000000
228550,27.954,00000000
228560,28.109,00000000
228570,28.188,00000000
228580,28.013,00000000
228590,27.945,00000000
228600,28.019,00000000
228610,27.761,00000000
228620,27.671,00000000
228630,27.392,00000000
228640,27.013,00000000
228650,27.427,00000000
228660,27.364,00000000
228670,27.494,00000000
228680,27.703,00000000
228690,27.762,00000000
228700,27.837,00000000
228710,27.850,00000000
228720,27.932,00000000
228730,28.044,00000000
228740,28.019,00000000
228750,28.118,00000000
228760,27.990,00000000
228770,27.999,00000000
228780,27.914,00000000
228790,27.841,00000000
228800,27.678,00000000
228810,27.562,00000000
228820,27.137,00000000
228830,27.251,00000000
228840,27.278,00000000
228850,27.476,00000000
228860,27.511,00000000
228870,27.667,00000000
228880,27.734,00000000
228890,27.857,00000000
228900,27.924,00000000
228910,28.066,00000000
228920,28.040,00000000
228930,28.072,00000000
228940,28.065,00000000
228950,27.926,00000000
228960,27.927,00000000
228970,27.909,00000000
228980,27.724,00000000
228990,27.654,00000000
229000,27.257,00000000
229010,27.164,00000000
229020,27.154,00000000
229030,27.560,00000000
229040,27.733,00000000
229050,27.648,00000000
229060,27.633,00000000
229070,27.870,00000000
229080,28.071,00000000
229090,28.016,00000000
229100,27.897,00000000
229110,27.950,00000000
229120,28.200,00000000
229130,28.068,00000000
229140,28.027,00000000
229150,27.809,00000000
229160,27.892,00000000
229170,27.699,00000000
229180,27.200,00000000
229190,27.138,00000000
229200,27.261,00000000
229210,27.430,00000000
229220,27.488,00000000
229230,27.584,00000000
229240,27.719,00000000
229250,27.769,00000000
229260,27.788,00000000
229270,28.046,00000000
229280,27.951,00000000
229290,28.015,00000000
229300,28.129,00000000
229310,28.002,00000000
229320,28.113,00000000
229330,28.017,00000000
229340,27.816,00000000
229350,27.756,00000000
229360,27.562,00000000
229370,27.492,00000000
229380,27.006,00000000
229390,27.400,00000000
229400,27.426,00000000
229410,27.539,00000000
229420,27.615,00000000
229430,27.548,00000000
229440,27.745,00000000
229450,27.838,00000000
229460,27.993,00000000
229470,27.975,00000000
229480,27.999,00000000
229490,28.174,00000000
229500,28.069,00000000
229510,27.981,00000000
229520,28.071,00000000
229530,27.924,00000000
229540,28.024,00000000
229550,27.814,00000000
229560,27.466,00000000
229570,27.155,00000000
229580,27.396,00000000
229590,27.507,00000000
229600,27.572,00000000
229610,27.437,00000000
229620,27.610,00000000
229630,27.594,00000000
229640,27.863,00000000
229650,27.989,00000000
229660,28.027,00000000
229670,28.137,00000000
229680,28.034,00000000
229690,28.023,00000000
229700,28.194,00000000
229710,28.048,00000000
229720,27.975,00000000
229730,27.842,00000000
229740,27.632,00000000
229750,27.550,00000000
229760,27.232,00000000
229770,27.180,00000000
229780,27.398,00000000
229790,27.542,00000000
229800,27.455,00000000
229810,27.652,00000000
229820,27.711,00000000
229830,27.893,00000000
229840,27.975,00000000
229850,27.883,00000000
229860,28.132,00000000
229870,28.199,00000000
229880,28.019,00000000
229890,28.045,00000000
229900,27.936,00000000
229910,27.935,00000000
229920,27.922,00000000
229930,27.775,00000000
229940,27.493,00000000
229950,27.425,00000000
229960,27.233,00000000
229970,27.427,00000000
229980,27.460,00000000
229990,27.618,00000000
230000,27.630,00000000
230010,27.614,00000000
230020,27.735,00000000
230030,27.814,00000000
230040,28.035,00000000
230050,28.131,00000000
230060,28.049,00000000
230070,28.063,00000000
230080,28.001,00000000
230090,27.951,00000000
230100,28.049,00000000
230110,27.799,00000000
230120,27.755,00000000
230130,27.626,00000000
230140,27.304,00000000
230150,27.300,00000000
230160,27.301,00000000
230170,27.328,00000000
230180,27.621,00000000
230190,27.673,00000000
230200,27.624,00000000
230210,27.801,00000000
230220,28.002,00000000
230230,27.982,00000000
230240,28.065,00000000
230250,28.013,00000000
230260,28.112,00000000
230270,28.142,00000000
230280,28.037,00000000
230290,28.010,00000000
230300,27.885,00000000
230310,27.751,00000000
230320,27.775,00000000
230330,27.534,00000000
230340,27.071,00000000
230350,27.184,00000000
230360,27.396,00000000
230370,27.505,00000000
230380,27.536,00000000
230390,27.712,00000000
230400,27.863,00000000
230410,27.893,00000000
230420,27.947,00000000
230430,28.100,00000000
230440,28.018,00000000
230450,28.007,00000000
230460,28.132,00000000
230470,28.068,00000000
230480,27.923,00000000
230490,27.978,00000000
230500,27.626,00000000
230510,27.546,00000000
230520,27.459,00000000
230530,27.154,00000000
230540,27.314,00000000
230550,27.451,00000000
230560,27.448,00000000
230570,27.613,00000000
230580,27.840,00000000
230590,27.849,00000000
230600,27.886,00000000
230610,27.935,00000000
230620,27.936,00000000
230630,28.013,00000000
230640,28.054,00000000
230650,28.139,00000000
230660,28.051,00000000
230670,28.047,00000000
230680,27.839,00000000
230690,27.826,00000000
230700,27.575,00000000
230710,27.262,00000000
230720,27.150,00000000
230730,27.503,00000000
230740,27.462,00000000
230750,27.563,00000000
230760,27.818,00000000
230770,27.794,00000000
230780,27.850,00000000
230790,27.961,00000000
230800,27.986,00000000
230810,28.082,00000000
230820,28.015,00000000
230830,28.136,00000000
230840,28.025,00000000
230850,27.970,00000000
230860,28.210,00000000
230870,27.949,00000000
230880,27.638,00000000
230890,27.708,00000000
230900,27.487,00000000
230910,27.136,00000000
230920,27.295,00000000
230930,27.418,00000000
230940,27.592,00000000
230950,27.633,00000000
230960,27.781,00000000
230970,27.980,00000000
230980,27.834,00000000
230990,27.947,00000000
231000,27.994,00000000
231010,28.024,00000000
231020,28.031,00000000
231030,28.125,00000000
231040,28.143,00000000
231050,27.901,00000000
231060,27.887,00000000
231070,27.876,00000000
231080,27.815,00000000
231090,27.518,00000000
231100,27.150,00000000
231110,27.294,00000000
231120,27.512,00000000
231130,27.318,00000000
231140,27.404,00000000
231150,27.565,00000000
231160,27.795,00000000
231170,27.835,00000000
231180,27.872,00000000
231190,28.017,00000000
231200,27.894,00000000
231210,27.993,00000000
231220,28.025,00000000
231230,27.978,00000000
231240,28.159,00000000
231250,27.947,00000000
231260,27.793,00000000
231270,27.746,00000000
231280,27.624,00000000
231290,27.324,00000000
231300,27.182,00000000
231310,27.248,00000000
231320,27.332,00000000
231330,27.595,00000000
231340,27.618,00000000
231350,27.717,00000000
231360,27.946,00000000
231370,27.966,00000000
231380,27.894,00000000
231390,28.133,00000000
231400,27.927,00000000
231410,27.939,00000000
231420,28.142,00000000
231430,28.124,00000000
231440,28.016,00000000
231450,27.840,00000000
231460,27.938,00000000
231470,27.758,00000000
231480,27.458,00000000
231490,27.236,00000000
231500,27.270,00000000
231510,27.512,00000000
231520,27.610,00000000
231530,27.392,00000000
231540,27.683,00000000
231550,27.735,00000000
231560,27.903,00000000
231570,27.850,00000000
231580,27.931,00000000
231590,28.015,00000000
231600,28.134,00000000
231610,28.195,00000000
231620,28.155,00000000
231630,28.051,00000000
231640,27.877,00000000
231650,27.824,00000000
231660,27.741,00000000
231670,27.509,00000000
231680,27.289,00000000
231690,27.307,00000000
231700,27.338,00000000
231710,27.441,00000000
231720,27.584,00000000
231730,27.619,00000000
231740,27.807,00000000
231750,27.849,00000000
231760,27.906,00000000
231770,28.013,00000000
231780,27.983,00000000
231790,28.224,00000000
231800,28.194,00000000
231810,27.904,00000000
231820,28.032,00000000
231830,28.138,00000000
231840,28.060,00000000
231850,27.653,00000000
231860,27.517,00000000
231870,27.353,00000000
231880,27.167,00000000
231890,27.278,00000000
231900,27.438,00000000
231910,27.557,00000000
231920,27.638,00000000
231930,27.837,00000000
231940,27.744,00000000
231950,27.796,00000000
231960,28.034,00000000
231970,28.075,00000000
231980,28.107,00000000
231990,27.992,00000000
232000,28.163,00000000
232010,28.217,00000000
232020,28.075,00000000
232030,27.826,00000000
232040,27.658,00000000
232050,27.541,00000000
232060,27.559,00000000
232070,27.285,00000000
232080,27.108,00000000
232090,27.369,00000000
232100,27.684,00000000
232110,27.565,00000000
232120,27.619,00000000
232130,27.683,00000000
232140,27.787,00000000
232150,27.914,00000000
232160,28.132,00000000
232170,28.192,00000000
232180,27.978,00000000
232190,28.061,00000000
232200,28.059,00000000
232210,28.096,00000000
232220,27.935,00000000
232230,27.761,00000000
232240,27.691,00000000
232250,27.378,00000000
232260,27.121,00000000
232270,27.335,00000000
232280,27.408,00000000
232290,27.535,00000000
232300,27.592,00000000
232310,27.635,00000000
232320,27.842,00000000
232330,27.807,00000000
232340,27.970,00000000
232350,28.086,00000000
232360,27.892,00000000
232370,28.117,00000000
232380,28.231,00000000
232390,28.078,00000000
232400,27.995,00000000
232410,28.007,00000000
232420,27.927,00000000
232430,27.859,00000000
232440,27.302,00000000
232450,27.266,00000000
232460,27.304,00000000
232470,27.486,00000000
232480,27.346,00000000
232490,27.467,00000000
232500,27.654,00000000
232510,27.850,00000000
232520,27.779,00000000
232530,27.843,00000000
232540,27.884,00000000
232550,28.167,00000000
232560,28.239,00000000
232570,28.088,00000000
232580,28.041,00000000
232590,27.952,00000000
232600,28.027,00000000
232610,28.049,00000000
232620,27.823,00000000
232630,27.464,00000000
232640,27.450,00000000
232650,27.228,00000000
232660,27.272,00000000
232670,27.274,00000000
232680,27.477,00000000
232690,27.523,00000000
232700,27.825,00000000
232710,27.935,00000000
232720,27.799,00000000
232730,27.998,00000000
232740,28.074,00000000
232750,28.153,00000000
232760,28.018,00000000
232770,28.005,00000000
232780,28.064,00000000
232790,27.977,00000000
232800,27.980,00000000
232810,27.887,00000000
232820,27.721,00000000
232830,27.432,00000000
232840,27.428,00000000
232850,27.322,00000000
232860,27.426,00000000
232870,27.350,00000000
232880,27.533,00000000
232890,27.673,00000000
232900,27.887,00000000
232910,27.776,00000000
232920,27.972,00000000
232930,27.991,00000000
232940,28.047,00000000
232950,28.042,00000000
232960,28.143,00000000
232970,27.976,00000000
232980,28.063,00000000
232990,28.051,00000000
233000,27.897,00000000
233010,27.700,00000000
233020,27.586,00000000
233030,27.218,00000000
233040,27.163,00000000
233050,27.275,00000000
233060,27.456,00000000
233070,27.472,00000000
233080,27.769,00000000
233090,27.836,00000000
233100,27.734,00000000
233110,27.780,00000000
233120,27.949,00000000
233130,27.923,00000000
233140,27.930,00000000
233150,27.966,00000000
233160,28.240,00000000
233170,28.220,00000000
233180,27.956,00000000
233190,27.982,00000000
233200,27.835,00000000
233210,27.460,00000000
233220,27.346,00000000
233230,27.102,00000000
233240,27.307,00000000
233250,27.537,00000000
233260,27.633,00000000
233270,27.507,00000000
233280,27.777,00000000
233290,27.911,00000000
233300,27.865,00000000
233310,27.911,00000000
233320,27.873,00000000
233330,28.110,00000000
233340,28.094,00000000
233350,27.985,00000000
233360,28.087,00000000
233370,28.041,00000000
233380,28.008,00000000
233390,27.788,00000000
233400,27.766,00000000
233410,27.531,00000000
233420,27.208,00000000
233430,27.316,00000000
233440,27.341,00000000
233450,27.403,00000000
233460,27.487,00000000
233470,27.689,00000000
233480,27.606,00000000
233490,27.806,00000000
233500,27.820,00000000
233510,27.905,00000000
233520,28.178,00000000
233530,28.161,00000000
233540,27.980,00000000
233550,27.994,00000000
233560,28.106,00000000
233570,28.079,00000000
233580,27.713,00000000
233590,27.721,00000000
233600,27.602,00000000
233610,27.228,00000000
233620,27.093,00000000
233630,27.440,00000000
233640,27.539,00000000
233650,27.602,00000000
233660,27.725,00000000
233670,27.704,00000000
233680,27.848,00000000
233690,27.884,00000000
233700,28.032,00000000
233710,27.837,00000000
233720,28.047,00000000
233730,28.060,00000000
233740,28.138,00000000
233750,28.055,00000000
233760,28.008,00000000
233770,27.796,00000000
233780,27.793,00000000
233790,27.572,00000000
233800,27.406,00000000
233810,27.123,00000000
233820,27.272,00000000
233830,27.492,00000000
233840,27.514,00000000
233850,27.596,00000000
233860,27.624,00000000
233870,27.915,00000000
233880,27.859,00000000
233890,27.780,00000000
233900,27.916,00000000
233910,27.913,00000000
233920,28.037,00000000
233930,28.181,00000000
233940,28.230,00000000
233950,28.128,00000000
233960,27.960,00000000
233970,27.974,00000000
233980,27.628,00000000
233990,27.430,00000000
234000,27.325,00000000
234010,27.119,00000000
234020,27.248,00000000
234030,27.453,00000000
234040,27.671,00000000
234050,27.498,00000000
234060,27.795,00000000
234070,27.942,00000000
234080,27.807,00000000
234090,28.043,00000000
234100,28.014,00000000
234110,28.035,00000000
234120,28.127,00000000
234130,28.207,00000000
234140,27.995,00000000
234150,27.975,00000000
234160,27.956,00000000
234170,27.849,00000000
234180,27.650,00000000
234190,27.438,00000000
234200,27.134,00000000
234210,27.231,00000000
234220,27.351,00000000
234230,27.580,00000000
234240,27.664,00000000
234250,27.684,00000000
234260,27.751,00000000
234270,27.804,00000000
234280,27.970,00000000
234290,27.960,00000000
234300,27.997,00000000
234310,28.098,00000000
234320,28.131,00000000
234330,28.049,00000000
234340,28.256,00000000
234350,27.956,00000000
234360,28.016,00000000
234370,27.772,00000000
234380,27.433,00000000
234390,27.238,00000000
234400,27.290,00000000
234410,27.461,00000000
234420,27.590,00000000
234430,27.665,00000000
234440,27.511,00000000
234450,27.806,00000000
234460,27.967,00000000
234470,27.920,00000000
234480,27.951,00000000
234490,28.068,00000000
234500,28.000,00000000
234510,27.938,00000000
234520,27.960,00000000
234530,28.109,00000000
234540,27.955,00000000
234550,27.905,00000000
234560,27.961,00000000
234570,27.613,00000000
234580,27.224,00000000
234590,27.194,00000000
234600,27.519,00000000
234610,27.295,00000000
234620,27.437,00000000
234630,27.558,00000000
234640,27.677,00000000
234650,27.882,00000000
234660,28.043,00000000
234670,28.014,00000000
234680,28.045,00000000
234690,28.232,00000000
234700,27.986,00000000
234710,27.978,00000000
234720,28.128,00000000
234730,28.033,00000000
234740,28.114,00000000
234750,27.821,00000000
234760,27.675,00000000
234770,27.452,00000000
234780,27.173,00000000
234790,27.148,00000000
234800,27.361,00000000
234810,27.659,00000000
234820,27.605,00000000
234830,27.713,00000000
234840,27.776,00000000
234850,27.785,00000000
234860,27.987,00000000
234870,28.160,00000000
234880,28.080,00000000
234890,28.039,00000000
234900,28.091,00000000
234910,28.284,00000000
234920,27.957,00000000
234930,27.992,00000000
234940,27.920,00000000
234950,27.825,00000000
234960,27.416,00000000
234970,27.468,00000000
234980,27.231,00000000
234990,27.200,00000000
235000,27.303,00000000
235010,27.451,00000000
235020,27.699,00000000
235030,27.875,00000000
235040,27.897,00000000
235050,27.785,00000000
235060,28.032,00000000
235070,28.160,00000000
235080,27.889,00000000
235090,27.991,00000000
235100,28.175,00000000
235110,28.121,00000000
235120,28.073,00000000
235130,27.843,00000000
235140,27.814,00000000
235150,27.693,00000000
235160,27.509,00000000
235170,27.220,00000000
235180,27.165,00000000
235190,27.329,00000000
235200,27.370,00000000
235210,27.664,00000000
235220,27.690,00000000
235230,27.718,00000000
235240,27.807,00000000
235250,27.884,00000000
235260,28.049,00000000
235270,28.244,00000000
235280,28.107,00000000
235290,28.191,00000000
235300,28.162,00000000
235310,28.132,00000000
235320,28.042,00000000
235330,28.001,00000000
235340,27.633,00000000
235350,27.539,00000000
235360,27.302,00000000
235370,27.089,00000000
235380,27.393,00000000
235390,27.600,00000000
235400,27.450,00000000
235410,27.710,00000000
235420,27.602,00000000
235430,27.880,00000000
235440,27.821,00000000
235450,27.957,00000000
235460,27.977,00000000
235470,27.955,00000000
235480,28.084,00000000
235490,28.143,00000000
235500,28.238,00000000
235510,28.103,00000000
235520,28.017,00000000
235530,27.978,00000000
235540,27.919,00000000
235550,27.475,00000000
235560,27.267,00000000
235570,27.232,00000000
235580,27.422,00000000
235590,27.234,00000000
235600,27.477,00000000
235610,27.676,00000000
235620,27.645,00000000
235630,27.792,00000000
235640,28.028,00000000
235650,28.065,00000000
235660,28.010,00000000
235670,27.991,00000000
235680,27.982,00000000
235690,28.064,00000000
235700,28.138,00000000
235710,27.939,00000000
235720,27.917,00000000
235730,27.928,00000000
235740,27.596,00000000
235750,27.334,00000000
235760,27.082,00000000
235770,27.166,00000000
235780,27.252,00000000
235790,27.339,00000000
235800,27.531,00000000
235810,27.578,00000000
235820,27.838,00000000
235830,27.921,00000000
235840,27.992,00000000
235850,27.976,00000000
235860,28.011,00000000
235870,27.969,00000000
235880,27.956,00000000
235890,28.128,00000000
235900,28.056,00000000
235910,27.833,00000000
235920,27.983,00000000
235930,27.814,00000000
235940,27.607,00000000
235950,27.155,00000000
235960,27.138,00000000
235970,27.228,00000000
235980,27.453,00000000
235990,27.704,00000000
236000,27.643,00000000
236010,27.548,00000000
236020,27.707,00000000
236030,27.899,00000000
236040,28.034,00000000
236050,27.949,00000000
236060,27.922,00000000
236070,28.329,00000000
236080,28.228,00000000
236090,28.062,00000000
236100,27.923,00000000
236110,28.095,00000000
236120,27.917,00000000
236130,27.603,00000000
236140,27.437,00000000
236150,27.275,00000000
236160,27.164,00000000
236170,27.360,00000000
236180,27.337,00000000
236190,27.543,00000000
236200,27.603,00000000
236210,27.741,00000000
236220,27.751,00000000
236230,27.935,00000000
236240,27.894,00000000
236250,28.043,00000000
236260,28.189,00000000
236270,28.096,00000000
236280,28.083,00000000
236290,27.955,00000000
236300,27.917,00000000
236310,27.861,00000000
236320,27.932,00000000
236330,27.712,00000000
236340,27.380,00000000
236350,27.039,00000000
236360,27.198,00000000
236370,27.498,00000000
236380,27.500,00000000
236390,27.611,00000000
236400,27.735,00000000
236410,27.931,00000000
236420,27.974,00000000
236430,27.839,00000000
236440,28.056,00000000
236450,27.924,00000000
236460,27.902,00000000
236470,27.935,00000000
236480,27.964,00000000
236490,27.917,00000000
236500,27.899,00000000
236510,27.963,00000000
236520,27.713,00000000
236530,27.488,00000000
236540,27.274,00000000
236550,27.183,00000000
236560,27.296,00000000
236570,27.543,00000000
236580,27.535,00000000
236590,27.661,00000000
236600,27.690,00000000
236610,27.782,00000000
236620,27.774,00000000
236630,27.930,00000000
236640,28.173,00000000
236650,28.108,00000000
236660,28.055,00000000
236670,28.027,00000000
236680,28.109,00000000
236690,28.291,00000000
236700,27.997,00000000
236710,27.671,00000000
236720,27.386,00000000
236730,27.398,00000000
236740,27.235,00000000
236750,27.334,00000000
236760,27.274,00000000
236770,27.392,00000000
236780,27.439,00000000
236790,27.515,00000000
236800,27.690,00000000
236810,27.975,00000000
236820,27.840,00000000
236830,28.026,00000000
236840,27.966,00000000
236850,28.253,00000000
236860,28.140,00000000
236870,28.038,00000000
236880,27.953,00000000
236890,27.918,00000000
236900,27.963,00000000
236910,27.839,00000000
236920,27.526,00000000
236930,27.365,00000000
236940,27.095,00000000
236950,27.213,00000000
236960,27.499,00000000
236970,27.569,00000000
236980,27.454,00000000
236990,27.699,00000000
237000,27.973,00000000
237010,27.874,00000000
237020,27.942,00000000
237030,27.907,00000000
237040,28.034,00000000
237050,27.928,00000000
237060,28.154,00000000
237070,28.190,00000000
237080,28.090,00000000
237090,27.918,00000000
237100,27.906,00000000
237110,27.823,00000000
237120,27.592,00000000
237130,27.036,00000000
237140,27.195,00000000
237150,27.272,00000000
237160,27.304,00000000
237170,27.443,00000000
237180,27.725,00000000
237190,27.597,00000000
237200,27.779,00000000
237210,27.943,00000000
237220,28.064,00000000
237230,27.971,00000000
237240,27.933,00000000
237250,27.923,00000000
237260,28.031,00000000
237270,28.147,00000000
237280,28.005,00000000
237290,27.899,00000000
237300,27.754,00000000
237310,27.574,00000000
237320,27.578,00000000
237330,27.263,00000000
237340,27.115,00000000
237350,27.261,00000000
237360,27.631,00000000
237370,27.499,00000000
237380,27.612,00000000
237390,27.630,00000000
237400,27.764,00000000
237410,27.860,00000000
237420,28.123,00000000
237430,28.157,00000000
237440,27.936,00000000
237450,28.045,00000000
237460,28.006,00000000
237470,28.097,00000000
237480,28.085,00000000
237490,27.752,00000000
237500,27.748,00000000
237510,27.453,00000000
237520,27.400,00000000
237530,27.291,00000000
237540,27.220,00000000
237550,27.288,00000000
237560,27.690,00000000
237570,27.718,00000000
237580,27.593,00000000
237590,27.835,00000000
237600,28.035,00000000
237610,27.868,00000000
237620,28.030,00000000
237630,27.912,00000000
237640,27.962,00000000
237650,28.239,00000000
237660,28.100,00000000
237670,27.910,00000000
237680,27.823,00000000
237690,27.915,00000000
237700,27.639,00000000
237710,27.442,00000000
237720,27.094,00000000
237730,27.148,00000000
237740,27.255,00000000
237750,27.639,00000000
237760,27.551,00000000
237770,27.595,00000000
237780,27.690,00000000
237790,27.922,00000000
237800,27.989,00000000
237810,28.018,00000000
237820,27.980,00000000
237830,27.974,00000000
237840,28.125,00000000
237850,28.291,00000000
237860,28.139,00000000
237870,28.056,00000000
237880,27.823,00000000
237890,27.535,00000000
237900,27.399,00000000
237910,27.181,00000000
237920,27.219,00000000
237930,27.483,00000000
237940,27.539,00000000
237950,27.556,00000000
237960,27.648,00000000
237970,27.584,00000000
237980,27.677,00000000
237990,27.904,00000000
238000,27.983,00000000
238010,27.929,00000000
238020,28.064,00000000
238030,28.020,00000000
238040,28.176,00000000
238050,28.251,00000000
238060,28.105,00000000
238070,27.840,00000000
238080,27.909,00000000
238090,27.554,00000000
238100,27.252,00000000
238110,26.986,00000000
238120,27.155,00000000
238130,27.291,00000000
238140,27.559,00000000
238150,27.687,00000000
238160,27.791,00000000
238170,27.630,00000000
238180,27.932,00000000
238190,28.046,00000000
238200,28.035,00000000
238210,27.810,00000000
238220,28.059,00000000
238230,28.223,00000000
238240,28.126,00000000
238250,27.847,00000000
238260,27.906,00000000
238270,27.777,00000000
238280,27.606,00000000
238290,27.504,00000000
238300,27.331,00000000
238310,27.042,00000000
238320,27.343,00000000
238330,27.598,00000000
238340,27.629,00000000
238350,27.582,00000000
238360,27.716,00000000
238370,27.688,00000000
238380,27.935,00000000
238390,28.055,00000000
238400,27.901,00000000
238410,28.141,00000000
238420,28.209,00000000
238430,28.038,00000000
238440,27.949,00000000
238450,28.098,00000000
238460,27.838,00000000
238470,27.791,00000000
238480,27.725,00000000
238490,27.620,00000000
238500,27.128,00000000
238510,27.254,00000000
238520,27.471,00000000
238530,27.411,00000000
238540,27.477,00000000
238550,27.602,00000000
238560,27.862,00000000
238570,27.944,00000000
238580,27.917,00000000
238590,27.911,00000000
238600,27.936,00000000
238610,27.902,00000000
238620,28.068,00000000
238630,28.227,00000000
238640,28.051,00000000
238650,27.922,00000000
238660,28.071,00000000
238670,27.919,00000000
238680,27.441,00000000
238690,27.323,00000000
238700,27.218,00000000
238710,27.382,00000000
238720,27.515,00000000
238730,27.567,00000000
238740,27.613,00000000
238750,27.674,00000000
238760,27.671,00000000
238770,27.743,00000000
238780,27.947,00000000
238790,27.977,00000000
238800,28.097,00000000
238810,27.944,00000000
238820,27.973,00000000
238830,28.073,00000000
238840,28.162,00000000
238850,27.927,00000000
238860,27.875,00000000
238870,27.552,00000000
238880,27.516,00000000
238890,27.303,00000000
238900,27.151,00000000
238910,27.190,00000000
238920,27.386,00000000
238930,27.729,00000000
238940,27.697,00000000
238950,27.802,00000000
238960,27.980,00000000
238970,28.035,00000000
238980,28.036,00000000
238990,28.024,00000000
239000,27.850,00000000
239010,27.933,00000000
239020,28.096,00000000
239030,27.932,00000000
239040,27.989,00000000
239050,27.812,00000000
239060,27.877,00000000
239070,27.806,00000000
239080,27.453,00000000
239090,27.023,00000000
239100,27.328,00000000
239110,27.532,00000000
239120,27.439,00000000
239130,27.491,00000000
239140,27.657,00000000
239150,27.876,00000000
239160,27.976,00000000
239170,27.959,00000000
239180,27.819,00000000
239190,28.132,00000000
239200,28.128,00000000
239210,27.967,00000000
239220,28.051,00000000
239230,27.944,00000000
239240,28.028,00000000
239250,27.932,00000000
239260,27.604,00000000
239270,27.503,00000000
239280,27.327,00000000
239290,27.166,00000000
239300,27.389,00000000
239310,27.341,00000000
239320,27.532,00000000
239330,27.753,00000000
239340,27.829,00000000
239350,27.728,00000000
239360,28.061,00000000
239370,28.172,00000000
239380,28.067,00000000
239390,28.019,00000000
239400,28.014,00000000
239410,28.034,00000000
239420,28.177,00000000
239430,27.928,00000000
239440,27.746,00000000
239450,27.820,00000000
239460,27.820,00000000
239470,27.502,00000000
239480,27.321,00000000
239490,27.203,00000000
239500,27.409,00000000
239510,27.354,00000000
239520,27.551,00000000
239530,27.564,00000000
239540,27.686,00000000
239550,27.905,00000000
239560,28.040,00000000
239570,28.117,00000000
239580,27.946,00000000
239590,28.006,00000000
239600,28.100,00000000
239610,28.224,00000000
239620,28.220,00000000
239630,28.074,00000000
239640,27.782,00000000
239650,27.770,00000000
239660,27.580,00000000
239670,27.251,00000000
239680,27.173,00000000
239690,27.186,00000000
239700,27.380,00000000
239710,27.688,00000000
239720,27.698,00000000
239730,27.742,00000000
239740,27.689,00000000
239750,27.865,00000000
239760,28.145,00000000
239770,28.236,00000000
239780,28.003,00000000
239790,28.128,00000000
239800,27.968,00000000
239810,27.928,00000000
239820,28.126,00000000
239830,27.941,00000000
239840,27.592,00000000
239850,27.517,00000000
239860,27.396,00000000
239870,27.309,00000000
239880,27.145,00000000
239890,27.425,00000000
239900,27.620,00000000
239910,27.838,00000000
239920,27.612,00000000
239930,27.841,00000000
239940,28.012,00000000
239950,28.106,00000000
239960,27.948,00000000
239970,28.100,00000000
239980,28.105,00000000
239990,28.032,00000000
240000,27.906,00000000
240010,27.930,00000000
240020,27.757,00000000
240030,27.730,00000000
240040,27.722,00000000
240050,27.505,00000000
240060,27.185,00000000
240070,27.362,00000000
240080,27.320,00000000
240090,27.519,00000000
240100,27.782,00000000
240110,27.527,00000000
240120,27.687,00000000
240130,27.741,00000000
240140,27.965,00000000
240150,28.213,00000000
240160,28.193,00000000
240170,28.046,00000000
240180,27.941,00000000
240190,28.208,00000000
240200,28.063,00000000
240210,27.910,00000000
240220,27.934,00000000
240230,27.636,00000000
240240,27.395,00000000
240250,27.191,00000000
240260,27.267,00000000
240270,27.293,00000000
240280,27.366,00000000
240290,27.518,00000000
240300,27.754,00000000
240310,27.699,00000000
240320,27.862,00000000
240330,27.767,00000000
240340,28.040,00000000
240350,28.109,00000000
240360,28.002,00000000
240370,28.034,00000000
240380,28.017,00000000
240390,28.017,00000000
240400,28.085,00000000
240410,27.732,00000000
240420,27.774,00000000
240430,27.574,00000000
240440,27.483,00000000
240450,27.180,00000000
240460,27.326,00000000
240470,27.293,00000000
240480,27.454,00000000
240490,27.540,00000000
240500,27.754,00000000
240510,27.812,00000000
240520,27.831,00000000
240530,27.829,00000000
240540,28.087,00000000
240550,28.113,00000000
240560,27.983,00000000
240570,28.063,00000000
240580,27.934,00000000
240590,27.993,00000000
240600,28.092,00000000
240610,27.810,00000000
240620,27.728,00000000
240630,27.493,00000000
240640,27.355,00000000
240650,27.270,00000000
240660,27.188,00000000
240670,27.446,00000000
240680,27.373,00000000
240690,27.661,00000000
240700,27.903,00000000
240710,27.804,00000000
240720,27.813,00000000
240730,27.911,00000000
240740,28.123,00000000
240750,28.128,00000000
240760,28.145,00000000
240770,28.087,00000000
240780,28.066,00000000
240790,27.997,00000000
240800,27.771,00000000
240810,27.698,00000000
240820,27.668,00000000
240830,27.468,00000000
240840,27.146,00000000
240850,27.208,00000000
240860,27.301,00000000
240870,27.436,00000000
240880,27.629,00000000
240890,27.779,00000000
240900,27.796,00000000
240910,27.801,00000000
240920,27.860,00000000
240930,27.978,00000000
240940,28.047,00000000
240950,28.122,00000000
240960,28.015,00000000
240970,27.995,00000000
240980,27.925,00000000
240990,28.111,00000000
241000,27.962,00000000
241010,27.697,00000000
241020,27.474,00000000
241030,27.297,00000000
241040,27.141,00000000
241050,27.348,00000000
241060,27.573,00000000
241070,27.601,00000000
241080,27.571,00000000
241090,27.602,00000000
241100,27.669,00000000
241110,27.868,00000000
241120,28.024,00000000
241130,27.958,00000000
241140,28.066,00000000
241150,28.015,00000000
241160,28.195,00000000
241170,28.155,00000000
241180,27.929,00000000
241190,27.920,00000000
241200,27.755,00000000
241210,27.611,00000000
241220,27.631,00000000
241230,27.150,00000000
241240,27.243,00000000
241250,27.311,00000000
241260,27.487,00000000
241270,27.719,00000000
241280,27.651,00000000
241290,27.704,00000000
241300,27.774,00000000
241310,27.865,00000000
241320,28.120,00000000
241330,28.136,00000000
241340,27.952,00000000
241350,28.036,00000000
241360,28.176,00000000
241370,28.037,00000000
241380,27.948,00000000
241390,27.824,00000000
241400,27.631,00000000
241410,27.462,00000000
241420,27.397,00000000
241430,27.121,00000000
241440,27.353,00000000
241450,27.385,00000000
241460,27.515,00000000
241470,27.737,00000000
241480,27.760,00000000
241490,27.894,00000000
241500,27.966,00000000
241510,27.943,00000000
241520,28.046,00000000
241530,28.017,00000000
241540,28.031,00000000
241550,28.141,00000000
241560,28.096,00000000
241570,28.010,00000000
241580,27.827,00000000
241590,27.739,00000000
241600,27.747,00000000
241610,27.599,00000000
241620,27.145,00000000
241630,27.209,00000000
241640,27.367,00000000
241650,27.536,00000000
241660,27.555,00000000
241670,27.680,00000000
241680,27.709,00000000
241690,27.927,00000000
241700,27.944,00000000
241710,27.858,00000000
241720,27.919,00000000
241730,27.996,00000000
241740,28.325,00000000
241750,27.934,00000000
241760,28.123,00000000
241770,27.988,00000000
241780,27.709,00000000
241790,27.596,00000000
241800,27.572,00000000
241810,27.219,00000000
241820,27.377,00000000
241830,27.126,00000000
241840,27.328,00000000
241850,27.438,00000000
241860,27.625,00000000
241870,27.626,00000000
241880,27.722,00000000
241890,28.110,00000000
241900,27.992,00000000
241910,28.103,00000000
241920,28.213,00000000
241930,27.981,00000000
241940,28.092,00000000
241950,28.253,00000000
241960,28.083,00000000
241970,27.809,00000000
241980,27.931,00000000
241990,27.577,00000000
242000,27.360,00000000
242010,27.083,00000000
242020,27.219,00000000
242030,27.479,00000000
242040,27.614,00000000
242050,27.606,00000000
242060,27.511,00000000
242070,27.866,00000000
242080,27.918,00000000
242090,28.050,00000000
242100,27.878,00000000
242110,28.116,00000000
242120,28.117,00000000
242130,27.990,00000000
242140,27.973,00000000
242150,28.015,00000000
242160,27.925,00000000
242170,27.909,00000000
242180,27.878,00000000
242190,27.658,00000000
242200,27.238,00000000
242210,27.337,00000000
242220,27.353,00000000
242230,27.322,00000000
242240,27.545,00000000
242250,27.479,00000000
242260,27.608,00000000
242270,27.974,00000000
242280,27.864,00000000
242290,28.020,00000000
242300,27.874,00000000
242310,28.115,00000000
242320,28.179,00000000
242330,28.078,00000000
242340,27.965,00000000
242350,27.992,00000000
242360,27.793,00000000
242370,27.843,00000000
242380,27.776,00000000
242390,27.366,00000000
242400,27.088,00000000
242410,27.203,00000000
242420,27.538,00000000
242430,27.495,00000000
242440,27.570,00000000
242450,27.677,00000000
242460,27.762,00000000
242470,27.970,00000000
242480,27.989,00000000
242490,27.922,00000000
242500,27.932,00000000
242510,28.013,00000000
242520,28.043,00000000
242530,28.145,00000000
242540,28.102,00000000
242550,27.900,00000000
242560,27.705,00000000
242570,27.717,00000000
242580,27.536,00000000
242590,27.094,00000000
242600,27.170,00000000
242610,27.296,00000000
242620,27.642,00000000
242630,27.694,00000000
242640,27.554,00000000
242650,27.623,00000000
242660,27.748,00000000
242670,28.053,00000000
242680,28.009,00000000
242690,28.007,00000000
242700,27.955,00000000
242710,28.304,00000000
242720,28.077,00000000
242730,27.904,00000000
242740,27.907,00000000
242750,27.754,00000000
242760,27.546,00000000
242770,27.503,00000000
242780,27.211,00000000
242790,27.339,00000000
242800,27.265,00000000
242810,27.505,00000000
242820,27.725,00000000
242830,27.665,00000000
242840,27.644,00000000
242850,27.822,00000000
242860,27.908,00000000
242870,28.082,00000000
242880,28.174,00000000
242890,27.955,00000000
242900,27.942,00000000
242910,28.086,00000000
242920,28.002,00000000
242930,28.004,00000000
242940,27.847,00000000
242950,27.647,00000000
242960,27.485,00000000
242970,27.155,00000000
242980,27.339,00000000
242990,27.425,00000000
243000,27.442,00000000
243010,27.609,00000000
243020,27.781,00000000
243030,27.779,00000000
243040,27.913,00000000
243050,27.835,00000000
243060,27.852,00000000
243070,27.911,00000000
243080,28.087,00000000
243090,28.338,00000000
243100,28.084,00000000
243110,28.078,00000000
243120,28.183,00000000
243130,28.001,00000000
243140,27.769,00000000
243150,27.404,00000000
243160,27.249,00000000
243170,27.193,00000000
243180,27.363,00000000
243190,27.346,00000000
243200,27.446,00000000
243210,591.685,X0000000
243220,379.659,10000000
243230,213.779,10000000
243240,151.413,10000000
243250,128.846,10000000
243260,119.430,10000000
243270,877.148,10000000
243280,391.804,10000000
243290,217.865,10000000
243300,152.769,10000000
243310,128.652,10000000
243320,120.182,10000000
243330,117.393,10000000
243340,115.995,10000000
243350,115.216,10000000
243360,114.469,10000000
243370,113.217,10000000
243380,112.005,10000000
243390,112.608,10000000
243400,112.336,10000000
243410,112.804,10000000
243420,112.718,10000000
243430,113.308,10000000
243440,113.455,10000000
243450,113.448,10000000
243460,113.641,10000000
243470,114.221,10000000
243480,113.974,10000000
243490,114.548,10000000
243500,114.897,10000000
243510,115.072,10000000
243520,114.705,10000000
243530,115.270,10000000
243540,115.538,10000000
243550,115.793,10000000
243560,114.739,10000000
243570,113.801,10000000
243580,112.533,10000000
243590,112.918,10000000
243600,112.373,10000000
243610,112.840,10000000
243620,113.075,10000000
243630,113.450,10000000
243640,113.595,10000000
243650,113.848,10000000
243660,114.042,10000000
243670,114.726,10000000
243680,114.334,10000000
243690,114.995,10000000
243700,114.841,10000000
243710,115.247,10000000
243720,115.097,10000000
243730,115.532,10000000
243740,115.762,10000000
243750,116.047,10000000
243760,115.422,10000000
243770,114.771,10000000
243780,112.374,10000000
243790,112.674,10000000
243800,112.926,10000000
243810,113.425,10000000
243820,113.378,10000000
243830,113.468,10000000
243840,113.301,10000000
243850,113.834,10000000
243860,114.099,10000000
243870,114.516,10000000
243880,114.063,10000000
243890,114.708,10000000
243900,115.328,10000000
243910,115.327,10000000
243920,115.224,10000000
243930,115.647,10000000
243940,115.513,10000000
243950,115.855,10000000
243960,115.897,10000000
243970,115.049,10000000
243980,112.600,10000000
243990,113.081,10000000
244000,113.138,10000000
244010,113.295,10000000
244020,113.163,10000000
244030,113.249,10000000
244040,113.789,10000000
244050,113.872,10000000
244060,114.210,10000000
244070,114.812,10000000
244080,114.734,10000000
244090,114.773,10000000
244100,115.156,10000000
244110,115.523,10000000
244120,115.132,10000000
244130,115.400,10000000
244140,115.675,10000000
244150,116.069,10000000
244160,115.857,10000000
244170,115.537,10000000
244180,114.022,10000000
244190,112.720,10000000
244200,112.869,10000000
244210,113.166,10000000
244220,113.393,10000000
244230,113.643,10000000
244240,113.841,10000000
244250,113.749,10000000
244260,113.803,10000000
244270,114.336,10000000
244280,519.193,10000000
244290,260.949,10000000
244300,168.228,10000000
244310,133.879,10000000
244320,120.740,10000000
244330,116.314,10000000
244340,114.970,10000000
244350,114.274,10000000
244360,114.286,10000000
244370,114.660,10000000
244380,114.866,10000000
244390,114.679,10000000
244400,114.856,10000000
244410,115.120,10000000
244420,115.643,10000000
244430,115.509,10000000
244440,115.489,10000000
244450,115.839,10000000
244460,115.295,10000000
244470,113.638,10000000
244480,112.551,10000000
244490,113.042,10000000
244500,112.873,10000000
244510,113.480,10000000
244520,113.618,10000000
244530,113.715,10000000
244540,113.946,10000000
244550,114.327,10000000
244560,114.358,10000000
244570,114.307,10000000
244580,114.435,10000000
244590,114.817,10000000
244600,115.130,10000000
244610,115.388,10000000
244620,115.155,10000000
244630,115.701,10000000
244640,116.046,10000000
244650,116.057,10000000
244660,115.518,10000000
244670,114.214,10000000
244680,112.881,10000000
244690,113.182,10000000
244700,113.236,10000000
244710,113.416,10000000
244720,113.111,10000000
244730,113.752,10000000
244740,113.929,10000000
244750,114.118,10000000
244760,114.279,10000000
244770,114.274,10000000
244780,114.431,10000000
244790,115.092,10000000
244800,114.837,10000000
244810,115.069,10000000
244820,115.461,10000000
244830,115.806,10000000
244840,115.629,10000000
244850,115.997,10000000
244860,115.912,10000000
244870,114.413,10000000
244880,112.547,10000000
244890,113.088,10000000
244900,113.352,10000000
244910,113.222,10000000
244920,113.296,10000000
244930,113.487,10000000
244940,113.608,10000000
244950,114.103,10000000
244960,114.080,10000000
244970,114.450,10000000
244980,114.589,10000000
244990,114.972,10000000
245000,115.094,10000000
245010,115.245,10000000
245020,115.545,10000000
245030,116.070,10000000
245040,115.565,10000000
245050,116.059,10000000
245060,115.471,10000000
245070,115.279,10000000
245080,112.896,10000000
245090,113.062,10000000
245100,113.441,10000000
245110,112.851,10000000
245120,113.442,10000000
245130,113.434,10000000
245140,113.610,10000000
245150,113.888,10000000
245160,114.305,10000000
245170,114.560,10000000
245180,114.303,10000000
245190,114.780,10000000
245200,114.898,10000000
245210,115.133,10000000
245220,115.282,10000000
245230,115.956,10000000
245240,115.342,10000000
245250,115.787,10000000
245260,115.767,10000000
245270,115.175,10000000
245280,234.868,10000000
245290,420.989,10000000
245300,229.629,10000000
245310,158.131,10000000
245320,130.579,10000000
245330,120.175,10000000
245340,114.785,10000000
245350,113.724,10000000
245360,113.448,10000000
245370,113.840,10000000
245380,112.980,10000000
245390,113.595,10000000
245400,113.827,10000000
245410,114.430,10000000
245420,114.597,10000000
245430,114.738,10000000
245440,115.087,10000000
245450,114.854,10000000
245460,114.652,10000000
245470,115.051,10000000
245480,115.546,10000000
245490,115.847,10000000
245500,116.079,10000000
245510,115.887,10000000
245520,115.543,10000000
245530,114.357,10000000
245540,112.599,10000000
245550,113.064,10000000
245560,112.965,10000000
245570,113.278,10000000
245580,113.207,10000000
245590,113.572,10000000
245600,113.628,10000000
245610,113.911,10000000
245620,114.237,10000000
245630,114.841,10000000
245640,114.517,10000000
245650,115.208,10000000
245660,115.059,10000000
245670,115.653,10000000
245680,115.475,10000000
245690,116.020,10000000
245700,116.212,10000000
245710,116.158,10000000
245720,115.760,10000000
245730,114.814,10000000
245740,112.782,10000000
245750,113.468,10000000
245760,112.913,10000000
245770,113.279,10000000
245780,113.799,10000000
245790,113.747,10000000
245800,113.857,10000000
245810,114.242,10000000
245820,114.311,10000000
245830,114.420,10000000
245840,114.294,10000000
245850,115.125,10000000
245860,115.333,10000000
245870,115.364,10000000
245880,115.147,10000000
245890,115.820,10000000
245900,116.236,10000000
245910,115.999,10000000
245920,115.876,10000000
245930,115.596,10000000
245940,114.139,10000000
245950,113.327,10000000
245960,113.220,10000000
245970,113.068,10000000
245980,113.347,10000000
245990,113.993,10000000
246000,113.838,10000000
246010,113.515,10000000
246020,113.857,10000000
246030,113.864,10000000
246040,114.083,10000000
246050,114.637,10000000
246060,114.611,10000000
246070,115.206,10000000
246080,114.971,10000000
246090,115.396,10000000
246100,115.828,10000000
246110,116.121,10000000
246120,115.793,10000000
246130,116.085,10000000
246140,114.771,10000000
246150,113.208,10000000
246160,112.932,10000000
246170,113.317,10000000
246180,113.030,10000000
246190,113.687,10000000
246200,113.511,10000000
246210,113.875,10000000
246220,114.111,10000000
246230,114.043,10000000
246240,114.333,10000000
246250,114.780,10000000
246260,114.628,10000000
246270,115.351,X0000000
246280,56.433,00000000
246290,38.070,00000000
246300,31.008,00000000
246310,28.718,00000000
246320,28.055,00000000
246330,27.833,00000000
246340,27.506,00000000
246350,27.727,00000000
246360,27.900,00000000
246370,27.854,00000000
246380,27.925,00000000
246390,27.966,00000000
246400,28.099,00000000
246410,27.953,00000000
246420,28.141,00000000
246430,28.231,00000000
246440,27.884,00000000
246450,27.949,00000000
246460,27.981,00000000
246470,27.924,00000000
246480,27.460,00000000
246490,27.090,00000000
246500,27.244,00000000
246510,27.181,00000000
246520,27.536,00000000
246530,27.609,00000000
246540,27.618,00000000
246550,27.776,00000000
246560,27.931,00000000
246570,27.856,00000000
246580,27.852,00000000
246590,28.121,00000000
246600,28.036,00000000
246610,28.061,00000000
246620,28.195,00000000
246630,27.973,00000000
246640,27.949,00000000
246650,27.780,00000000
246660,27.744,00000000
246670,27.573,00000000
246680,27.420,00000000
246690,27.272,00000000
246700,27.239,00000000
246710,27.439,00000000
246720,27.439,00000000
246730,27.649,00000000
246740,27.797,00000000
246750,27.879,00000000
246760,27.896,00000000
246770,28.000,00000000
246780,27.980,00000000
246790,28.058,00000000
246800,28.156,00000000
246810,28.193,00000000
246820,28.065,00000000
246830,27.951,00000000
246840,27.896,00000000
246850,27.672,00000000
246860,27.597,00000000
246870,27.475,00000000
246880,27.227,00000000
246890,27.315,00000000
246900,27.628,00000000
246910,27.647,00000000
246920,27.539,00000000
246930,27.824,00000000
246940,27.821,00000000
246950,27.935,00000000
246960,28.019,00000000
246970,27.880,00000000
246980,28.153,00000000
246990,28.164,00000000
247000,27.954,00000000
247010,28.061,00000000
247020,27.961,00000000
247030,27.890,00000000
247040,27.819,00000000
247050,27.569,00000000
247060,27.261,00000000
247070,27.142,00000000
247080,27.476,00000000
247090,27.517,00000000
247100,27.473,00000000
247110,27.567,00000000
247120,27.718,00000000
247130,27.931,00000000
247140,28.044,00000000
247150,28.004,00000000
247160,27.864,00000000
247170,27.981,00000000
247180,28.150,00000000
247190,27.973,00000000
247200,28.031,00000000
247210,28.105,00000000
247220,28.081,00000000
247230,27.941,00000000
247240,27.719,00000000
247250,27.474,00000000
247260,27.233,00000000
247270,27.321,00000000
247280,27.333,00000000
247290,27.489,00000000
247300,27.449,00000000
247310,27.634,00000000
247320,27.781,00000000
247330,27.894,00000000
247340,28.013,00000000
247350,27.921,00000000
247360,28.003,00000000
247370,28.031,00000000
247380,28.105,00000000
247390,28.169,00000000
247400,28.125,00000000
247410,27.951,00000000
247420,27.922,00000000
247430,27.645,00000000
247440,27.399,00000000
247450,27.150,00000000
247460,27.356,00000000
247470,27.287,00000000
247480,27.448,00000000
247490,27.458,00000000
247500,27.636,00000000
247510,27.858,00000000
247520,27.934,00000000
247530,27.822,00000000
247540,27.908,00000000
247550,27.962,00000000
247560,28.199,00000000
247570,28.157,00000000
247580,28.174,00000000
247590,27.913,00000000
247600,28.089,00000000
247610,27.849,00000000
247620,27.675,00000000
247630,27.527,00000000
247640,27.177,00000000
247650,27.214,00000000
247660,27.420,00000000
247670,27.483,00000000
247680,27.494,00000000
247690,27.629,00000000
247700,27.697,00000000
247710,27.817,00000000
247720,28.085,00000000
247730,28.052,00000000
247740,27.995,00000000
247750,27.979,00000000
247760,27.909,00000000
247770,27.984,00000000
247780,28.129,00000000
247790,28.052,00000000
247800,27.823,00000000
247810,27.735,00000000
247820,27.791,00000000
247830,27.422,00000000
247840,27.193,00000000
247850,27.180,00000000
247860,27.467,00000000
247870,27.370,00000000
247880,27.594,00000000
247890,27.848,00000000
247900,27.930,00000000
247910,27.703,00000000
247920,28.033,00000000
247930,28.100,00000000
247940,28.158,00000000
247950,28.107,00000000
247960,28.042,00000000
247970,28.074,00000000
247980,28.085,00000000
247990,28.159,00000000
248000,27.760,00000000
248010,27.487,00000000
248020,27.345,00000000
248030,27.198,00000000
248040,27.191,00000000
248050,27.263,00000000
248060,27.519,00000000
248070,27.533,00000000
248080,27.654,00000000
248090,27.675,00000000
248100,27.767,00000000
248110,28.106,00000000
248120,28.003,00000000
248130,28.033,00000000
248140,28.059,00000000
248150,28.097,00000000
248160,28.029,00000000
248170,28.002,00000000
248180,28.080,00000000
248190,27.956,00000000
248200,27.623,00000000
248210,27.560,00000000
248220,27.521,00000000
248230,27.212,00000000
248240,27.358,00000000
248250,27.451,00000000
248260,27.410,00000000
248270,27.528,00000000
248280,27.773,00000000
248290,27.817,00000000
248300,27.834,00000000
248310,27.955,00000000
248320,28.155,00000000
248330,28.169,00000000
248340,28.163,00000000
248350,27.993,00000000
248360,27.944,00000000
248370,28.046,00000000
248380,28.023,00000000
248390,27.652,00000000
248400,27.571,00000000
248410,27.563,00000000
248420,27.322,00000000
248430,27.343,00000000
248440,27.367,00000000
248450,27.444,00000000
248460,27.526,00000000
248470,27.663,00000000
248480,27.847,00000000
248490,27.856,00000000
248500,27.860,00000000
248510,27.891,00000000
248520,27.997,00000000
248530,28.145,00000000
248540,28.115,00000000
248550,28.078,00000000
248560,28.013,00000000
248570,27.945,00000000
248580,27.780,00000000
248590,27.693,00000000
248600,27.664,00000000
248610,27.167,00000000
248620,27.206,00000000
248630,27.501,00000000
248640,27.477,00000000
248650,27.672,00000000
248660,27.745,00000000
248670,27.766,00000000
248680,27.904,00000000
248690,27.859,00000000
248700,27.890,00000000
248710,28.153,00000000
248720,28.114,00000000
248730,28.000,00000000
248740,28.060,00000000
248750,28.051,00000000
248760,28.069,00000000
248770,27.859,00000000
248780,27.744,00000000
248790,27.520,00000000
248800,27.340,00000000
248810,27.086,00000000
248820,27.242,00000000
248830,27.527,00000000
248840,27.527,00000000
248850,27.612,00000000
248860,27.728,00000000
248870,27.718,00000000
248880,27.985,00000000
248890,28.193,00000000
248900,28.168,00000000
248910,28.008,00000000
248920,28.160,00000000
248930,28.262,00000000
248940,28.019,00000000
248950,27.770,00000000
248960,27.807,00000000
248970,27.870,00000000
248980,27.850,00000000
248990,27.432,00000000
249000,27.121,00000000
249010,27.146,00000000
249020,27.286,00000000
249030,27.432,00000000
249040,27.608,00000000
249050,27.775,00000000
249060,27.793,00000000
249070,27.772,00000000
249080,27.849,00000000
249090,27.963,00000000
249100,28.162,00000000
249110,28.142,00000000
249120,27.952,00000000
249130,28.010,00000000
249140,27.956,00000000
249150,28.030,00000000
249160,27.978,00000000
249170,27.842,00000000
249180,27.504,00000000
249190,27.372,00000000
249200,27.146,00000000
249210,27.296,00000000
249220,27.515,00000000
249230,27.643,00000000
249240,27.620,00000000
249250,27.641,00000000
249260,27.672,00000000
249270,27.985,00000000
249280,28.218,00000000
249290,27.986,00000000
249300,27.983,00000000
249310,28.010,00000000
249320,28.163,00000000
249330,28.088,00000000
249340,28.062,00000000
249350,27.776,00000000
249360,27.822,00000000
249370,27.494,00000000
249380,27.354,00000000
249390,27.341,00000000
249400,27.192,00000000
249410,27.452,00000000
249420,27.717,00000000
249430,27.653,00000000
249440,27.716,00000000
249450,27.821,00000000
249460,27.759,00000000
249470,27.846,00000000
249480,28.087,00000000
249490,28.167,00000000
249500,28.020,00000000
249510,28.134,00000000
249520,28.018,00000000
249530,27.962,00000000
249540,28.090,00000000
249550,27.873,00000000
249560,27.661,00000000
249570,27.350,00000000
249580,27.226,00000000
249590,27.155,00000000
249600,27.238,00000000
249610,27.618,00000000
249620,27.574,00000000
249630,27.611,00000000
249640,27.711,00000000
249650,27.920,00000000
249660,28.108,00000000
249670,27.926,00000000
249680,27.992,00000000
249690,27.999,00000000
249700,28.175,00000000
249710,28.225,00000000
249720,28.054,00000000
249730,28.007,00000000
249740,27.793,00000000
249750,27.831,00000000
249760,27.597,00000000
249770,27.484,00000000
249780,27.165,00000000
249790,27.239,00000000
249800,27.308,00000000
249810,27.614,00000000
249820,27.693,00000000
249830,27.705,00000000
249840,27.923,00000000
249850,27.805,00000000
249860,28.020,00000000
249870,28.171,00000000
249880,28.038,00000000
249890,28.000,00000000
249900,28.133,00000000
249910,28.020,00000000
249920,28.130,00000000
249930,28.068,00000000
249940,27.721,00000000
249950,27.535,00000000
249960,27.272,00000000
249970,27.298,00000000
249980,27.472,00000000
249990,27.356,00000000
250000,27.378,00000000
250010,27.549,00000000
250020,27.662,00000000
250030,27.929,00000000
250040,28.038,00000000
250050,28.037,00000000
250060,27.932,00000000
250070,28.147,00000000
250080,28.060,00000000
250090,27.936,00000000
250100,28.004,00000000
250110,27.976,00000000
250120,27.901,00000000
250130,27.923,00000000
250140,27.804,00000000
250150,27.481,00000000
250160,27.165,00000000
250170,27.338,00000000
250180,27.381,00000000
250190,27.499,00000000
250200,27.832,00000000
250210,27.889,00000000
250220,27.687,00000000
250230,27.993,00000000
250240,27.856,00000000
250250,27.828,00000000
250260,27.923,00000000
250270,27.974,00000000
250280,28.032,00000000
250290,28.097,00000000
250300,28.149,00000000
250310,27.956,00000000
250320,27.817,00000000
250330,27.661,00000000
250340,27.443,00000000
250350,27.493,00000000
250360,27.301,00000000
250370,27.254,00000000
250380,27.310,00000000
250390,27.534,00000000
250400,27.697,00000000
250410,28.028,00000000
250420,28.001,00000000
250430,27.831,00000000
250440,27.905,00000000
250450,28.129,00000000
250460,28.022,00000000
250470,27.941,00000000
250480,27.867,00000000
250490,28.057,00000000
250500,28.038,00000000
250510,27.979,00000000
250520,27.839,00000000
250530,27.540,00000000
250540,27.360,00000000
250550,27.119,00000000
250560,27.317,00000000
250570,27.339,00000000
250580,27.534,00000000
250590,27.622,00000000
250600,27.707,00000000
250610,27.840,00000000
250620,27.809,00000000
250630,27.933,00000000
250640,28.079,00000000
250650,28.183,00000000
250660,28.105,00000000
250670,28.042,00000000
250680,27.983,00000000
250690,27.976,00000000
250700,28.042,00000000
250710,27.862,00000000
250720,27.728,00000000
250730,27.487,00000000
250740,27.269,00000000
250750,27.197,00000000
250760,27.379,00000000
250770,27.385,00000000
250780,27.670,00000000
250790,27.532,00000000
250800,27.680,00000000
250810,27.741,00000000
250820,27.911,00000000
250830,27.977,00000000
250840,28.161,00000000
250850,28.037,00000000
250860,28.011,00000000
250870,27.978,00000000
250880,27.944,00000000
250890,28.191,00000000
250900,27.987,00000000
250910,27.792,00000000
250920,27.567,00000000
250930,27.282,00000000
250940,27.380,00000000
250950,27.507,00000000
250960,27.645,00000000
250970,27.430,00000000
250980,27.594,00000000
250990,27.853,00000000
251000,27.815,00000000
251010,27.988,00000000
251020,27.937,00000000
251030,27.910,00000000
251040,28.022,00000000
251050,28.153,00000000
251060,28.086,00000000
251070,28.035,00000000
251080,27.904,00000000
251090,27.927,00000000
251100,27.742,00000000
251110,27.485,00000000
251120,27.445,00000000
251130,27.104,00000000
251140,27.412,00000000
251150,27.386,00000000
251160,27.620,00000000
251170,27.729,00000000
251180,27.687,00000000
251190,27.898,00000000
251200,27.883,00000000
251210,28.077,00000000
251220,28.263,00000000
251230,28.202,00000000
251240,28.039,00000000
251250,27.831,00000000
251260,28.101,00000000
251270,28.043,00000000
251280,28.013,00000000
251290,27.879,00000000
251300,27.594,00000000
251310,27.384,00000000
251320,27.042,00000000
251330,27.167,00000000
251340,27.394,00000000
251350,27.592,00000000
251360,27.559,00000000
251370,27.860,00000000
251380,27.921,00000000
251390,27.924,00000000
251400,27.921,00000000
251410,27.828,00000000
251420,27.969,00000000
251430,28.013,00000000
251440,28.017,00000000
251450,28.052,00000000
251460,27.989,00000000
251470,27.992,00000000
251480,27.933,00000000
251490,27.783,00000000
251500,27.529,00000000
251510,27.200,00000000
251520,27.125,00000000
251530,27.220,00000000
251540,27.489,00000000
251550,27.480,00000000
251560,27.620,00000000
251570,27.690,00000000
251580,27.928,00000000
251590,28.023,00000000
251600,28.002,00000000
251610,27.924,00000000
251620,28.122,00000000
251630,28.056,00000000
251640,28.008,00000000
251650,28.124,00000000
251660,27.965,00000000
251670,28.008,00000000
251680,27.838,00000000
251690,27.541,00000000
251700,27.280,00000000
251710,27.087,00000000
251720,27.320,00000000
251730,27.534,00000000
251740,27.510,00000000
251750,27.506,00000000
251760,27.667,00000000
251770,27.947,00000000
251780,27.869,00000000
251790,28.089,00000000
251800,28.018,00000000
251810,28.049,00000000
251820,27.958,00000000
251830,28.051,00000000
251840,28.236,00000000
251850,28.013,00000000
251860,27.854,00000000
251870,27.697,00000000
251880,27.777,00000000
251890,27.421,00000000
251900,27.091,00000000
251910,27.197,00000000
251920,27.381,00000000
251930,27.414,00000000
251940,27.713,00000000
251950,27.723,00000000
251960,27.797,00000000
251970,28.025,00000000
251980,28.086,00000000
251990,28.079,00000000
252000,27.933,00000000
252010,27.972,00000000
252020,28.000,00000000
252030,28.106,00000000
252040,28.019,00000000
252050,27.918,00000000
252060,27.929,00000000
252070,27.592,00000000
252080,27.431,00000000
252090,27.252,00000000
252100,27.299,00000000
252110,27.315,00000000
252120,27.506,00000000
252130,27.480,00000000
252140,27.747,00000000
252150,27.813,00000000
252160,27.723,00000000
252170,27.827,00000000
252180,28.146,00000000
252190,28.091,00000000
252200,28.083,00000000
252210,27.967,00000000
252220,28.045,00000000
252230,28.029,00000000
252240,28.141,00000000
252250,28.062,00000000
252260,27.774,00000000
252270,27.534,00000000
252280,27.386,00000000
252290,27.406,00000000
252300,27.427,00000000
252310,27.462,00000000
252320,27.340,00000000
252330,27.411,00000000
252340,27.748,00000000
252350,27.738,00000000
252360,27.931,00000000
252370,27.831,00000000
252380,27.997,00000000
252390,28.200,00000000
252400,28.069,00000000
252410,27.985,00000000
252420,28.021,00000000
252430,28.014,00000000
252440,28.142,00000000
252450,27.940,00000000
252460,27.607,00000000
252470,27.493,00000000
252480,27.138,00000000
252490,27.286,00000000
252500,27.572,00000000
252510,27.580,00000000
252520,27.416,00000000
252530,27.719,00000000
252540,27.911,00000000
252550,27.866,00000000
252560,27.861,00000000
252570,27.905,00000000
252580,28.103,00000000
252590,28.300,00000000
252600,28.299,00000000
252610,28.203,00000000
252620,27.970,00000000
252630,27.947,00000000
252640,28.000,00000000
252650,27.655,00000000
252660,27.436,00000000
252670,27.215,00000000
252680,27.127,00000000
252690,27.257,00000000
252700,27.524,00000000
252710,27.596,00000000
252720,27.669,00000000
252730,27.783,00000000
252740,27.779,00000000
252750,27.908,00000000
252760,27.993,00000000
252770,28.153,00000000
252780,28.081,00000000
252790,28.003,00000000
252800,27.953,00000000
252810,28.055,00000000
252820,28.212,00000000
252830,28.006,00000000
252840,27.718,00000000
252850,27.508,00000000
252860,27.451,00000000
252870,27.343,00000000
252880,27.249,00000000
252890,27.274,00000000
252900,27.465,00000000
252910,27.744,00000000
252920,27.847,00000000
252930,27.705,00000000
252940,27.739,00000000
252950,27.996,00000000
252960,28.057,00000000
252970,28.103,00000000
252980,27.943,00000000
252990,28.199,00000000
253000,28.228,00000000
253010,28.104,00000000
253020,27.845,00000000
253030,27.726,00000000
253040,27.542,00000000
253050,27.382,00000000
253060,27.286,00000000
253070,27.346,00000000
253080,27.264,00000000
253090,27.622,00000000
253100,27.660,00000000
253110,27.690,00000000
253120,27.651,00000000
253130,27.723,00000000
253140,27.856,00000000
253150,28.005,00000000
253160,28.259,00000000
253170,28.177,00000000
253180,27.921,00000000
253190,28.017,00000000
253200,28.220,00000000
253210,27.909,00000000
253220,27.741,00000000
253230,27.657,00000000
253240,27.687,00000000
253250,27.372,00000000
253260,27.065,00000000
253270,27.182,00000000
253280,27.305,00000000
253290,27.469,00000000
253300,27.798,00000000
253310,27.665,00000000
253320,27.785,00000000
253330,27.857,00000000
253340,27.899,00000000
253350,28.148,00000000
253360,28.067,00000000
253370,28.153,00000000
253380,27.967,00000000
253390,28.138,00000000
253400,28.121,00000000
253410,27.923,00000000
253420,27.718,00000000
253430,27.609,00000000
253440,27.423,00000000
253450,27.250,00000000
253460,27.332,00000000
253470,27.397,00000000
253480,27.385,00000000
253490,27.549,00000000
253500,27.623,00000000
253510,27.864,00000000
253520,27.978,00000000
253530,27.922,00000000
253540,27.919,00000000
253550,27.979,00000000
253560,28.103,00000000
253570,28.194,00000000
253580,28.149,00000000
253590,27.900,00000000
253600,27.909,00000000
253610,27.829,00000000
253620,27.856,00000000
253630,27.521,00000000
253640,27.202,00000000
253650,27.157,00000000
253660,27.463,00000000
253670,27.529,00000000
253680,27.556,00000000
253690,27.559,00000000
253700,27.704,00000000
253710,27.790,00000000
253720,28.110,00000000
253730,27.958,00000000
253740,28.022,00000000
253750,28.022,00000000
253760,28.038,00000000
253770,28.147,00000000
253780,28.043,00000000
253790,27.935,00000000
253800,28.069,00000000
253810,27.743,00000000
253820,27.588,00000000
253830,27.555,00000000
253840,27.357,00000000
253850,27.170,00000000
253860,27.354,00000000
253870,27.504,00000000
253880,27.681,00000000
253890,27.820,00000000
253900,27.781,00000000
253910,27.862,00000000
253920,27.884,00000000
253930,28.051,00000000
253940,28.117,00000000
253950,28.000,00000000
253960,27.963,00000000
253970,27.985,00000000
253980,27.955,00000000
253990,28.137,00000000
254000,27.856,00000000
254010,27.591,00000000
254020,27.423,00000000
254030,27.094,00000000
254040,27.274,00000000
254050,27.518,00000000
254060,27.424,00000000
254070,27.444,00000000
254080,27.842,00000000
254090,27.980,00000000
254100,28.003,00000000
254110,27.861,00000000
254120,28.056,00000000
254130,28.189,00000000
254140,28.064,00000000
254150,27.913,00000000
254160,27.909,00000000
254170,27.953,00000000
254180,27.922,00000000
254190,27.862,00000000
254200,27.577,00000000
254210,27.362,00000000
254220,27.239,00000000
254230,27.388,00000000
254240,27.496,00000000
254250,27.431,00000000
254260,27.482,00000000
254270,27.603,00000000
254280,27.699,00000000
254290,28.004,00000000
254300,28.045,00000000
254310,27.839,00000000
254320,28.073,00000000
254330,28.275,00000000
254340,28.083,00000000
254350,27.994,00000000
254360,28.002,00000000
254370,27.886,00000000
254380,27.748,00000000
254390,27.818,00000000
254400,27.661,00000000
254410,27.212,00000000
254420,27.291,00000000
254430,27.387,00000000
254440,27.411,00000000
254450,27.501,00000000
254460,27.528,00000000
254470,27.667,00000000
254480,27.983,00000000
254490,28.088,00000000
254500,27.873,00000000
254510,27.842,00000000
254520,28.059,00000000
254530,28.106,00000000
254540,28.059,00000000
254550,27.883,00000000
254560,28.040,00000000
254570,27.820,00000000
254580,27.839,00000000
254590,27.743,00000000
254600,27.173,00000000
254610,27.088,00000000
254620,27.448,00000000
254630,27.426,00000000
254640,27.466,00000000
254650,27.565,00000000
254660,27.657,00000000
254670,27.705,00000000
254680,27.845,00000000
254690,28.066,00000000
254700,28.149,00000000
254710,27.935,00000000
254720,28.260,00000000
254730,28.069,00000000
254740,28.046,00000000
254750,27.966,00000000
254760,27.817,00000000
254770,27.656,00000000
254780,27.495,00000000
254790,27.477,00000000
254800,27.206,00000000
254810,27.169,00000000
254820,27.371,00000000
254830,27.652,00000000
254840,27.672,00000000
254850,27.556,00000000
254860,27.802,00000000
254870,27.901,00000000
254880,28.094,00000000
254890,28.047,00000000
254900,27.921,00000000
254910,28.014,00000000
254920,28.038,00000000
254930,28.267,00000000
254940,28.151,00000000
254950,27.821,00000000
254960,27.890,00000000
254970,27.721,00000000
254980,27.465,00000000
254990,27.150,00000000
255000,27.373,00000000
255010,27.255,00000000
255020,27.415,00000000
255030,27.844,00000000
255040,27.959,00000000
255050,27.850,00000000
255060,28.075,00000000
255070,28.074,00000000
255080,27.907,00000000
255090,27.926,00000000
255100,28.070,00000000
255110,28.230,00000000
255120,27.974,00000000
255130,28.063,00000000
255140,27.995,00000000
255150,27.624,00000000
255160,27.474,00000000
255170,27.348,00000000
255180,27.342,00000000
255190,27.334,00000000
255200,27.280,00000000
255210,27.404,00000000
255220,27.492,00000000
255230,27.881,00000000
255240,27.863,00000000
255250,27.930,00000000
255260,27.887,00000000
255270,27.919,00000000
255280,27.955,00000000
255290,28.243,00000000
255300,28.153,00000000
255310,27.945,00000000
255320,27.932,00000000
255330,28.179,00000000
255340,28.041,00000000
255350,27.699,00000000
255360,27.333,00000000
255370,27.265,00000000
255380,27.444,00000000
255390,27.451,00000000
255400,27.241,00000000
255410,27.462,00000000
255420,27.653,00000000
255430,28.005,00000000
255440,28.004,00000000
255450,27.894,00000000
255460,27.952,00000000
255470,28.009,00000000
255480,28.118,00000000
255490,28.143,00000000
255500,28.064,00000000
255510,28.008,00000000
255520,27.895,00000000
255530,27.862,00000000
255540,27.589,00000000
255550,27.474,00000000
255560,27.365,00000000
255570,27.261,00000000
255580,27.291,00000000
255590,27.421,00000000
255600,27.624,00000000
255610,27.708,00000000
255620,27.856,00000000
255630,27.691,00000000
255640,27.977,00000000
255650,28.121,00000000
255660,27.976,00000000
255670,28.024,00000000
255680,27.982,00000000
255690,28.190,00000000
255700,28.152,00000000
255710,27.907,00000000
255720,27.974,00000000
255730,27.800,00000000
255740,27.653,00000000
255750,27.292,00000000
255760,27.178,00000000
255770,27.178,00000000
255780,27.325,00000000
255790,27.629,00000000
255800,27.767,00000000
255810,27.621,00000000
255820,27.913,00000000
255830,28.012,00000000
255840,27.973,00000000
255850,27.939,00000000
255860,27.980,00000000
255870,28.126,00000000
255880,28.042,00000000
255890,28.023,00000000
255900,27.930,00000000
255910,28.078,00000000
255920,27.876,00000000
255930,27.645,00000000
255940,27.536,00000000
255950,27.220,00000000
255960,27.239,00000000
255970,27.312,00000000
255980,27.430,00000000
255990,27.515,00000000
256000,27.663,00000000
256010,27.738,00000000
256020,27.800,00000000
256030,27.886,00000000
256040,27.907,00000000
256050,28.043,00000000
256060,28.013,00000000
256070,28.079,00000000
256080,28.075,00000000
256090,27.989,00000000
256100,27.910,00000000
256110,27.708,00000000
256120,27.647,00000000
256130,27.463,00000000
256140,27.187,00000000
256150,27.373,00000000
256160,27.490,00000000
256170,27.490,00000000
256180,27.571,00000000
256190,27.601,00000000
256200,27.826,00000000
256210,27.835,00000000
256220,27.916,00000000
256230,28.030,00000000
256240,28.032,00000000
256250,28.034,00000000
256260,28.108,00000000
256270,28.213,00000000
256280,27.990,00000000
256290,27.904,00000000
256300,27.867,00000000
256310,27.737,00000000
256320,27.669,00000000
256330,27.263,00000000
256340,27.258,00000000
256350,27.227,00000000
256360,27.465,00000000
256370,27.664,00000000
256380,27.410,00000000
256390,27.779,00000000
256400,27.978,00000000
256410,28.012,00000000
256420,28.017,00000000
256430,28.029,00000000
256440,27.976,00000000
256450,28.031,00000000
256460,28.129,00000000
256470,28.122,00000000
256480,28.083,00000000
256490,28.021,00000000
256500,27.787,00000000
256510,27.694,00000000
256520,27.387,00000000
256530,27.343,00000000
256540,27.445,00000000
256550,27.534,00000000
256560,27.312,00000000
256570,27.682,00000000
256580,27.625,00000000
256590,27.687,00000000
256600,27.839,00000000
256610,27.946,00000000
256620,28.035,00000000
256630,28.069,00000000
256640,28.042,00000000
256650,27.965,00000000
256660,28.062,00000000
256670,28.116,00000000
256680,27.945,00000000
256690,27.879,00000000
256700,27.630,00000000
256710,27.580,00000000
256720,27.210,00000000
256730,27.227,00000000
256740,27.420,00000000
256750,27.595,00000000
256760,27.605,00000000
256770,27.731,00000000
256780,27.649,00000000
256790,27.832,00000000
256800,28.074,00000000
256810,28.129,00000000
256820,28.030,00000000
256830,27.990,00000000
256840,28.032,00000000
256850,28.026,00000000
256860,28.099,00000000
256870,28.103,00000000
256880,27.815,00000000
256890,27.767,00000000
256900,27.625,00000000
256910,27.297,00000000
256920,27.207,00000000
256930,27.300,00000000
256940,27.555,00000000
256950,27.484,00000000
256960,27.607,00000000
256970,27.663,00000000
256980,27.759,00000000
256990,27.918,00000000
257000,28.069,00000000
257010,28.087,00000000
257020,28.045,00000000
257030,27.981,00000000
257040,27.926,00000000
257050,28.103,00000000
257060,28.179,00000000
257070,28.027,00000000
257080,27.684,00000000
257090,27.658,00000000
257100,27.588,00000000
257110,27.157,00000000
257120,27.326,00000000
257130,27.272,00000000
257140,27.583,00000000
257150,27.734,00000000
257160,27.576,00000000
257170,27.777,00000000
257180,27.741,00000000
257190,27.980,00000000
257200,28.142,00000000
257210,28.048,00000000
257220,27.947,00000000
257230,28.168,00000000
257240,28.200,00000000
257250,28.049,00000000
257260,27.842,00000000
257270,27.679,00000000
257280,27.574,00000000
257290,27.486,00000000
257300,27.367,00000000
257310,27.321,00000000
257320,27.237,00000000
257330,27.394,00000000
257340,27.680,00000000
257350,27.742,00000000
257360,27.867,00000000
257370,27.738,00000000
257380,28.036,00000000
257390,28.129,00000000
257400,27.910,00000000
257410,28.000,00000000
257420,28.030,00000000
257430,28.116,00000000
257440,28.215,00000000
257450,28.183,00000000
257460,27.834,00000000
257470,27.718,00000000
257480,27.569,00000000
257490,27.226,00000000
257500,27.171,00000000
257510,27.460,00000000
257520,27.438,00000000
257530,27.627,00000000
257540,27.650,00000000
257550,27.838,00000000
257560,27.832,00000000
257570,27.906,00000000
257580,28.031,00000000
257590,28.017,00000000
257600,28.068,00000000
257610,27.989,00000000
257620,27.996,00000000
257630,28.106,00000000
257640,28.034,00000000
257650,27.919,00000000
257660,27.644,00000000
257670,27.577,00000000
257680,27.260,00000000
257690,27.362,00000000
257700,27.490,00000000
257710,27.375,00000000
257720,27.684,00000000
257730,27.715,00000000
257740,27.817,00000000
257750,27.842,00000000
257760,27.890,00000000
257770,27.919,00000000
257780,27.956,00000000
257790,28.147,00000000
257800,28.234,00000000
257810,28.031,00000000
257820,27.948,00000000
257830,28.144,00000000
257840,27.971,00000000
257850,27.634,00000000
257860,27.706,00000000
257870,27.236,00000000
257880,27.286,00000000
257890,27.445,00000000
257900,27.481,00000000
257910,27.447,00000000
257920,27.775,00000000
257930,27.760,00000000
257940,27.854,00000000
257950,27.919,00000000
257960,27.914,00000000
257970,28.029,00000000
257980,28.006,00000000
257990,28.247,00000000
258000,28.169,00000000
258010,28.010,00000000
258020,27.912,00000000
258030,28.057,00000000
258040,27.805,00000000
258050,27.690,00000000
258060,27.434,00000000
258070,27.147,00000000
258080,27.213,00000000
258090,27.291,00000000
258100,27.467,00000000
258110,27.749,00000000
258120,27.720,00000000
258130,27.707,00000000
258140,27.767,00000000
258150,28.047,00000000
258160,28.075,00000000
258170,27.975,00000000
258180,28.130,00000000
258190,28.007,00000000
258200,28.085,00000000
258210,28.218,00000000
258220,28.013,00000000
258230,27.621,00000000
258240,27.593,00000000
258250,27.665,00000000
258260,27.267,00000000
258270,27.264,00000000
258280,27.258,00000000
258290,27.376,00000000
258300,27.535,00000000
258310,27.810,00000000
258320,27.918,00000000
258330,27.767,00000000
258340,27.858,00000000
258350,27.943,00000000
258360,28.160,00000000
258370,28.222,00000000
258380,27.928,00000000
258390,28.100,00000000
258400,27.957,00000000
258410,28.042,00000000
258420,27.898,00000000
258430,27.656,00000000
258440,27.447,00000000
258450,27.136,00000000
258460,27.256,00000000
258470,27.539,00000000
258480,27.525,00000000
258490,27.454,00000000
258500,27.647,00000000
258510,27.788,00000000
258520,27.962,00000000
258530,27.855,00000000
258540,27.902,00000000
258550,27.985,00000000
258560,28.193,00000000
258570,28.147,00000000
258580,28.076,00000000
258590,28.144,00000000
258600,27.866,00000000
258610,27.876,00000000
258620,27.910,00000000
258630,27.486,00000000
258640,27.373,00000000
258650,27.120,00000000
258660,27.446,00000000
258670,27.477,00000000
258680,27.426,00000000
258690,27.659,00000000
258700,27.724,00000000
258710,27.897,00000000
258720,28.030,00000000
258730,27.849,00000000
258740,27.957,00000000
258750,28.056,00000000
258760,28.213,00000000
258770,28.156,00000000
258780,28.081,00000000
258790,27.881,00000000
258800,27.868,00000000
258810,27.758,00000000
258820,27.827,00000000
258830,27.430,00000000
258840,27.230,00000000
258850,27.204,00000000
258860,27.328,00000000
258870,27.597,00000000
258880,27.731,00000000
258890,27.593,00000000
258900,27.749,00000000
258910,27.815,00000000
258920,28.047,00000000
258930,28.112,00000000
258940,27.972,00000000
258950,28.041,00000000
258960,28.180,00000000
258970,28.149,00000000
258980,27.871,00000000
258990,27.966,00000000
259000,27.821,00000000
259010,27.747,00000000
259020,27.613,00000000
259030,27.143,00000000
259040,27.093,00000000
259050,27.302,00000000
259060,27.417,00000000
259070,27.714,00000000
259080,27.662,00000000
259090,27.601,00000000
259100,27.968,00000000
259110,28.095,00000000
259120,27.965,00000000
259130,27.892,00000000
259140,27.966,00000000
259150,28.163,00000000
259160,28.189,00000000
259170,27.854,00000000
259180,27.962,00000000
259190,28.025,00000000
259200,27.721,00000000
259210,27.422,00000000
259220,27.200,00000000
259230,27.170,00000000
259240,27.327,00000000
259250,27.669,00000000
259260,27.560,00000000
259270,27.520,00000000
259280,27.675,00000000
259290,27.965,00000000
259300,27.966,00000000
259310,27.900,00000000
259320,27.952,00000000
259330,27.975,00000000
259340,28.287,00000000
259350,28.345,00000000
259360,28.010,00000000
259370,27.970,00000000
259380,28.048,00000000
259390,27.849,00000000
259400,27.433,00000000
259410,27.293,00000000
259420,27.176,00000000
259430,27.324,00000000
259440,27.342,00000000
259450,27.415,00000000
259460,27.640,00000000
259470,27.873,00000000
259480,27.825,00000000
259490,27.691,00000000
259500,27.927,00000000
259510,27.944,00000000
259520,27.975,00000000
259530,28.063,00000000
259540,28.082,00000000
259550,28.066,00000000
259560,27.999,00000000
259570,28.017,00000000
259580,27.825,00000000
259590,27.721,00000000
259600,27.704,00000000
259610,27.291,00000000
259620,27.194,00000000
259630,27.373,00000000
259640,27.426,00000000
259650,27.588,00000000
259660,27.568,00000000
259670,27.789,00000000
259680,27.821,00000000
259690,27.815,00000000
259700,28.030,00000000
259710,28.029,00000000
259720,28.071,00000000
259730,28.109,00000000
259740,27.992,00000000
259750,27.966,00000000
259760,28.096,00000000
259770,27.834,00000000
259780,27.672,00000000
259790,27.439,00000000
259800,27.350,00000000
259810,27.292,00000000
259820,27.428,00000000
259830,27.362,00000000
259840,27.471,00000000
259850,27.546,00000000
259860,27.718,00000000
259870,28.006,00000000
259880,27.935,00000000
259890,27.885,00000000
259900,28.057,00000000
259910,28.068,00000000
259920,28.003,00000000
259930,28.106,00000000
259940,28.022,00000000
259950,28.076,00000000
259960,27.815,00000000
259970,27.860,00000000
259980,27.798,00000000
259990,27.307,00000000
260000,27.193,00000000
260010,27.456,00000000
260020,27.643,00000000
260030,27.673,00000000
260040,27.514,00000000
260050,27.773,00000000
260060,27.782,00000000
260070,27.866,00000000
260080,27.829,00000000
260090,27.963,00000000
260100,28.116,00000000
260110,28.195,00000000
260120,28.215,00000000
260130,27.935,00000000
260140,28.117,00000000
260150,27.898,00000000
260160,27.686,00000000
260170,27.598,00000000
260180,27.365,00000000
260190,27.157,00000000
260200,27.243,00000000
260210,27.335,00000000
260220,27.633,00000000
260230,27.678,00000000
260240,27.772,00000000
260250,27.762,00000000
260260,27.954,00000000
260270,28.061,00000000
260280,28.214,00000000
260290,28.194,00000000
260300,28.004,00000000
260310,28.115,00000000
260320,28.031,00000000
260330,27.979,00000000
260340,27.887,00000000
260350,27.754,00000000
260360,27.592,00000000
260370,27.305,00000000
260380,27.120,00000000
260390,27.396,00000000
260400,27.313,00000000
260410,27.417,00000000
260420,27.474,00000000
260430,27.787,00000000
260440,27.951,00000000
260450,27.817,00000000
260460,27.855,00000000
260470,27.967,00000000
260480,27.982,00000000
260490,28.224,00000000
260500,28.245,00000000
260510,28.081,00000000
260520,28.177,00000000
260530,28.205,00000000
260540,28.038,00000000
260550,27.694,00000000
260560,27.618,00000000
260570,27.328,00000000
260580,26.987,00000000
260590,27.150,00000000
260600,27.354,00000000
260610,27.699,00000000
260620,27.651,00000000
260630,27.762,00000000
260640,27.855,00000000
260650,27.844,00000000
260660,27.923,00000000
260670,27.968,00000000
260680,28.174,00000000
260690,28.329,00000000
260700,28.020,00000000
260710,28.100,00000000
260720,28.131,00000000
260730,28.055,00000000
260740,27.662,00000000
260750,27.555,00000000
260760,27.259,00000000
260770,27.160,00000000
260780,27.322,00000000
260790,27.434,00000000
260800,27.316,00000000
260810,27.488,00000000
260820,27.629,00000000
260830,27.783,00000000
260840,28.063,00000000
260850,28.038,00000000
260860,27.997,00000000
260870,27.966,00000000
260880,28.030,00000000
260890,28.277,00000000
260900,28.068,00000000
260910,27.950,00000000
260920,27.922,00000000
260930,27.776,00000000
260940,27.810,00000000
260950,27.632,00000000
260960,27.155,00000000
260970,27.291,00000000
260980,27.559,00000000
260990,27.436,00000000
261000,27.514,00000000
261010,27.587,00000000
261020,27.767,00000000
261030,27.929,00000000
261040,28.052,00000000
261050,28.022,00000000
261060,27.941,00000000
261070,27.986,00000000
261080,27.997,00000000
261090,28.021,00000000
261100,28.113,00000000
261110,28.066,00000000
261120,27.861,00000000
261130,27.674,00000000
261140,27.515,00000000
261150,27.185,00000000
261160,27.149,00000000
261170,27.706,00000000
261180,27.672,00000000
261190,27.503,00000000
261200,27.731,00000000
261210,27.900,00000000
261220,27.909,00000000
261230,27.751,00000000
261240,27.920,00000000
261250,28.129,00000000
261260,28.051,00000000
261270,27.990,00000000
261280,28.046,00000000
261290,27.843,00000000
261300,27.951,00000000
261310,27.839,00000000
261320,27.876,00000000
261330,27.672,00000000
261340,27.363,00000000
261350,27.121,00000000
261360,27.214,00000000
261370,27.536,00000000
261380,27.619,00000000
261390,27.549,00000000
261400,27.619,00000000
261410,27.753,00000000
261420,28.071,00000000
261430,27.984,00000000
261440,27.942,00000000
261450,28.085,00000000
261460,27.997,00000000
261470,28.139,00000000
261480,28.226,00000000
261490,27.953,00000000
261500,27.837,00000000
261510,27.823,00000000
261520,27.652,00000000
261530,27.397,00000000
261540,27.104,00000000
261550,27.271,00000000
261560,27.313,00000000
261570,27.538,00000000
261580,27.832,00000000
261590,27.705,00000000
261600,27.800,00000000
261610,27.715,00000000
261620,27.982,00000000
261630,28.104,00000000
261640,28.115,00000000
261650,27.948,00000000
261660,28.234,00000000
261670,28.377,00000000
261680,28.128,00000000
261690,28.016,00000000
261700,27.696,00000000
261710,27.741,00000000
261720,27.369,00000000
261730,26.935,00000000
261740,27.207,00000000
261750,27.333,00000000
261760,27.600,00000000
261770,27.815,00000000
261780,27.779,00000000
261790,27.708,00000000
261800,27.862,00000000
261810,27.891,00000000
261820,27.973,00000000
261830,28.069,00000000
261840,28.089,00000000
261850,28.006,00000000
261860,28.063,00000000
261870,28.056,00000000
261880,28.067,00000000
261890,27.927,00000000
261900,27.724,00000000
261910,27.428,00000000
261920,27.165,00000000
261930,27.369,00000000
261940,27.418,00000000
261950,27.425,00000000
261960,27.719,00000000
261970,27.651,00000000
261980,27.733,00000000
261990,27.769,00000000
262000,27.842,00000000
262010,27.877,00000000
262020,28.181,00000000
262030,28.080,00000000
262040,27.996,00000000
262050,27.991,00000000
262060,27.994,00000000
262070,28.088,00000000
262080,27.988,00000000
262090,27.514,00000000
262100,27.433,00000000
262110,27.300,00000000
262120,27.477,00000000
262130,27.541,00000000
262140,27.514,00000000
262150,27.450,00000000
262160,27.690,00000000
262170,27.618,00000000
262180,27.795,00000000
262190,27.927,00000000
262200,27.973,00000000
262210,28.097,00000000
262220,28.090,00000000
262230,27.998,00000000
262240,27.962,00000000
262250,27.947,00000000
262260,27.924,00000000
262270,27.933,00000000
262280,27.870,00000000
262290,27.532,00000000
262300,27.302,00000000
262310,27.120,00000000
262320,27.409,00000000
262330,27.462,00000000
262340,27.628,00000000
262350,27.676,00000000
262360,27.660,00000000
262370,27.845,00000000
262380,27.806,00000000
262390,27.917,00000000
262400,28.157,00000000
262410,28.211,00000000
262420,27.995,00000000
262430,28.183,00000000
262440,28.260,00000000
262450,27.984,00000000
262460,27.778,00000000
262470,27.599,00000000
262480,27.492,00000000
262490,27.476,00000000
262500,27.269,00000000
262510,27.156,00000000
262520,27.454,00000000
262530,27.687,00000000
262540,27.617,00000000
262550,27.643,00000000
262560,27.876,00000000
262570,27.784,00000000
262580,27.991,00000000
262590,28.184,00000000
262600,28.034,00000000
262610,27.965,00000000
262620,27.992,00000000
262630,28.202,00000000
262640,28.139,00000000
262650,27.786,00000000
262660,27.784,00000000
262670,27.560,00000000
262680,27.445,00000000
262690,27.302,00000000
262700,27.220,00000000
262710,27.360,00000000
262720,27.416,00000000
262730,27.773,00000000
262740,27.818,00000000
262750,27.697,00000000
262760,27.785,00000000
262770,27.997,00000000
262780,27.932,00000000
262790,28.092,00000000
262800,28.104,00000000
262810,28.161,00000000
262820,28.096,00000000
262830,27.933,00000000
262840,27.982,00000000
262850,27.671,00000000
262860,27.623,00000000
262870,27.514,00000000
262880,27.123,00000000
262890,27.174,00000000
262900,27.551,00000000
262910,27.554,00000000
262920,27.467,00000000
262930,27.684,00000000
262940,27.655,00000000
262950,27.983,00000000
262960,28.115,00000000
262970,27.914,00000000
262980,28.034,00000000
262990,27.962,00000000
263000,28.145,00000000
263010,28.181,00000000
263020,28.026,00000000
263030,27.866,00000000
263040,27.843,00000000
263050,27.952,00000000
263060,27.693,00000000
263070,27.239,00000000
263080,27.163,00000000
263090,27.443,00000000
263100,27.571,00000000
263110,27.437,00000000
263120,27.469,00000000
263130,27.646,00000000
263140,27.783,00000000
263150,27.861,00000000
263160,28.074,00000000
263170,28.051,00000000
263180,28.028,00000000
263190,28.062,00000000
263200,27.980,00000000
263210,28.099,00000000
263220,28.159,00000000
263230,27.901,00000000
263240,27.611,00000000
263250,27.457,00000000
263260,27.230,00000000
263270,27.492,00000000
263280,27.487,00000000
263290,27.378,00000000
263300,27.467,00000000
263310,27.737,00000000
263320,27.808,00000000
263330,27.719,00000000
263340,27.836,00000000
263350,28.122,00000000
263360,28.105,00000000
263370,27.955,00000000
263380,27.968,00000000
263390,28.024,00000000
263400,28.091,00000000
263410,28.107,00000000
263420,28.013,00000000
263430,27.603,00000000
263440,27.486,00000000
263450,27.472,00000000
263460,27.236,00000000
263470,27.292,00000000
263480,27.389,00000000
263490,27.450,00000000
263500,27.526,00000000
263510,27.844,00000000
263520,28.035,00000000
263530,27.994,00000000
263540,27.865,00000000
263550,28.166,00000000
263560,28.152,00000000
263570,27.991,00000000
263580,27.950,00000000
263590,27.935,00000000
263600,28.034,00000000
263610,27.850,00000000
263620,27.682,00000000
263630,27.488,00000000
263640,27.251,00000000
263650,27.110,00000000
263660,27.471,00000000
263670,27.481,00000000
263680,27.594,00000000
263690,27.550,00000000
263700,27.827,00000000
263710,27.887,00000000
263720,27.856,00000000
263730,27.957,00000000
263740,27.941,00000000
263750,28.000,00000000
263760,28.186,00000000
263770,28.316,00000000
263780,27.985,00000000
263790,27.979,00000000
263800,28.020,00000000
263810,27.725,00000000
263820,27.688,00000000
263830,27.321,00000000
263840,27.211,00000000
263850,27.235,00000000
263860,27.366,00000000
263870,27.697,00000000
263880,27.780,00000000
263890,27.610,00000000
263900,27.869,00000000
263910,27.833,00000000
263920,27.967,00000000
263930,27.970,00000000
263940,28.097,00000000
263950,28.089,00000000
263960,28.067,00000000
263970,28.108,00000000
263980,28.211,00000000
263990,28.093,00000000
264000,27.757,00000000
264010,27.878,00000000
264020,27.495,00000000
264030,27.322,00000000
264040,27.279,00000000
264050,27.386,00000000
264060,27.357,00000000
264070,27.490,00000000
264080,27.766,00000000
264090,27.735,00000000
264100,27.779,00000000
264110,27.843,00000000
264120,27.854,00000000
264130,27.994,00000000
264140,28.032,00000000
264150,28.237,00000000
264160,27.998,00000000
264170,27.990,00000000
264180,27.870,00000000
264190,27.819,00000000
264200,27.893,00000000
264210,27.712,00000000
264220,27.103,00000000
264230,27.151,00000000
264240,27.489,00000000
264250,27.464,00000000
264260,27.466,00000000
264270,27.592,00000000
264280,27.736,00000000
264290,27.970,00000000
264300,27.800,00000000
264310,28.048,00000000
264320,27.984,00000000
264330,28.005,00000000
264340,27.962,00000000
264350,28.153,00000000
264360,28.276,00000000
264370,27.930,00000000
264380,27.912,00000000
264390,27.943,00000000
264400,27.662,00000000
264410,27.392,00000000
264420,27.084,00000000
264430,27.221,00000000
264440,27.276,00000000
264450,27.395,00000000
264460,27.607,00000000
264470,27.710,00000000
264480,27.710,00000000
264490,27.821,00000000
264500,27.833,00000000
264510,27.918,00000000
264520,28.175,00000000
264530,28.137,00000000
264540,28.033,00000000
264550,28.119,00000000
264560,27.937,00000000
264570,27.892,00000000
264580,27.943,00000000
264590,27.711,00000000
264600,27.545,00000000
264610,27.262,00000000
264620,27.114,00000000
264630,27.295,00000000
264640,27.627,00000000
264650,27.581,00000000
264660,27.521,00000000
264670,27.631,00000000
264680,27.713,00000000
264690,27.993,00000000
264700,27.984,00000000
264710,28.080,00000000
264720,28.003,00000000
264730,28.106,00000000
264740,28.023,00000000
264750,28.050,00000000
264760,28.178,00000000
264770,27.800,00000000
264780,27.838,00000000
264790,27.555,00000000
264800,27.280,00000000
264810,27.214,00000000
264820,27.354,00000000
264830,27.437,00000000
264840,27.416,00000000
264850,27.532,00000000
264860,27.587,00000000
264870,27.846,00000000
264880,27.982,00000000
264890,27.935,00000000
264900,28.043,00000000
264910,27.952,00000000
264920,28.089,00000000
264930,28.174,00000000
264940,28.144,00000000
264950,27.824,00000000
264960,27.953,00000000
264970,27.910,00000000
264980,27.482,00000000
264990,27.282,00000000
265000,27.080,00000000
265010,27.254,00000000
265020,27.572,00000000
265030,27.571,00000000
265040,27.444,00000000
265050,27.671,00000000
265060,27.949,00000000
265070,27.928,00000000
265080,27.940,00000000
265090,27.874,00000000
265100,27.956,00000000
265110,28.007,00000000
265120,28.304,00000000
265130,28.054,00000000
265140,27.817,00000000
265150,27.717,00000000
265160,27.798,00000000
265170,27.650,00000000
265180,27.188,00000000
265190,27.212,00000000
265200,27.415,00000000
265210,27.369,00000000
265220,27.619,00000000
265230,27.716,00000000
265240,27.897,00000000
265250,27.736,00000000
265260,27.893,00000000
265270,28.101,00000000
265280,28.123,00000000
265290,28.100,00000000
265300,27.983,00000000
265310,27.978,00000000
265320,27.866,00000000
265330,27.871,00000000
265340,27.886,00000000
265350,27.516,00000000
265360,27.240,00000000
265370,27.185,00000000
265380,27.240,00000000
265390,27.583,00000000
265400,27.597,00000000
265410,27.563,00000000
265420,27.686,00000000
265430,27.969,00000000
265440,28.047,00000000
265450,28.002,00000000
265460,27.907,00000000
265470,27.955,00000000
265480,28.161,00000000
265490,28.201,00000000
265500,28.031,00000000
265510,27.771,00000000
265520,27.729,00000000
265530,27.529,00000000
265540,27.266,00000000
265550,27.266,00000000
265560,27.326,00000000
265570,27.416,00000000
265580,27.676,00000000
265590,27.866,00000000
265600,27.884,00000000
265610,27.876,00000000
265620,27.820,00000000
265630,28.015,00000000
265640,27.979,00000000
265650,28.016,00000000
265660,27.965,00000000
265670,28.090,00000000
265680,28.092,00000000
265690,27.971,00000000
265700,27.664,00000000
265710,27.683,00000000
265720,27.484,00000000
265730,27.063,00000000
265740,27.240,00000000
265750,27.389,00000000
265760,27.255,00000000
265770,27.538,00000000
265780,27.682,00000000
265790,27.585,00000000
265800,27.900,00000000
265810,27.944,00000000
265820,27.936,00000000
265830,28.058,00000000
265840,28.031,00000000
265850,27.985,00000000
265860,28.158,00000000
265870,27.976,00000000
265880,27.962,00000000
265890,27.957,00000000
265900,27.638,00000000
265910,27.364,00000000
265920,27.101,00000000
265930,27.150,00000000
265940,27.355,00000000
265950,27.442,00000000
265960,27.594,00000000
265970,27.756,00000000
265980,27.867,00000000
265990,27.826,00000000
266000,27.788,00000000
266010,27.973,00000000
266020,28.088,00000000
266030,28.180,00000000
266040,28.013,00000000
266050,27.966,00000000
266060,27.854,00000000
266070,27.832,00000000
266080,27.713,00000000
266090,27.535,00000000
266100,27.376,00000000
266110,27.273,00000000
266120,27.330,00000000
266130,27.370,00000000
266140,27.446,00000000
266150,27.578,00000000
266160,27.790,00000000
266170,27.977,00000000
266180,27.957,00000000
266190,27.965,00000000
266200,27.951,00000000
266210,27.985,00000000
266220,28.028,00000000
266230,28.194,00000000
266240,27.995,00000000
266250,27.887,00000000
266260,27.684,00000000
266270,27.546,00000000
266280,27.591,00000000
266290,27.205,00000000
266300,27.377,00000000
266310,27.394,00000000
266320,27.408,00000000
266330,27.672,00000000
266340,27.612,00000000
266350,27.668,00000000
266360,27.997,00000000
266370,27.983,00000000
266380,27.954,00000000
266390,27.950,00000000
266400,28.022,00000000
266410,28.228,00000000
266420,28.079,00000000
266430,27.927,00000000
266440,27.757,00000000
266450,27.903,00000000
266460,27.631,00000000
266470,27.314,00000000
266480,27.203,00000000
266490,27.179,00000000
266500,27.437,00000000
266510,27.785,00000000
266520,27.754,00000000
266530,27.749,00000000
266540,27.880,00000000
266550,27.803,00000000
266560,27.878,00000000
266570,28.075,00000000
266580,28.113,00000000
266590,28.168,00000000
266600,27.997,00000000
266610,27.945,00000000
266620,27.812,00000000
266630,27.719,00000000
266640,27.676,00000000
266650,27.344,00000000
266660,27.225,00000000
266670,27.235,00000000
266680,27.542,00000000
266690,27.594,00000000
266700,27.639,00000000
266710,27.586,00000000
266720,27.820,00000000
266730,27.817,00000000
266740,28.147,00000000
266750,27.992,00000000
266760,28.002,00000000
266770,28.039,00000000
266780,28.066,00000000
266790,28.159,00000000
266800,28.014,00000000
266810,27.900,00000000
266820,27.715,00000000
266830,27.568,00000000
266840,27.378,00000000
266850,27.267,00000000
266860,27.413,00000000
266870,27.233,00000000
266880,27.415,00000000
266890,27.737,00000000
266900,27.771,00000000
266910,27.981,00000000
266920,27.821,00000000
266930,27.907,00000000
266940,28.198,00000000
266950,28.020,00000000
266960,28.028,00000000
266970,27.876,00000000
266980,28.060,00000000
266990,27.967,00000000
267000,27.825,00000000
267010,27.881,00000000
267020,27.675,00000000
267030,27.445,00000000
267040,27.128,00000000
267050,27.132,00000000
267060,27.481,00000000
267070,27.425,00000000
267080,27.628,00000000
267090,27.634,00000000
267100,27.703,00000000
267110,27.884,00000000
267120,27.964,00000000
267130,27.941,00000000
267140,27.948,00000000
267150,27.915,00000000
267160,28.053,00000000
267170,28.058,00000000
267180,28.223,00000000
267190,28.013,00000000
267200,27.949,00000000
267210,27.781,00000000
267220,27.571,00000000
267230,27.440,00000000
267240,27.162,00000000
267250,27.330,00000000
267260,27.513,00000000
267270,27.378,00000000
267280,27.550,00000000
267290,27.724,00000000
267300,27.802,00000000
267310,27.921,00000000
267320,27.922,00000000
267330,27.929,00000000
267340,27.880,00000000
267350,28.076,00000000
267360,28.040,00000000
267370,27.884,00000000
267380,28.050,00000000
267390,28.010,00000000
267400,27.721,00000000
267410,27.921,00000000
267420,27.254,00000000
267430,27.322,00000000
267440,27.276,00000000
267450,27.527,00000000
267460,27.525,00000000
267470,27.501,00000000
267480,27.783,00000000
267490,27.764,00000000
267500,27.814,00000000
267510,27.990,00000000
267520,28.059,00000000
267530,28.100,00000000
267540,27.959,00000000
267550,28.101,00000000
267560,28.125,00000000
267570,27.975,00000000
267580,27.923,00000000
267590,27.699,00000000
267600,27.548,00000000
267610,27.369,00000000
267620,27.208,00000000
267630,27.311,00000000
267640,27.281,00000000
267650,27.513,00000000
267660,27.573,00000000
267670,27.659,00000000
267680,27.781,00000000
267690,27.925,00000000
267700,28.033,00000000
267710,27.856,00000000
267720,28.019,00000000
267730,28.207,00000000
267740,28.235,00000000
267750,28.162,00000000
267760,27.999,00000000
267770,27.941,00000000
267780,27.856,00000000
267790,27.604,00000000
267800,27.584,00000000
267810,27.396,00000000
267820,27.339,00000000
267830,27.218,00000000
267840,27.565,00000000
267850,27.619,00000000
267860,27.506,00000000
267870,27.549,00000000
267880,27.703,00000000
267890,27.859,00000000
267900,28.103,00000000
267910,28.131,00000000
267920,28.065,00000000
267930,28.049,00000000
267940,28.103,00000000
267950,27.953,00000000
267960,27.979,00000000
267970,27.994,00000000
267980,27.726,00000000
267990,27.484,00000000
268000,27.197,00000000
268010,27.147,00000000
268020,27.460,00000000
268030,27.489,00000000
268040,27.429,00000000
268050,27.541,00000000
268060,27.816,00000000
268070,27.750,00000000
268080,27.905,00000000
268090,28.051,00000000
268100,27.972,00000000
268110,27.979,00000000
268120,28.214,00000000
268130,28.040,00000000
268140,27.980,00000000
268150,27.986,00000000
268160,27.853,00000000
268170,27.726,00000000
268180,27.690,00000000
268190,27.461,00000000
268200,27.075,00000000
268210,27.433,00000000
268220,27.462,00000000
268230,27.580,00000000
268240,27.492,00000000
268250,27.765,00000000
268260,27.924,00000000
268270,27.942,00000000
268280,27.751,00000000
268290,27.981,00000000
268300,28.148,00000000
268310,28.180,00000000
268320,27.973,00000000
268330,28.127,00000000
268340,28.163,00000000
268350,28.012,00000000
268360,27.784,00000000
268370,27.583,00000000
268380,27.583,00000000
268390,27.259,00000000
268400,27.154,00000000
268410,27.241,00000000
268420,27.537,00000000
268430,27.659,00000000
268440,27.736,00000000
268450,27.657,00000000
268460,27.837,00000000
268470,27.896,00000000
268480,28.013,00000000
268490,28.060,00000000
268500,27.991,00000000
268510,28.183,00000000
268520,28.202,00000000
268530,28.034,00000000
268540,27.883,00000000
268550,27.808,00000000
268560,27.720,00000000
268570,27.557,00000000
268580,27.136,00000000
268590,27.152,00000000
268600,27.516,00000000
268610,27.538,00000000
268620,27.531,00000000
268630,27.519,00000000
268640,27.706,00000000
268650,27.755,00000000
268660,28.039,00000000
268670,28.063,00000000
268680,27.893,00000000
268690,28.076,00000000
268700,28.230,00000000
268710,28.114,00000000
268720,27.991,00000000
268730,27.982,00000000
268740,27.732,00000000
268750,27.731,00000000
268760,27.653,00000000
268770,27.518,00000000
268780,27.149,00000000
268790,27.262,00000000
268800,27.352,00000000
268810,27.691,00000000
268820,27.860,00000000
268830,27.871,00000000
268840,27.731,00000000
268850,27.942,00000000
268860,28.184,00000000
268870,28.156,00000000
268880,28.026,00000000
268890,27.903,00000000
268900,27.930,00000000
268910,28.040,00000000
268920,28.119,00000000
268930,28.007,00000000
268940,27.693,00000000
268950,27.609,00000000
268960,27.242,00000000
268970,27.417,00000000
268980,27.496,00000000
268990,27.291,00000000
269000,27.380,00000000
269010,27.714,00000000
269020,27.976,00000000
269030,28.040,00000000
269040,27.971,00000000
269050,27.944,00000000
269060,28.049,00000000
269070,28.087,00000000
269080,28.024,00000000
269090,28.114,00000000
269100,28.197,00000000
269110,28.008,00000000
269120,28.019,00000000
269130,27.866,00000000
269140,27.583,00000000
269150,27.458,00000000
269160,27.122,00000000
269170,27.396,00000000
269180,27.390,00000000
269190,27.525,00000000
269200,27.807,00000000
269210,27.633,00000000
269220,27.790,00000000
269230,27.883,00000000
269240,27.875,00000000
269250,27.947,00000000
269260,28.037,00000000
269270,28.117,00000000
269280,28.120,00000000
269290,28.090,00000000
269300,27.945,00000000
269310,27.990,00000000
269320,27.618,00000000
269330,27.603,00000000
269340,27.503,00000000
269350,27.134,00000000
269360,27.199,00000000
269370,27.470,00000000
269380,27.629,00000000
269390,27.733,00000000
269400,27.795,00000000
269410,27.633,00000000
269420,27.911,00000000
269430,28.096,00000000
269440,28.122,00000000
269450,27.965,00000000
269460,27.919,00000000
269470,28.083,00000000
269480,28.166,00000000
269490,27.875,00000000
269500,27.909,00000000
269510,27.938,00000000
269520,27.646,00000000
269530,27.286,00000000
269540,27.027,00000000
269550,27.214,00000000
269560,27.383,00000000
269570,27.631,00000000
269580,27.715,00000000
269590,27.592,00000000
269600,27.884,00000000
269610,27.994,00000000
269620,28.053,00000000
269630,27.977,00000000
269640,27.983,00000000
269650,28.166,00000000
269660,28.276,00000000
269670,28.099,00000000
269680,28.121,00000000
269690,28.163,00000000
269700,27.931,00000000
269710,27.661,00000000
269720,27.355,00000000
269730,27.216,00000000
269740,27.207,00000000
269750,27.521,00000000
269760,27.434,00000000
269770,27.416,00000000
269780,27.645,00000000
269790,27.806,00000000
269800,27.914,00000000
269810,27.852,00000000
269820,27.870,00000000
269830,27.919,00000000
269840,28.015,00000000
269850,28.150,00000000
269860,28.034,00000000
269870,28.069,00000000
269880,28.157,00000000
269890,27.983,00000000
269900,27.773,00000000
269910,27.449,00000000
269920,27.423,00000000
269930,27.317,00000000
269940,27.275,00000000
269950,27.433,00000000
269960,27.627,00000000
269970,27.695,00000000
269980,27.652,00000000
269990,27.765,00000000
270000,27.933,00000000
270010,27.835,00000000
270020,28.014,00000000
270030,28.061,00000000
270040,28.286,00000000
270050,28.249,00000000
270060,28.245,00000000
270070,28.053,00000000
270080,27.670,00000000
270090,27.745,00000000
270100,27.629,00000000
270110,27.436,00000000
270120,27.191,00000000
270130,27.276,00000000
270140,27.573,00000000
270150,27.674,00000000
270160,27.691,00000000
270170,27.580,00000000
270180,27.756,00000000
270190,27.909,00000000
270200,27.987,00000000
270210,27.870,00000000
270220,28.170,00000000
270230,28.184,00000000
270240,27.803,00000000
270250,27.919,00000000
270260,27.937,00000000
270270,27.885,00000000
270280,27.868,00000000
270290,27.833,00000000
270300,27.415,00000000
270310,27.371,00000000
270320,27.374,00000000
270330,27.358,00000000
270340,27.432,00000000
270350,27.457,00000000
270360,27.607,00000000
270370,27.892,00000000
270380,27.941,00000000
270390,27.858,00000000
270400,27.908,00000000
270410,28.133,00000000
270420,28.199,00000000
270430,27.966,00000000
270440,27.936,00000000
270450,28.135,00000000
270460,28.179,00000000
270470,27.973,00000000
270480,27.585,00000000
270490,27.484,00000000
270500,27.412,00000000
270510,27.121,00000000
270520,27.303,00000000
270530,27.364,00000000
270540,27.638,00000000
270550,27.907,00000000
270560,27.865,00000000
270570,27.658,00000000
270580,27.947,00000000
270590,28.087,00000000
270600,28.027,00000000
270610,27.954,00000000
270620,28.108,00000000
270630,28.039,00000000
270640,27.978,00000000
270650,27.925,00000000
270660,27.986,00000000
270670,27.717,00000000
270680,27.527,00000000
270690,27.384,00000000
270700,27.278,00000000
270710,27.245,00000000
270720,27.531,00000000
270730,27.660,00000000
270740,27.613,00000000
270750,27.618,00000000
270760,27.743,00000000
270770,27.815,00000000
270780,27.928,00000000
270790,28.236,00000000
270800,28.161,00000000
270810,27.976,00000000
270820,28.101,00000000
270830,28.049,00000000
270840,28.172,00000000
270850,28.009,00000000
270860,27.976,00000000
270870,27.513,00000000
270880,27.426,00000000
270890,27.211,00000000
270900,27.109,00000000
270910,27.316,00000000
270920,27.412,00000000
270930,27.757,00000000
270940,27.829,00000000
270950,27.771,00000000
270960,27.760,00000000
270970,27.831,00000000
270980,27.961,00000000
270990,28.190,00000000
271000,28.158,00000000
271010,27.943,00000000
271020,28.063,00000000
271030,28.173,00000000
271040,28.102,00000000
271050,27.735,00000000
271060,27.766,00000000
271070,27.372,00000000
271080,27.139,00000000
271090,27.374,00000000
271100,27.569,00000000
271110,27.559,00000000
271120,27.553,00000000
271130,27.589,00000000
271140,27.749,00000000
271150,27.901,00000000
271160,28.086,00000000
271170,28.005,00000000
271180,28.045,00000000
271190,27.958,00000000
271200,28.078,00000000
271210,27.952,00000000
271220,28.018,00000000
271230,28.074,00000000
271240,27.834,00000000
271250,27.648,00000000
271260,27.415,00000000
271270,27.182,00000000
271280,27.322,00000000
271290,27.466,00000000
271300,27.601,00000000
271310,27.492,00000000
271320,27.744,00000000
271330,27.831,00000000
271340,27.794,00000000
271350,27.853,00000000
271360,27.881,00000000
271370,28.095,00000000
271380,28.185,00000000
271390,28.044,00000000
271400,27.964,00000000
271410,28.204,00000000
271420,28.168,00000000
271430,27.756,00000000
271440,27.603,00000000
271450,27.487,00000000
271460,27.260,00000000
271470,27.370,00000000
271480,27.163,00000000
271490,27.321,00000000
271500,27.716,00000000
271510,27.665,00000000
271520,27.709,00000000
271530,27.740,00000000
271540,27.843,00000000
271550,27.916,00000000
271560,28.164,00000000
271570,28.170,00000000
271580,27.896,00000000
271590,27.965,00000000
271600,28.016,00000000
271610,28.137,00000000
271620,28.028,00000000
271630,27.670,00000000
271640,27.422,00000000
271650,27.219,00000000
271660,27.364,00000000
271670,27.563,00000000
271680,27.350,00000000
271690,27.633,00000000
271700,27.813,00000000
271710,27.850,00000000
271720,27.918,00000000
271730,27.848,00000000
271740,28.050,00000000
271750,28.153,00000000
271760,28.161,00000000
271770,27.924,00000000
271780,27.891,00000000
271790,28.082,00000000
271800,27.970,00000000
271810,28.007,00000000
271820,27.821,00000000
271830,27.467,00000000
271840,27.320,00000000
271850,27.118,00000000
271860,27.366,00000000
271870,27.660,00000000
271880,27.546,00000000
271890,27.471,00000000
271900,27.720,00000000
271910,28.000,00000000
271920,27.949,00000000
271930,27.794,00000000
271940,27.945,00000000
271950,28.182,00000000
271960,28.075,00000000
271970,28.094,00000000
271980,27.911,00000000
271990,27.954,00000000
272000,27.952,00000000
272010,27.952,00000000
272020,27.547,00000000
272030,27.507,00000000
272040,27.295,00000000
272050,27.260,00000000
272060,27.303,00000000
272070,27.580,00000000
272080,27.521,00000000
272090,27.789,00000000
272100,28.038,00000000
272110,27.829,00000000
272120,27.924,00000000
272130,28.137,00000000
272140,28.186,00000000
272150,28.134,00000000
272160,27.974,00000000
272170,27.860,00000000
272180,28.071,00000000
272190,28.076,00000000
272200,27.878,00000000
272210,27.675,00000000
272220,27.443,00000000
272230,27.418,00000000
272240,27.362,00000000
272250,27.426,00000000
272260,27.427,00000000
272270,27.447,00000000
272280,27.657,00000000
272290,27.648,00000000
272300,27.885,00000000
272310,27.852,00000000
272320,28.124,00000000
272330,28.055,00000000
272340,28.164,00000000
272350,28.037,00000000
272360,28.008,00000000
272370,28.089,00000000
272380,28.035,00000000
272390,27.930,00000000
272400,27.609,00000000
272410,27.359,00000000
272420,27.353,00000000
272430,27.303,00000000
272440,27.240,00000000
272450,27.537,00000000
272460,27.721,00000000
272470,27.755,00000000
272480,27.718,00000000
272490,27.695,00000000
272500,27.856,00000000
272510,28.095,00000000
272520,27.958,00000000
272530,28.130,00000000
272540,28.212,00000000
272550,28.148,00000000
272560,27.929,00000000
272570,27.931,00000000
272580,27.763,00000000
272590,27.845,00000000
272600,27.694,00000000
272610,27.151,00000000
272620,27.106,00000000
272630,27.493,00000000
272640,27.536,00000000
272650,27.497,00000000
272660,27.494,00000000
272670,27.641,00000000
272680,27.818,00000000
272690,28.037,00000000
272700,28.037,00000000
272710,27.855,00000000
272720,28.118,00000000
272730,28.185,00000000
272740,28.025,00000000
272750,27.986,00000000
272760,27.920,00000000
272770,27.907,00000000
272780,27.869,00000000
272790,27.538,00000000
272800,27.353,00000000
272810,27.349,00000000
272820,27.250,00000000
272830,27.375,00000000
272840,27.657,00000000
272850,27.658,00000000
272860,27.685,00000000
272870,27.812,00000000
272880,27.762,00000000
272890,27.823,00000000
272900,28.000,00000000
272910,28.036,00000000
272920,27.976,00000000
272930,28.055,00000000
272940,28.082,00000000
272950,27.913,00000000
272960,27.964,00000000
272970,27.910,00000000
272980,27.711,00000000
272990,27.298,00000000
273000,27.212,00000000
273010,27.349,00000000
273020,27.304,00000000
273030,27.358,00000000
273040,27.505,00000000
273050,27.708,00000000
273060,27.999,00000000
273070,27.960,00000000
273080,27.843,00000000
273090,27.908,00000000
273100,27.943,00000000
273110,28.184,00000000
273120,28.223,00000000
273130,27.943,00000000
273140,28.088,00000000
273150,28.026,00000000
273160,27.860,00000000
273170,27.695,00000000
273180,27.337,00000000
273190,27.350,00000000
273200,27.278,00000000
273210,27.238,00000000
273220,27.396,00000000
273230,27.609,00000000
273240,27.821,00000000
273250,27.639,00000000
273260,27.796,00000000
273270,531.323,X0000000
273280,264.847,10000000
273290,169.140,10000000
273300,134.130,10000000
273310,120.774,10000000
273320,298.678,10000000
273330,802.339,10000000
273340,364.534,10000000
273350,206.774,10000000
273360,148.703,10000000
273370,127.179,10000000
273380,119.289,10000000
273390,116.967,10000000
273400,115.891,10000000
273410,114.929,10000000
273420,115.241,10000000
273430,113.512,10000000
273440,112.327,10000000
273450,112.227,10000000
273460,112.584,10000000
273470,112.830,10000000
273480,113.000,10000000
273490,113.053,10000000
273500,113.699,10000000
273510,113.323,10000000
273520,113.546,10000000
273530,113.888,10000000
273540,114.300,10000000
273550,114.755,10000000
273560,115.060,10000000
273570,114.838,10000000
273580,115.289,10000000
273590,115.592,10000000
273600,115.539,10000000
273610,115.399,10000000
273620,115.201,10000000
273630,114.036,10000000
273640,112.899,10000000
273650,112.422,10000000
273660,112.785,10000000
273670,113.237,10000000
273680,113.838,10000000
273690,113.409,10000000
273700,113.598,10000000
273710,113.663,10000000
273720,114.428,10000000
273730,114.376,10000000
273740,114.775,10000000
273750,114.513,10000000
273760,115.172,10000000
273770,115.383,10000000
273780,115.643,10000000
273790,115.520,10000000
273800,115.817,10000000
273810,115.719,10000000
273820,115.999,10000000
273830,114.359,10000000
273840,112.567,10000000
273850,112.550,10000000
273860,112.921,10000000
273870,112.971,10000000
273880,113.648,10000000
273890,113.271,10000000
273900,113.721,10000000
273910,114.102,10000000
273920,114.449,10000000
273930,114.632,10000000
273940,114.612,10000000
273950,115.114,10000000
273960,115.159,10000000
273970,115.619,10000000
273980,115.514,10000000
273990,115.755,10000000
274000,116.116,10000000
274010,116.162,10000000
274020,115.593,10000000
274030,114.228,10000000
274040,112.970,10000000
274050,112.930,10000000
274060,113.452,10000000
274070,113.076,10000000
274080,113.502,10000000
274090,113.600,10000000
274100,113.807,10000000
274110,113.787,10000000
274120,114.091,10000000
274130,114.102,10000000
274140,114.545,10000000
274150,114.967,10000000
274160,115.312,10000000
274170,115.173,10000000
274180,115.485,10000000
274190,115.789,10000000
274200,116.088,10000000
274210,115.738,10000000
274220,115.468,10000000
274230,113.623,10000000
274240,113.248,10000000
274250,113.300,10000000
274260,113.223,10000000
274270,113.092,10000000
274280,113.471,10000000
274290,113.380,10000000
274300,113.996,10000000
274310,113.710,10000000
274320,114.041,10000000
274330,115.327,10000000
274340,474.938,10000000
274350,244.664,10000000
274360,162.277,10000000
274370,130.839,10000000
274380,120.086,10000000
274390,115.945,10000000
274400,114.240,10000000
274410,114.120,10000000
274420,114.286,10000000
274430,114.108,10000000
274440,114.178,10000000
274450,114.296,10000000
274460,114.705,10000000
274470,115.010,10000000
274480,115.022,10000000
274490,115.582,10000000
274500,115.940,10000000
274510,115.734,10000000
274520,116.151,10000000
274530,115.937,10000000
274540,115.599,10000000
274550,114.293,10000000
274560,113.254,10000000
274570,112.808,10000000
274580,113.325,10000000
274590,113.769,10000000
274600,113.676,10000000
274610,113.593,10000000
274620,113.764,10000000
274630,114.047,10000000
274640,114.854,10000000
274650,114.644,10000000
274660,114.745,10000000
274670,115.178,10000000
274680,115.181,10000000
274690,115.463,10000000
274700,115.786,10000000
274710,116.036,10000000
274720,115.801,10000000
274730,115.764,10000000
274740,115.756,10000000
274750,113.504,10000000
274760,112.799,10000000
274770,113.097,10000000
274780,113.563,10000000
274790,113.524,10000000
274800,113.934,10000000
274810,113.915,10000000
274820,114.030,10000000
274830,114.080,10000000
274840,114.598,10000000
274850,114.367,10000000
274860,114.824,10000000
274870,114.945,10000000
274880,115.129,10000000
274890,115.166,10000000
274900,115.815,10000000
274910,115.911,10000000
274920,116.088,10000000
274930,115.673,10000000
274940,115.478,10000000
274950,114.382,10000000
274960,113.235,10000000
274970,113.152,10000000
274980,113.110,10000000
274990,113.137,10000000
275000,113.724,10000000
275010,113.857,10000000
275020,113.775,10000000
275030,114.296,10000000
275040,114.044,10000000
275050,114.260,10000000
275060,114.792,10000000
275070,114.981,10000000
275080,115.072,10000000
275090,115.288,10000000
275100,115.635,10000000
275110,115.779,10000000
275120,115.972,10000000
275130,116.272,10000000
275140,115.663,10000000
275150,114.200,10000000
275160,113.420,10000000
275170,113.088,10000000
275180,113.295,10000000
275190,113.656,10000000
275200,113.753,10000000
275210,113.788,10000000
275220,114.136,10000000
275230,114.389,10000000
275240,114.391,10000000
275250,114.232,10000000
275260,114.783,10000000
275270,115.160,10000000
275280,115.648,10000000
275290,115.537,10000000
275300,115.409,10000000
275310,115.886,10000000
275320,116.423,10000000
275330,116.261,10000000
275340,180.579,10000000
275350,438.813,10000000
275360,235.094,10000000
275370,159.227,10000000
275380,128.833,10000000
275390,118.897,10000000
275400,115.379,10000000
275410,114.370,10000000
275420,114.228,10000000
275430,113.647,10000000
275440,114.632,10000000
275450,114.143,10000000
275460,114.427,10000000
275470,114.904,10000000
275480,115.146,10000000
275490,115.146,10000000
275500,115.337,10000000
275510,115.800,10000000
275520,115.879,10000000
275530,115.908,10000000
275540,115.859,10000000
275550,115.929,10000000
275560,116.100,10000000
275570,114.816,10000000
275580,112.910,10000000
275590,113.378,10000000
275600,113.188,10000000
275610,113.539,10000000
275620,113.835,10000000
275630,113.877,10000000
275640,114.342,10000000
275650,114.132,10000000
275660,114.569,10000000
275670,114.892,10000000
275680,115.064,10000000
275690,115.294,10000000
275700,115.314,10000000
275710,115.722,10000000
275720,116.057,10000000
275730,115.807,10000000
275740,116.157,10000000
275750,116.579,10000000
275760,116.196,10000000
275770,115.321,10000000
275780,113.648,10000000
275790,113.094,10000000
275800,113.431,10000000
275810,113.653,10000000
275820,114.279,10000000
275830,113.820,10000000
275840,114.306,10000000
275850,113.962,10000000
275860,114.768,10000000
275870,114.504,10000000
275880,114.672,10000000
275890,115.137,10000000
275900,115.551,10000000
275910,115.645,10000000
275920,115.578,10000000
275930,115.941,10000000
275940,116.516,10000000
275950,116.578,10000000
275960,116.211,10000000
275970,115.599,10000000
275980,114.287,10000000
275990,113.230,10000000
276000,113.104,10000000
276010,113.180,10000000
276020,113.470,10000000
276030,114.031,10000000
276040,114.144,10000000
276050,114.029,10000000
276060,114.349,10000000
276070,114.540,10000000
276080,114.768,10000000
276090,115.155,10000000
276100,115.341,10000000
276110,115.292,10000000
276120,115.941,10000000
276130,115.838,10000000
276140,116.385,10000000
276150,116.554,10000000
276160,116.358,10000000
276170,115.102,10000000
276180,113.542,10000000
276190,113.320,10000000
276200,113.553,10000000
276210,113.322,10000000
276220,113.363,10000000
276230,113.278,10000000
276240,113.713,10000000
276250,114.191,10000000
276260,114.073,10000000
276270,114.391,10000000
276280,114.913,10000000
276290,115.132,10000000
276300,115.317,10000000
276310,115.083,10000000
276320,172.897,X0000000
276330,75.885,00000000
276340,44.891,00000000
276350,34.134,00000000
276360,30.226,00000000
276370,28.763,00000000
276380,28.347,00000000
276390,28.293,00000000
276400,28.214,00000000
276410,27.866,00000000
276420,27.991,00000000
276430,27.939,00000000
276440,27.806,00000000
276450,27.377,00000000
276460,27.246,00000000
276470,27.361,00000000
276480,27.337,00000000
276490,27.345,00000000
276500,27.426,00000000
276510,27.519,00000000
276520,27.672,00000000
276530,27.909,00000000
276540,27.976,00000000
276550,27.843,00000000
276560,28.009,00000000
276570,28.229,00000000
276580,27.984,00000000
276590,27.998,00000000
276600,27.907,00000000
276610,28.029,00000000
276620,27.945,00000000
276630,27.797,00000000
276640,27.456,00000000
276650,27.418,00000000
276660,27.241,00000000
276670,27.188,00000000
276680,27.283,00000000
276690,27.584,00000000
276700,27.702,00000000
276710,27.757,00000000
276720,27.823,00000000
276730,27.767,00000000
276740,28.093,00000000
276750,28.096,00000000
276760,27.969,00000000
276770,28.159,00000000
276780,28.175,00000000
276790,28.044,00000000
276800,27.833,00000000
276810,27.887,00000000
276820,27.714,00000000
276830,27.747,00000000
276840,27.502,00000000
276850,27.282,00000000
276860,27.250,00000000
276870,27.519,00000000
276880,27.655,00000000
276890,27.756,00000000
276900,27.625,00000000
276910,27.859,00000000
276920,27.996,00000000
276930,28.015,00000000
276940,27.925,00000000
276950,27.986,00000000
276960,27.977,00000000
276970,28.229,00000000
276980,28.280,00000000
276990,27.929,00000000
277000,28.040,00000000
277010,27.896,00000000
277020,27.629,00000000
277030,27.208,00000000
277040,26.915,00000000
277050,27.184,00000000
277060,27.350,00000000
277070,27.613,00000000
277080,27.705,00000000
277090,27.634,00000000
277100,27.791,00000000
277110,27.851,00000000
277120,27.956,00000000
277130,28.104,00000000
277140,28.066,00000000
277150,27.975,00000000
277160,28.029,00000000
277170,27.939,00000000
277180,28.149,00000000
277190,27.955,00000000
277200,27.775,00000000
277210,27.467,00000000
277220,27.295,00000000
277230,27.276,00000000
277240,27.462,00000000
277250,27.564,00000000
277260,27.441,00000000
277270,27.581,00000000
277280,27.784,00000000
277290,27.954,00000000
277300,27.756,00000000
277310,28.063,00000000
277320,28.008,00000000
277330,28.046,00000000
277340,27.922,00000000
277350,27.985,00000000
277360,27.916,00000000
277370,28.060,00000000
277380,28.037,00000000
277390,27.759,00000000
277400,27.436,00000000
277410,27.229,00000000
277420,27.356,00000000
277430,27.416,00000000
277440,27.566,00000000
277450,27.415,00000000
277460,27.649,00000000
277470,27.777,00000000
277480,27.862,00000000
277490,27.852,00000000
277500,27.945,00000000
277510,27.936,00000000
277520,28.154,00000000
277530,28.167,00000000
277540,28.028,00000000
277550,27.984,00000000
277560,27.878,00000000
277570,27.920,00000000
277580,27.734,00000000
277590,27.318,00000000
277600,27.143,00000000
277610,27.200,00000000
277620,27.492,00000000
277630,27.579,00000000
277640,27.529,00000000
277650,27.713,00000000
277660,27.926,00000000
277670,27.829,00000000
277680,27.892,00000000
277690,27.897,00000000
277700,27.945,00000000
277710,28.164,00000000
277720,28.034,00000000
277730,27.989,00000000
277740,28.186,00000000
277750,28.028,00000000
277760,27.759,00000000
277770,27.657,00000000
277780,27.320,00000000
277790,27.251,00000000
277800,27.416,00000000
277810,27.573,00000000
277820,27.486,00000000
277830,27.833,00000000
277840,27.839,00000000
277850,27.870,00000000
277860,27.842,00000000
277870,27.902,00000000
277880,27.854,00000000
277890,28.096,00000000
277900,27.943,00000000
277910,28.059,00000000
277920,28.135,00000000
277930,28.002,00000000
277940,28.106,00000000
277950,27.979,00000000
277960,27.505,00000000
277970,27.298,00000000
277980,27.143,00000000
277990,27.200,00000000
278000,27.394,00000000
278010,27.575,00000000
278020,27.612,00000000
278030,27.780,00000000
278040,27.883,00000000
278050,27.839,00000000
278060,27.977,00000000
278070,28.253,00000000
278080,28.107,00000000
278090,28.145,00000000
278100,27.849,00000000
278110,28.204,00000000
278120,28.167,00000000
278130,27.886,00000000
278140,27.873,00000000
278150,27.588,00000000
278160,27.331,00000000
278170,27.300,00000000
278180,27.494,00000000
278190,27.434,00000000
278200,27.691,00000000
278210,27.445,00000000
278220,27.761,00000000
278230,27.848,00000000
278240,27.888,00000000
278250,27.964,00000000
278260,28.037,00000000
278270,28.015,00000000
278280,28.065,00000000
278290,28.093,00000000
278300,28.004,00000000
278310,27.834,00000000
278320,27.884,00000000
278330,27.674,00000000
278340,27.597,00000000
278350,27.439,00000000
278360,27.364,00000000
278370,27.315,00000000
278380,27.393,00000000
278390,27.569,00000000
278400,27.794,00000000
278410,27.764,00000000
278420,27.998,00000000
278430,27.865,00000000
278440,28.057,00000000
278450,28.082,00000000
278460,28.145,00000000
278470,27.900,00000000
278480,28.034,00000000
278490,27.932,00000000
278500,27.910,00000000
278510,27.834,00000000
278520,27.786,00000000
278530,27.458,00000000
278540,27.253,00000000
278550,27.291,00000000
278560,27.386,00000000
278570,27.394,00000000
278580,27.542,00000000
278590,27.662,00000000
278600,27.741,00000000
278610,27.801,00000000
278620,27.785,00000000
278630,27.986,00000000
278640,27.964,00000000
278650,28.068,00000000
278660,28.109,00000000
278670,28.021,00000000
278680,27.970,00000000
278690,27.935,00000000
278700,27.831,00000000
278710,27.859,00000000
278720,27.670,00000000
278730,27.353,00000000
278740,27.223,00000000
278750,27.202,00000000
278760,27.490,00000000
278770,27.674,00000000
278780,27.739,00000000
278790,27.573,00000000
278800,27.752,00000000
278810,27.782,00000000
278820,27.885,00000000
278830,27.999,00000000
278840,28.057,00000000
278850,28.128,00000000
278860,28.094,00000000
278870,27.971,00000000
278880,27.889,00000000
278890,28.057,00000000
278900,27.928,00000000
278910,27.749,00000000
278920,27.377,00000000
278930,27.083,00000000
278940,27.450,00000000
278950,27.539,00000000
278960,27.563,00000000
278970,27.419,00000000
278980,27.623,00000000
278990,27.851,00000000
279000,27.952,00000000
279010,27.995,00000000
279020,27.990,00000000
279030,28.035,00000000
279040,28.124,00000000
279050,28.259,00000000
279060,28.134,00000000
279070,27.912,00000000
279080,27.854,00000000
279090,27.623,00000000
279100,27.420,00000000
279110,27.255,00000000
279120,27.186,00000000
279130,27.296,00000000
279140,27.387,00000000
279150,27.802,00000000
279160,27.778,00000000
279170,27.868,00000000
279180,27.726,00000000
279190,27.920,00000000
279200,28.081,00000000
279210,27.843,00000000
279220,27.958,00000000
279230,28.067,00000000
279240,28.189,00000000
279250,27.950,00000000
279260,28.051,00000000
279270,27.882,00000000
279280,27.527,00000000
279290,27.502,00000000
279300,27.257,00000000
279310,27.254,00000000
279320,27.333,00000000
279330,27.424,00000000
279340,27.439,00000000
279350,27.563,00000000
279360,27.708,00000000
279370,27.877,00000000
279380,27.948,00000000
279390,28.047,00000000
279400,28.158,00000000
279410,27.993,00000000
279420,28.081,00000000
279430,28.232,00000000
279440,27.949,00000000
279450,27.962,00000000
279460,27.954,00000000
279470,27.827,00000000
279480,27.445,00000000
279490,27.382,00000000
279500,27.246,00000000
279510,27.306,00000000
279520,27.391,00000000
279530,27.597,00000000
279540,27.558,00000000
279550,27.597,00000000
279560,27.719,00000000
279570,27.916,00000000
279580,28.167,00000000
279590,27.950,00000000
279600,27.886,00000000
279610,28.227,00000000
279620,28.084,00000000
279630,28.155,00000000
279640,27.889,00000000
279650,27.699,00000000
279660,27.645,00000000
279670,27.366,00000000
279680,27.180,00000000
279690,27.401,00000000
279700,27.390,00000000
279710,27.575,00000000
279720,27.527,00000000
279730,27.798,00000000
279740,27.731,00000000
279750,27.862,00000000
279760,27.895,00000000
279770,28.105,00000000
279780,28.068,00000000
279790,28.023,00000000
279800,27.919,00000000
279810,27.885,00000000
279820,28.044,00000000
279830,28.019,00000000
279840,27.914,00000000
279850,27.668,00000000
279860,27.610,00000000
279870,27.081,00000000
279880,27.360,00000000
279890,27.586,00000000
279900,27.403,00000000
279910,27.574,00000000
279920,27.796,00000000
279930,27.779,00000000
279940,27.795,00000000
279950,27.853,00000000
279960,27.904,00000000
279970,28.022,00000000
279980,28.287,00000000
279990,28.101,00000000
280000,27.923,00000000
280010,28.005,00000000
280020,28.140,00000000
280030,27.886,00000000
280040,27.735,00000000
280050,27.354,00000000
280060,27.213,00000000
280070,27.455,00000000
280080,27.379,00000000
280090,27.633,00000000
280100,27.409,00000000
280110,27.773,00000000
280120,27.911,00000000
280130,27.814,00000000
280140,27.915,00000000
280150,28.059,00000000
280160,28.133,00000000
280170,28.055,00000000
280180,28.154,00000000
280190,28.169,00000000
280200,28.075,00000000
280210,28.116,00000000
280220,27.896,00000000
280230,27.836,00000000
280240,27.465,00000000
280250,27.202,00000000
280260,27.210,00000000
280270,27.394,00000000
280280,27.672,00000000
280290,27.608,00000000
280300,27.758,00000000
280310,27.916,00000000
280320,27.686,00000000
280330,27.799,00000000
280340,28.080,00000000
280350,28.047,00000000
280360,28.019,00000000
280370,28.126,00000000
280380,28.093,00000000
280390,28.003,00000000
280400,27.996,00000000
280410,27.846,00000000
280420,27.824,00000000
280430,27.606,00000000
280440,27.453,00000000
280450,27.095,00000000
280460,27.153,00000000
280470,27.344,00000000
280480,27.645,00000000
280490,27.684,00000000
280500,27.886,00000000
280510,27.972,00000000
280520,27.967,00000000
280530,27.924,00000000
280540,28.163,00000000
280550,28.021,00000000
280560,28.200,00000000
280570,28.016,00000000
280580,27.979,00000000
280590,27.931,00000000
280600,27.964,00000000
280610,27.673,00000000
280620,27.436,00000000
280630,27.225,00000000
280640,27.223,00000000
280650,27.457,00000000
280660,27.449,00000000
280670,27.693,00000000
280680,27.635,00000000
280690,27.711,00000000
280700,27.704,00000000
280710,27.919,00000000
280720,28.144,00000000
280730,28.098,00000000
280740,28.091,00000000
280750,28.008,00000000
280760,27.978,00000000
280770,28.045,00000000
280780,28.119,00000000
280790,27.796,00000000
280800,27.565,00000000
280810,27.518,00000000
280820,27.320,00000000
280830,27.346,00000000
280840,27.221,00000000
280850,27.338,00000000
280860,27.567,00000000
280870,27.669,00000000
280880,27.758,00000000
280890,27.859,00000000
280900,27.985,00000000
280910,28.090,00000000
280920,28.047,00000000
280930,27.943,00000000
280940,28.072,00000000
280950,28.263,00000000
280960,28.037,00000000
280970,27.883,00000000
280980,27.853,00000000
280990,27.652,00000000
281000,27.535,00000000
281010,27.401,00000000
281020,27.185,00000000
281030,27.342,00000000
281040,27.329,00000000
281050,27.584,00000000
281060,27.547,00000000
281070,27.688,00000000
281080,28.009,00000000
281090,27.991,00000000
281100,28.038,00000000
281110,27.901,00000000
281120,27.967,00000000
281130,28.293,00000000
281140,28.245,00000000
281150,28.002,00000000
281160,27.776,00000000
281170,27.908,00000000
281180,27.825,00000000
281190,27.571,00000000
281200,27.291,00000000
281210,27.289,00000000
281220,27.265,00000000
281230,27.332,00000000
281240,27.747,00000000
281250,27.501,00000000
281260,27.772,00000000
281270,27.714,00000000
281280,28.023,00000000
281290,28.077,00000000
281300,27.929,00000000
281310,27.893,00000000
281320,27.989,00000000
281330,28.329,00000000
281340,28.107,00000000
281350,27.812,00000000
281360,27.688,00000000
281370,27.610,00000000
281380,27.709,00000000
281390,27.489,00000000
281400,27.318,00000000
281410,27.351,00000000
281420,27.509,00000000
281430,27.643,00000000
281440,27.478,00000000
281450,27.618,00000000
281460,27.735,00000000
281470,27.809,00000000
281480,28.018,00000000
281490,27.886,00000000
281500,28.133,00000000
281510,28.051,00000000
281520,28.026,00000000
281530,27.961,00000000
281540,28.013,00000000
281550,27.988,00000000
281560,27.921,00000000
281570,27.543,00000000
281580,27.289,00000000
281590,27.085,00000000
281600,27.250,00000000
281610,27.399,00000000
281620,27.499,00000000
281630,27.535,00000000
281640,27.594,00000000
281650,27.712,00000000
281660,28.008,00000000
281670,28.011,00000000
281680,28.078,00000000
281690,28.084,00000000
281700,27.976,00000000
281710,28.010,00000000
281720,28.130,00000000
281730,28.092,00000000
281740,27.828,00000000
281750,27.667,00000000
281760,27.430,00000000
281770,27.454,00000000
281780,27.213,00000000
281790,27.393,00000000
281800,27.305,00000000
281810,27.608,00000000
281820,27.780,00000000
281830,27.736,00000000
281840,27.795,00000000
281850,27.742,00000000
281860,27.951,00000000
281870,27.921,00000000
281880,28.131,00000000
281890,28.182,00000000
281900,28.085,00000000
281910,27.929,00000000
281920,28.109,00000000
281930,28.014,00000000
281940,27.748,00000000
281950,27.507,00000000
281960,27.528,00000000
281970,27.281,00000000
281980,27.195,00000000
281990,27.383,00000000
282000,27.386,00000000
282010,27.648,00000000
282020,27.812,00000000
282030,27.706,00000000
282040,27.801,00000000
282050,28.112,00000000
282060,28.078,00000000
282070,28.051,00000000
282080,28.016,00000000
282090,28.149,00000000
282100,27.902,00000000
282110,27.970,00000000
282120,28.106,00000000
282130,27.718,00000000
282140,27.528,00000000
282150,27.316,00000000
282160,27.332,00000000
282170,27.373,00000000
282180,27.409,00000000
282190,27.496,00000000
282200,27.458,00000000
282210,27.649,00000000
282220,27.880,00000000
282230,28.001,00000000
282240,27.992,00000000
282250,28.004,00000000
282260,28.024,00000000
282270,28.066,00000000
282280,28.102,00000000
282290,28.159,00000000
282300,28.114,00000000
282310,27.879,00000000
282320,27.847,00000000
282330,27.558,00000000
282340,27.373,00000000
282350,27.250,00000000
282360,27.358,00000000
282370,27.402,00000000
282380,27.493,00000000
282390,27.525,00000000
282400,27.719,00000000
282410,27.772,00000000
282420,27.948,00000000
282430,27.951,00000000
282440,27.993,00000000
282450,27.944,00000000
282460,28.124,00000000
282470,28.102,00000000
282480,28.049,00000000
282490,27.972,00000000
282500,27.873,00000000
282510,27.828,00000000
282520,27.835,00000000
282530,27.265,00000000
282540,27.076,00000000
282550,27.135,00000000
282560,27.390,00000000
282570,27.488,00000000
282580,27.763,00000000
282590,27.794,00000000
282600,27.908,00000000
282610,27.931,00000000
282620,27.905,00000000
282630,28.040,00000000
282640,28.047,00000000
282650,27.936,00000000
282660,28.183,00000000
282670,28.239,00000000
282680,27.949,00000000
282690,28.032,00000000
282700,27.798,00000000
282710,27.592,00000000
282720,27.505,00000000
282730,27.062,00000000
282740,27.293,00000000
282750,27.543,00000000
282760,27.466,00000000
282770,27.597,00000000
282780,27.834,00000000
282790,27.888,00000000
282800,28.050,00000000
282810,27.877,00000000
282820,28.002,00000000
282830,27.911,00000000
282840,28.150,00000000
282850,28.059,00000000
282860,28.182,00000000
282870,27.923,00000000
282880,27.889,00000000
282890,27.846,00000000
282900,27.614,00000000
282910,27.342,00000000
282920,27.057,00000000
282930,27.253,00000000
282940,27.418,00000000
282950,27.490,00000000
282960,27.564,00000000
282970,27.751,00000000
282980,27.744,00000000
282990,27.948,00000000
283000,27.881,00000000
283010,28.042,00000000
283020,28.020,00000000
283030,28.024,00000000
283040,28.041,00000000
283050,28.020,00000000
283060,27.937,00000000
283070,27.878,00000000
283080,27.883,00000000
283090,27.676,00000000
283100,27.455,00000000
283110,27.059,00000000
283120,27.192,00000000
283130,27.575,00000000
283140,27.538,00000000
283150,27.520,00000000
283160,27.596,00000000
283170,27.800,00000000
283180,27.882,00000000
283190,27.912,00000000
283200,28.131,00000000
283210,28.038,00000000
283220,28.079,00000000
283230,28.077,00000000
283240,28.186,00000000
283250,27.999,00000000
283260,27.839,00000000
283270,27.731,00000000
283280,27.584,00000000
283290,27.464,00000000
283300,27.265,00000000
283310,27.180,00000000
283320,27.424,00000000
283330,27.360,00000000
283340,27.540,00000000
283350,27.897,00000000
283360,27.726,00000000
283370,27.788,00000000
283380,27.894,00000000
283390,28.037,00000000
283400,27.959,00000000
283410,28.069,00000000
283420,28.276,00000000
283430,28.161,00000000
283440,28.113,00000000
283450,27.916,00000000
283460,27.854,00000000
283470,27.673,00000000
283480,27.524,00000000
283490,27.356,00000000
283500,27.270,00000000
283510,27.315,00000000
283520,27.355,00000000
283530,27.559,00000000
283540,27.868,00000000
283550,27.850,00000000
283560,27.836,00000000
283570,27.787,00000000
283580,27.876,00000000
283590,27.986,00000000
283600,28.148,00000000
283610,28.096,00000000
283620,28.056,00000000
283630,27.992,00000000
283640,27.843,00000000
283650,27.789,00000000
283660,27.842,00000000
283670,27.552,00000000
283680,27.293,00000000
283690,27.314,00000000
283700,27.230,00000000
283710,27.527,00000000
283720,27.701,00000000
283730,27.760,00000000
283740,27.760,00000000
283750,27.969,00000000
283760,27.900,00000000
283770,27.910,00000000
283780,28.012,00000000
283790,28.110,00000000
283800,28.026,00000000
283810,28.149,00000000
283820,28.008,00000000
283830,28.126,00000000
283840,27.855,00000000
283850,27.597,00000000
283860,27.271,00000000
283870,27.330,00000000
283880,27.267,00000000
283890,27.415,00000000
283900,27.439,00000000
283910,27.584,00000000
283920,27.674,00000000
283930,27.886,00000000
283940,27.920,00000000
283950,28.084,00000000
283960,28.009,00000000
283970,28.111,00000000
283980,28.252,00000000
283990,28.169,00000000
284000,27.882,00000000
284010,27.819,00000000
284020,27.734,00000000
284030,27.763,00000000
284040,27.543,00000000
284050,26.954,00000000
284060,27.357,00000000
284070,27.544,00000000
284080,27.711,00000000
284090,27.806,00000000
284100,27.645,00000000
284110,27.912,00000000
284120,27.972,00000000
284130,27.802,00000000
284140,28.146,00000000
284150,27.881,00000000
284160,28.016,00000000
284170,27.992,00000000
284180,28.003,00000000
284190,27.970,00000000
284200,28.064,00000000
284210,27.793,00000000
284220,27.524,00000000
284230,27.109,00000000
284240,27.146,00000000
284250,27.467,00000000
284260,27.560,00000000
284270,27.589,00000000
284280,27.683,00000000
284290,27.803,00000000
284300,27.763,00000000
284310,27.867,00000000
284320,28.011,00000000
284330,28.137,00000000
284340,28.172,00000000
284350,28.115,00000000
284360,28.036,00000000
284370,27.929,00000000
284380,27.966,00000000
284390,27.922,00000000
284400,27.635,00000000
284410,27.233,00000000
284420,27.026,00000000
284430,27.250,00000000
284440,27.559,00000000
284450,27.644,00000000
284460,27.587,00000000
284470,27.733,00000000
284480,27.701,00000000
284490,27.951,00000000
284500,28.121,00000000
284510,27.996,00000000
284520,27.938,00000000
284530,28.018,00000000
284540,28.128,00000000
284550,28.150,00000000
284560,27.943,00000000
284570,27.700,00000000
284580,27.795,00000000
284590,27.581,00000000
284600,27.099,00000000
284610,27.196,00000000
284620,27.333,00000000
284630,27.600,00000000
284640,27.733,00000000
284650,27.619,00000000
284660,27.650,00000000
284670,27.788,00000000
284680,27.898,00000000
284690,27.945,00000000
284700,28.194,00000000
284710,28.114,00000000
284720,27.974,00000000
284730,28.111,00000000
284740,28.221,00000000
284750,27.983,00000000
284760,27.775,00000000
284770,27.518,00000000
284780,27.247,00000000
284790,27.105,00000000
284800,27.361,00000000
284810,27.388,00000000
284820,27.526,00000000
284830,27.512,00000000
284840,27.759,00000000
284850,28.035,00000000
284860,27.973,00000000
284870,27.990,00000000
284880,28.085,00000000
284890,27.973,00000000
284900,27.997,00000000
284910,28.203,00000000
284920,28.181,00000000
284930,27.956,00000000
284940,27.769,00000000
284950,27.626,00000000
284960,27.359,00000000
284970,27.310,00000000
284980,27.443,00000000
284990,27.496,00000000
285000,27.421,00000000
285010,27.736,00000000
285020,27.805,00000000
285030,27.919,00000000
285040,27.697,00000000
285050,27.704,00000000
285060,27.947,00000000
285070,28.104,00000000
285080,28.001,00000000
285090,27.975,00000000
285100,28.008,00000000
285110,28.118,00000000
285120,27.975,00000000
285130,27.804,00000000
285140,27.547,00000000
285150,27.370,00000000
285160,27.084,00000000
285170,27.324,00000000
285180,27.542,00000000
285190,27.702,00000000
285200,27.497,00000000
285210,27.762,00000000
285220,27.832,00000000
285230,27.914,00000000
285240,27.899,00000000
285250,27.937,00000000
285260,28.014,00000000
285270,28.068,00000000
285280,28.008,00000000
285290,28.064,00000000
285300,28.013,00000000
285310,27.825,00000000
285320,27.703,00000000
285330,27.508,00000000
285340,27.174,00000000
285350,27.261,00000000
285360,27.366,00000000
285370,27.427,00000000
285380,27.492,00000000
285390,27.652,00000000
285400,27.663,00000000
285410,27.774,00000000
285420,28.090,00000000
285430,28.083,00000000
285440,27.984,00000000
285450,28.136,00000000
285460,28.277,00000000
285470,28.120,00000000
285480,27.858,00000000
285490,27.845,00000000
285500,27.707,00000000
285510,27.610,00000000
285520,27.543,00000000
285530,27.290,00000000
285540,27.236,00000000
285550,27.377,00000000
285560,27.581,00000000
285570,27.741,00000000
285580,27.764,00000000
285590,27.816,00000000
285600,27.902,00000000
285610,27.829,00000000
285620,27.998,00000000
285630,27.968,00000000
285640,28.040,00000000
285650,27.974,00000000
285660,28.172,00000000
285670,27.996,00000000
285680,27.896,00000000
285690,27.724,00000000
285700,27.420,00000000
285710,27.244,00000000
285720,27.166,00000000
285730,27.300,00000000
285740,27.603,00000000
285750,27.697,00000000
285760,27.571,00000000
285770,27.620,00000000
285780,27.717,00000000
285790,27.922,00000000
285800,28.193,00000000
285810,28.158,00000000
285820,27.917,00000000
285830,28.051,00000000
285840,28.138,00000000
285850,28.151,00000000
285860,27.990,00000000
285870,27.657,00000000
285880,27.478,00000000
285890,27.399,00000000
285900,27.129,00000000
285910,27.213,00000000
285920,27.554,00000000
285930,27.653,00000000
285940,27.701,00000000
285950,27.533,00000000
285960,27.759,00000000
285970,28.012,00000000
285980,27.934,00000000
285990,27.886,00000000
286000,28.153,00000000
286010,28.035,00000000
286020,27.994,00000000
286030,27.880,00000000
286040,28.007,00000000
286050,27.852,00000000
286060,27.465,00000000
286070,27.331,00000000
286080,27.280,00000000
286090,27.416,00000000
286100,27.406,00000000
286110,27.408,00000000
286120,27.589,00000000
286130,27.624,00000000
286140,27.791,00000000
286150,27.894,00000000
286160,27.923,00000000
286170,27.983,00000000
286180,28.120,00000000
286190,28.074,00000000
286200,27.959,00000000
286210,28.021,00000000
286220,27.998,00000000
286230,27.754,00000000
286240,27.773,00000000
286250,27.557,00000000
286260,27.214,00000000
286270,27.124,00000000
286280,27.237,00000000
286290,27.634,00000000
286300,27.559,00000000
286310,27.563,00000000
286320,27.817,00000000
286330,27.808,00000000
286340,27.938,00000000
286350,28.095,00000000
286360,27.992,00000000
286370,28.105,00000000
286380,28.142,00000000
286390,27.994,00000000
286400,27.990,00000000
286410,27.854,00000000
286420,27.790,00000000
286430,27.624,00000000
286440,27.253,00000000
286450,27.186,00000000
286460,27.327,00000000
286470,27.432,00000000
286480,27.541,00000000
286490,27.629,00000000
286500,27.738,00000000
286510,27.776,00000000
286520,27.977,00000000
286530,28.077,00000000
286540,28.009,00000000
286550,28.085,00000000
286560,27.984,00000000
286570,28.083,00000000
286580,27.920,00000000
286590,27.966,00000000
286600,27.872,00000000
286610,27.666,00000000
286620,27.368,00000000
286630,27.120,00000000
286640,27.212,00000000
286650,27.301,00000000
286660,27.440,00000000
286670,27.650,00000000
286680,27.789,00000000
286690,27.704,00000000
286700,27.968,00000000
286710,28.048,00000000
286720,28.040,00000000
286730,28.066,00000000
286740,27.984,00000000
286750,28.159,00000000
286760,28.037,00000000
286770,28.012,00000000
286780,27.931,00000000
286790,27.756,00000000
286800,27.517,00000000
286810,27.264,00000000
286820,27.236,00000000
286830,27.215,00000000
286840,27.349,00000000
286850,27.640,00000000
286860,27.647,00000000
286870,27.750,00000000
286880,27.822,00000000
286890,27.831,00000000
286900,28.094,00000000
286910,28.015,00000000
286920,28.201,00000000
286930,28.130,00000000
286940,28.108,00000000
286950,28.129,00000000
286960,27.987,00000000
286970,27.768,00000000
286980,27.611,00000000
286990,27.469,00000000
287000,27.155,00000000
287010,27.223,00000000
287020,27.341,00000000
287030,27.359,00000000
287040,27.722,00000000
287050,27.686,00000000
287060,27.808,00000000
287070,27.816,00000000
287080,27.927,00000000
287090,28.208,00000000
287100,28.129,00000000
287110,28.106,00000000
287120,28.030,00000000
287130,28.161,00000000
287140,27.851,00000000
287150,27.897,00000000
287160,27.701,00000000
287170,27.609,00000000
287180,27.312,00000000
287190,27.168,00000000
287200,27.346,00000000
287210,27.408,00000000
287220,27.650,00000000
287230,27.604,00000000
287240,27.704,00000000
287250,27.888,00000000
287260,27.859,00000000
287270,28.059,00000000
287280,27.945,00000000
287290,28.152,00000000
287300,28.061,00000000
287310,28.042,00000000
287320,28.013,00000000
287330,27.950,00000000
287340,27.892,00000000
287350,27.654,00000000
287360,27.229,00000000
287370,27.269,00000000
287380,27.358,00000000
287390,27.386,00000000
287400,27.631,00000000
287410,27.618,00000000
287420,27.778,00000000
287430,27.912,00000000
287440,27.951,00000000
287450,27.988,00000000
287460,28.141,00000000
287470,28.159,00000000
287480,28.130,00000000
287490,28.038,00000000
287500,27.933,00000000
287510,27.995,00000000
287520,27.748,00000000
287530,27.629,00000000
287540,27.340,00000000
287550,27.230,00000000
287560,27.456,00000000
287570,27.263,00000000
287580,27.594,00000000
287590,27.656,00000000
287600,27.699,00000000
287610,27.830,00000000
287620,27.839,00000000
287630,27.832,00000000
287640,28.044,00000000
287650,28.054,00000000
287660,28.205,00000000
287670,28.233,00000000
287680,28.130,00000000
287690,28.042,00000000
287700,27.765,00000000
287710,27.596,00000000
287720,27.339,00000000
287730,27.090,00000000
287740,27.288,00000000
287750,27.299,00000000
287760,27.544,00000000
287770,27.501,00000000
287780,27.672,00000000
287790,27.863,00000000
287800,27.796,00000000
287810,27.871,00000000
287820,28.026,00000000
287830,28.097,00000000
287840,28.204,00000000
287850,28.122,00000000
287860,28.163,00000000
287870,27.977,00000000
287880,27.913,00000000
287890,27.769,00000000
287900,27.627,00000000
287910,27.229,00000000
287920,27.131,00000000
287930,27.388,00000000
287940,27.448,00000000
287950,27.562,00000000
287960,27.575,00000000
287970,27.884,00000000
287980,27.960,00000000
287990,27.996,00000000
288000,27.845,00000000
288010,27.914,00000000
288020,28.037,00000000
288030,27.951,00000000
288040,28.124,00000000
288050,27.972,00000000
288060,28.044,00000000
288070,27.750,00000000
288080,27.632,00000000
288090,27.485,00000000
288100,27.224,00000000
288110,27.341,00000000
288120,27.284,00000000
288130,27.479,00000000
288140,27.569,00000000
288150,27.794,00000000
288160,27.951,00000000
288170,27.864,00000000
288180,27.928,00000000
288190,28.198,00000000
288200,28.057,00000000
288210,28.040,00000000
288220,28.135,00000000
288230,28.044,00000000
288240,28.121,00000000
288250,27.838,00000000
288260,27.629,00000000
288270,27.499,00000000
288280,27.177,00000000
288290,27.293,00000000
288300,27.475,00000000
288310,27.513,00000000
288320,27.600,00000000
288330,27.622,00000000
288340,27.738,00000000
288350,28.012,00000000
288360,27.939,00000000
288370,28.028,00000000
288380,27.887,00000000
288390,28.067,00000000
288400,28.104,00000000
288410,28.018,00000000
288420,28.100,00000000
288430,27.963,00000000
288440,27.777,00000000
288450,27.515,00000000
288460,27.319,00000000
288470,27.210,00000000
288480,27.371,00000000
288490,27.516,00000000
288500,27.436,00000000
288510,27.596,00000000
288520,27.801,00000000
288530,27.737,00000000
288540,27.818,00000000
288550,27.919,00000000
288560,28.104,00000000
288570,28.072,00000000
288580,27.928,00000000
288590,28.146,00000000
288600,28.223,00000000
288610,27.798,00000000
288620,27.765,00000000
288630,27.617,00000000
288640,27.367,00000000
288650,27.124,00000000
288660,27.293,00000000
288670,27.484,00000000
288680,27.599,00000000
288690,27.590,00000000
288700,27.820,00000000
288710,27.793,00000000
288720,27.954,00000000
288730,27.957,00000000
288740,28.067,00000000
288750,28.142,00000000
288760,28.221,00000000
288770,27.983,00000000
288780,28.029,00000000
288790,28.049,00000000
288800,27.851,00000000
288810,27.734,00000000
288820,27.600,00000000
288830,27.218,00000000
288840,27.269,00000000
288850,27.429,00000000
288860,27.627,00000000
288870,27.708,00000000
288880,27.702,00000000
288890,27.830,00000000
288900,27.836,00000000
288910,27.991,00000000
288920,28.094,00000000
288930,28.145,00000000
288940,28.037,00000000
288950,28.178,00000000
288960,27.947,00000000
288970,28.028,00000000
288980,27.837,00000000
288990,27.743,00000000
289000,27.488,00000000
289010,27.300,00000000
289020,27.190,00000000
289030,27.402,00000000
289040,27.419,00000000
289050,27.633,00000000
289060,27.663,00000000
289070,27.985,00000000
289080,27.756,00000000
289090,28.068,00000000
289100,28.184,00000000
289110,27.964,00000000
289120,28.042,00000000
289130,28.015,00000000
289140,28.349,00000000
289150,27.783,00000000
289160,27.805,00000000
289170,27.695,00000000
289180,27.486,00000000
289190,27.377,00000000
289200,27.001,00000000
289210,27.344,00000000
289220,27.259,00000000
289230,27.721,00000000
289240,27.651,00000000
289250,27.893,00000000
289260,27.804,00000000
289270,27.982,00000000
289280,27.960,00000000
289290,28.117,00000000
289300,28.113,00000000
289310,27.990,00000000
289320,28.029,00000000
289330,28.091,00000000
289340,27.951,00000000
289350,27.860,00000000
289360,27.731,00000000
289370,27.379,00000000
289380,27.042,00000000
289390,27.392,00000000
289400,27.429,00000000
289410,27.529,00000000
289420,27.672,00000000
289430,27.713,00000000
289440,27.858,00000000
289450,27.840,00000000
289460,27.987,00000000
289470,28.098,00000000
289480,28.215,00000000
289490,28.176,00000000
289500,28.189,00000000
289510,27.781,00000000
289520,27.886,00000000
289530,27.988,00000000
289540,27.590,00000000
289550,27.449,00000000
289560,27.136,00000000
289570,27.290,00000000
289580,27.360,00000000
289590,27.431,00000000
289600,27.707,00000000
289610,27.880,00000000
289620,27.970,00000000
289630,27.765,00000000
289640,28.082,00000000
289650,27.886,00000000
289660,28.072,00000000
289670,28.182,00000000
289680,28.202,00000000
289690,28.205,00000000
289700,27.868,00000000
289710,27.847,00000000
289720,27.654,00000000
289730,27.483,00000000
289740,27.157,00000000
289750,27.306,00000000
289760,27.379,00000000
289770,27.540,00000000
289780,27.633,00000000
289790,27.712,00000000
289800,27.895,00000000
289810,28.140,00000000
289820,28.028,00000000
289830,28.088,00000000
289840,28.044,00000000
289850,28.085,00000000
289860,28.078,00000000
289870,27.977,00000000
289880,28.113,00000000
289890,27.761,00000000
289900,27.707,00000000
289910,27.585,00000000
289920,27.249,00000000
289930,27.171,00000000
289940,27.339,00000000
289950,27.487,00000000
289960,27.610,00000000
289970,27.585,00000000
289980,27.798,00000000
289990,27.786,00000000
290000,27.908,00000000
290010,27.923,00000000
290020,28.041,00000000
290030,28.066,00000000
290040,28.085,00000000
290050,28.148,00000000
290060,28.111,00000000
290070,28.046,00000000
290080,27.828,00000000
290090,27.613,00000000
290100,27.416,00000000
290110,27.143,00000000
290120,27.248,00000000
290130,27.545,00000000
290140,27.596,00000000
290150,27.528,00000000
290160,27.882,00000000
290170,27.716,00000000
290180,27.891,00000000
290190,27.956,00000000
290200,28.120,00000000
290210,27.937,00000000
290220,28.099,00000000
290230,27.971,00000000
290240,28.011,00000000
290250,27.986,00000000
290260,27.808,00000000
290270,27.772,00000000
290280,27.485,00000000
290290,27.243,00000000
290300,27.272,00000000
290310,27.517,00000000
290320,27.555,00000000
290330,27.512,00000000
290340,27.683,00000000
290350,27.753,00000000
290360,27.923,00000000
290370,27.864,00000000
290380,28.089,00000000
290390,28.286,00000000
290400,28.045,00000000
290410,28.179,00000000
290420,28.004,00000000
290430,28.009,00000000
290440,27.936,00000000
290450,27.741,00000000
290460,27.579,00000000
290470,27.279,00000000
290480,27.320,00000000
290490,27.301,00000000
290500,27.342,00000000
290510,27.501,00000000
290520,27.674,00000000
290530,27.769,00000000
290540,27.863,00000000
290550,27.870,00000000
290560,28.048,00000000
290570,28.079,00000000
290580,28.028,00000000
290590,28.087,00000000
290600,28.050,00000000
290610,28.028,00000000
290620,27.988,00000000
290630,27.782,00000000
290640,27.611,00000000
290650,27.271,00000000
290660,27.248,00000000
290670,27.308,00000000
290680,27.423,00000000
290690,27.577,00000000
290700,27.705,00000000
290710,27.776,00000000
290720,27.918,00000000
290730,27.943,00000000
290740,28.037,00000000
290750,27.973,00000000
290760,28.202,00000000
290770,28.042,00000000
290780,28.043,00000000
290790,28.083,00000000
290800,27.974,00000000
290810,27.828,00000000
290820,27.684,00000000
290830,27.355,00000000
290840,27.137,00000000
290850,27.349,00000000
290860,27.343,00000000
290870,27.595,00000000
290880,27.629,00000000
290890,27.777,00000000
290900,27.889,00000000
290910,27.855,00000000
290920,27.914,00000000
290930,28.040,00000000
290940,28.203,00000000
290950,28.229,00000000
290960,28.112,00000000
290970,28.048,00000000
290980,27.948,00000000
290990,27.848,00000000
291000,27.687,00000000
291010,27.452,00000000
291020,27.070,00000000
291030,27.166,00000000
291040,27.413,00000000
291050,27.617,00000000
291060,27.680,00000000
291070,27.722,00000000
291080,27.868,00000000
291090,27.738,00000000
291100,27.939,00000000
291110,28.014,00000000
291120,28.006,00000000
291130,28.116,00000000
291140,28.176,00000000
291150,27.900,00000000
291160,27.953,00000000
291170,27.921,00000000
291180,27.775,00000000
291190,27.530,00000000
291200,27.239,00000000
291210,27.303,00000000
291220,27.263,00000000
291230,27.394,00000000
291240,27.667,00000000
291250,27.721,00000000
291260,27.819,00000000
291270,27.973,00000000
291280,28.077,00000000
291290,28.134,00000000
291300,27.931,00000000
291310,28.133,00000000
291320,28.005,00000000
291330,28.092,00000000
291340,28.103,00000000
291350,27.754,00000000
291360,27.591,00000000
291370,27.531,00000000
291380,27.189,00000000
291390,27.231,00000000
291400,27.377,00000000
291410,27.477,00000000
291420,27.566,00000000
291430,27.645,00000000
291440,27.781,00000000
291450,28.039,00000000
291460,28.097,00000000
291470,28.262,00000000
291480,27.831,00000000
291490,28.057,00000000
291500,28.063,00000000
291510,27.947,00000000
291520,27.940,00000000
291530,28.033,00000000
291540,27.845,00000000
291550,27.710,00000000
291560,27.363,00000000
291570,27.089,00000000
291580,27.388,00000000
291590,27.452,00000000
291600,27.524,00000000
291610,27.640,00000000
291620,27.631,00000000
291630,27.944,00000000
291640,27.877,00000000
291650,27.904,00000000
291660,28.110,00000000
291670,28.102,00000000
291680,28.007,00000000
291690,27.846,00000000
291700,28.036,00000000
291710,28.198,00000000
291720,28.000,00000000
291730,27.726,00000000
291740,27.621,00000000
291750,27.306,00000000
291760,27.133,00000000
291770,27.462,00000000
291780,27.431,00000000
291790,27.392,00000000
291800,27.475,00000000
291810,27.555,00000000
291820,27.729,00000000
291830,28.008,00000000
291840,27.992,00000000
291850,27.882,00000000
291860,27.998,00000000
291870,28.208,00000000
291880,28.231,00000000
291890,27.964,00000000
291900,27.992,00000000
291910,27.811,00000000
291920,27.913,00000000
291930,27.833,00000000
291940,27.715,00000000
291950,27.168,00000000
291960,27.259,00000000
291970,27.420,00000000
291980,27.346,00000000
291990,27.540,00000000
292000,27.852,00000000
292010,27.652,00000000
292020,27.900,00000000
292030,27.908,00000000
292040,28.008,00000000
292050,28.149,00000000
292060,28.154,00000000
292070,28.050,00000000
292080,28.116,00000000
292090,27.921,00000000
292100,27.890,00000000
292110,28.076,00000000
292120,27.710,00000000
292130,27.528,00000000
292140,27.273,00000000
292150,27.144,00000000
292160,27.408,00000000
292170,27.404,00000000
292180,27.577,00000000
292190,27.798,00000000
292200,27.805,00000000
292210,27.797,00000000
292220,27.848,00000000
292230,28.015,00000000
292240,28.253,00000000
292250,28.168,00000000
292260,27.980,00000000
292270,28.133,00000000
292280,27.926,00000000
292290,27.997,00000000
292300,27.914,00000000
292310,27.722,00000000
292320,27.309,00000000
292330,27.129,00000000
292340,27.325,00000000
292350,27.458,00000000
292360,27.388,00000000
292370,27.492,00000000
292380,27.869,00000000
292390,27.896,00000000
292400,27.691,00000000
292410,27.956,00000000
292420,27.927,00000000
292430,28.180,00000000
292440,28.163,00000000
292450,27.950,00000000
292460,28.041,00000000
292470,28.180,00000000
292480,27.951,00000000
292490,27.828,00000000
292500,27.551,00000000
292510,27.410,00000000
292520,27.204,00000000
292530,27.292,00000000
292540,27.482,00000000
292550,27.420,00000000
292560,27.586,00000000
292570,27.706,00000000
292580,27.824,00000000
292590,27.938,00000000
292600,27.945,00000000
292610,28.003,00000000
292620,28.035,00000000
292630,28.023,00000000
292640,28.027,00000000
292650,28.021,00000000
292660,28.046,00000000
292670,27.964,00000000
292680,27.696,00000000
292690,27.638,00000000
292700,27.428,00000000
292710,27.189,00000000
292720,27.231,00000000
292730,27.409,00000000
292740,27.601,00000000
292750,27.748,00000000
292760,27.900,00000000
292770,27.733,00000000
292780,27.814,00000000
292790,28.112,00000000
292800,28.030,00000000
292810,28.154,00000000
292820,28.074,00000000
292830,28.054,00000000
292840,27.994,00000000
292850,27.936,00000000
292860,27.973,00000000
292870,27.669,00000000
292880,27.464,00000000
292890,27.109,00000000
292900,27.368,00000000
292910,27.477,00000000
292920,27.487,00000000
292930,27.698,00000000
292940,27.667,00000000
292950,27.776,00000000
292960,27.884,00000000
292970,27.930,00000000
292980,28.093,00000000
292990,28.086,00000000
293000,28.014,00000000
293010,27.957,00000000
293020,27.974,00000000
293030,28.085,00000000
293040,27.994,00000000
293050,27.857,00000000
293060,27.653,00000000
293070,27.423,00000000
293080,27.142,00000000
293090,27.372,00000000
293100,27.442,00000000
293110,27.370,00000000
293120,27.643,00000000
293130,27.823,00000000
293140,27.765,00000000
293150,27.741,00000000
293160,27.748,00000000
293170,28.045,00000000
293180,28.242,00000000
293190,27.996,00000000
293200,28.030,00000000
293210,28.142,00000000
293220,27.984,00000000
293230,28.042,00000000
293240,27.972,00000000
293250,27.597,00000000
293260,27.472,00000000
293270,27.222,00000000
293280,27.180,00000000
293290,27.271,00000000
293300,27.585,00000000
293310,27.699,00000000
293320,27.570,00000000
293330,27.880,00000000
293340,27.962,00000000
293350,27.952,00000000
293360,27.898,00000000
293370,27.983,00000000
293380,27.994,00000000
293390,28.115,00000000
293400,28.306,00000000
293410,28.029,00000000
293420,27.869,00000000
293430,27.738,00000000
293440,27.604,00000000
293450,27.672,00000000
293460,27.276,00000000
293470,27.207,00000000
293480,27.404,00000000
293490,27.379,00000000
293500,27.639,00000000
293510,27.610,00000000
293520,27.760,00000000
293530,27.758,00000000
293540,27.982,00000000
293550,28.012,00000000
293560,27.986,00000000
293570,28.036,00000000
293580,28.054,00000000
293590,28.267,00000000
293600,28.086,00000000
293610,27.981,00000000
293620,27.716,00000000
293630,27.613,00000000
293640,27.558,00000000
293650,27.187,00000000
293660,27.166,00000000
293670,27.513,00000000
293680,27.587,00000000
293690,27.598,00000000
293700,27.700,00000000
293710,27.777,00000000
293720,27.809,00000000
293730,27.965,00000000
293740,27.918,00000000
293750,28.130,00000000
293760,28.120,00000000
293770,28.123,00000000
293780,27.941,00000000
293790,28.098,00000000
293800,28.112,00000000
293810,27.845,00000000
293820,27.667,00000000
293830,27.270,00000000
293840,27.158,00000000
293850,27.280,00000000
293860,27.498,00000000
293870,27.424,00000000
293880,27.563,00000000
293890,27.684,00000000
293900,27.760,00000000
293910,27.941,00000000
293920,27.885,00000000
293930,28.079,00000000
293940,28.048,00000000
293950,28.181,00000000
293960,28.011,00000000
293970,28.075,00000000
293980,27.908,00000000
293990,27.939,00000000
294000,27.825,00000000
294010,27.577,00000000
294020,27.314,00000000
294030,27.376,00000000
294040,27.394,00000000
294050,27.381,00000000
294060,27.577,00000000
294070,27.491,00000000
294080,27.858,00000000
294090,27.949,00000000
294100,27.708,00000000
294110,28.051,00000000
294120,28.180,00000000
294130,28.075,00000000
294140,28.095,00000000
294150,28.013,00000000
294160,27.978,00000000
294170,27.874,00000000
294180,27.930,00000000
294190,27.904,00000000
294200,27.423,00000000
294210,27.268,00000000
294220,27.379,00000000
294230,27.339,00000000
294240,27.447,00000000
294250,27.522,00000000
294260,27.748,00000000
294270,27.832,00000000
294280,27.922,00000000
294290,27.864,00000000
294300,27.957,00000000
294310,27.999,00000000
294320,27.974,00000000
294330,27.999,00000000
294340,27.933,00000000
294350,27.982,00000000
294360,28.095,00000000
294370,27.976,00000000
294380,27.699,00000000
294390,27.548,00000000
294400,27.356,00000000
294410,27.194,00000000
294420,27.442,00000000
294430,27.528,00000000
294440,27.443,00000000
294450,27.523,00000000
294460,27.916,00000000
294470,27.932,00000000
294480,27.771,00000000
294490,27.833,00000000
294500,28.111,00000000
294510,28.286,00000000
294520,28.213,00000000
294530,28.060,00000000
294540,27.902,00000000
294550,28.018,00000000
294560,27.974,00000000
294570,27.846,00000000
294580,27.439,00000000
294590,27.392,00000000
294600,27.237,00000000
294610,27.187,00000000
294620,27.323,00000000
294630,27.671,00000000
294640,27.828,00000000
294650,27.802,00000000
294660,27.689,00000000
294670,27.851,00000000
294680,27.983,00000000
294690,28.179,00000000
294700,28.116,00000000
294710,27.963,00000000
294720,28.076,00000000
294730,28.207,00000000
294740,28.114,00000000
294750,27.757,00000000
294760,27.781,00000000
294770,27.823,00000000
294780,27.475,00000000
294790,27.095,00000000
294800,27.078,00000000
294810,27.382,00000000
294820,27.690,00000000
294830,27.488,00000000
294840,27.768,00000000
294850,27.834,00000000
294860,27.870,00000000
294870,27.934,00000000
294880,28.047,00000000
294890,28.234,00000000
294900,28.113,00000000
294910,28.067,00000000
294920,27.955,00000000
294930,27.917,00000000
294940,27.799,00000000
294950,27.842,00000000
294960,27.456,00000000
294970,27.201,00000000
294980,27.239,00000000
294990,27.399,00000000
295000,27.665,00000000
295010,27.576,00000000
295020,27.749,00000000
295030,27.671,00000000
295040,27.922,00000000
295050,27.990,00000000
295060,28.042,00000000
295070,27.889,00000000
295080,28.217,00000000
295090,28.127,00000000
295100,27.963,00000000
295110,27.920,00000000
295120,27.900,00000000
295130,27.962,00000000
295140,27.848,00000000
295150,27.388,00000000
295160,27.106,00000000
295170,27.080,00000000
295180,27.302,00000000
295190,27.579,00000000
295200,27.522,00000000
295210,27.551,00000000
295220,27.914,00000000
295230,27.979,00000000
295240,28.070,00000000
295250,27.888,00000000
295260,28.075,00000000
295270,28.154,00000000
295280,27.957,00000000
295290,28.223,00000000
295300,28.200,00000000
295310,27.948,00000000
295320,27.810,00000000
295330,27.649,00000000
295340,27.562,00000000
295350,27.204,00000000
295360,27.198,00000000
295370,27.391,00000000
295380,27.525,00000000
295390,27.670,00000000
295400,27.557,00000000
295410,27.747,00000000
295420,27.776,00000000
295430,27.912,00000000
295440,27.915,00000000
295450,28.015,00000000
295460,28.148,00000000
295470,28.219,00000000
295480,28.223,00000000
295490,28.090,00000000
295500,27.957,00000000
295510,27.919,00000000
295520,27.714,00000000
295530,27.411,00000000
295540,27.075,00000000
295550,27.186,00000000
295560,27.269,00000000
295570,27.475,00000000
295580,27.660,00000000
295590,27.708,00000000
295600,27.724,00000000
295610,27.870,00000000
295620,27.847,00000000
295630,27.933,00000000
295640,28.127,00000000
295650,28.134,00000000
295660,28.099,00000000
295670,27.996,00000000
295680,27.961,00000000
295690,28.107,00000000
295700,28.100,00000000
295710,27.863,00000000
295720,27.406,00000000
295730,27.378,00000000
295740,27.369,00000000
295750,27.401,00000000
295760,27.401,00000000
295770,27.507,00000000
295780,27.560,00000000
295790,27.863,00000000
295800,27.791,00000000
295810,27.838,00000000
295820,28.115,00000000
295830,28.262,00000000
295840,28.071,00000000
295850,28.150,00000000
295860,27.959,00000000
295870,28.028,00000000
295880,27.871,00000000
295890,27.766,00000000
295900,27.887,00000000
295910,27.598,00000000
295920,27.063,00000000
295930,27.235,00000000
295940,27.293,00000000
295950,27.539,00000000
295960,27.749,00000000
295970,27.622,00000000
295980,27.890,00000000
295990,28.038,00000000
296000,28.005,00000000
296010,28.016,00000000
296020,27.883,00000000
296030,28.080,00000000
296040,28.182,00000000
296050,27.980,00000000
296060,28.085,00000000
296070,28.083,00000000
296080,27.863,00000000
296090,27.599,00000000
296100,27.473,00000000
296110,27.085,00000000
296120,27.375,00000000
296130,27.605,00000000
296140,27.480,00000000
296150,27.681,00000000
296160,27.836,00000000
296170,27.854,00000000
296180,27.913,00000000
296190,27.862,00000000
296200,28.034,00000000
296210,28.210,00000000
296220,28.213,00000000
296230,28.031,00000000
296240,28.219,00000000
296250,27.948,00000000
296260,27.740,00000000
296270,27.697,00000000
296280,27.409,00000000
296290,27.385,00000000
296300,27.475,00000000
296310,27.423,00000000
296320,27.430,00000000
296330,27.589,00000000
296340,27.638,00000000
296350,27.815,00000000
296360,27.858,00000000
296370,27.983,00000000
296380,27.892,00000000
296390,28.203,00000000
296400,28.189,00000000
296410,28.133,00000000
296420,27.997,00000000
296430,27.994,00000000
296440,27.904,00000000
296450,27.839,00000000
296460,27.935,00000000
296470,27.702,00000000
296480,27.393,00000000
296490,27.120,00000000
296500,27.240,00000000
296510,27.534,00000000
296520,27.599,00000000
296530,27.516,00000000
296540,27.697,00000000
296550,27.749,00000000
296560,28.035,00000000
296570,28.050,00000000
296580,27.927,00000000
296590,28.011,00000000
296600,28.273,00000000
296610,28.244,00000000
296620,28.208,00000000
296630,27.939,00000000
296640,27.789,00000000
296650,27.564,00000000
296660,27.358,00000000
296670,27.285,00000000
296680,27.299,00000000
296690,27.366,00000000
296700,27.451,00000000
296710,27.747,00000000
296720,27.932,00000000
296730,27.810,00000000
296740,27.834,00000000
296750,28.068,00000000
296760,28.002,00000000
296770,28.236,00000000
296780,28.073,00000000
296790,28.045,00000000
296800,28.221,00000000
296810,28.000,00000000
296820,27.806,00000000
296830,27.614,00000000
296840,27.344,00000000
296850,27.223,00000000
296860,27.192,00000000
296870,27.362,00000000
296880,27.722,00000000
296890,27.700,00000000
296900,27.621,00000000
296910,27.756,00000000
296920,28.027,00000000
296930,27.965,00000000
296940,28.035,00000000
296950,27.985,00000000
296960,28.298,00000000
296970,28.179,00000000
296980,28.185,00000000
296990,27.869,00000000
297000,27.920,00000000
297010,27.903,00000000
297020,27.537,00000000
297030,27.194,00000000
297040,27.143,00000000
297050,27.418,00000000
297060,27.602,00000000
297070,27.487,00000000
297080,27.585,00000000
297090,27.747,00000000
297100,28.066,00000000
297110,28.082,00000000
297120,27.927,00000000
297130,28.060,00000000
297140,28.194,00000000
297150,27.996,00000000
297160,28.006,00000000
297170,27.918,00000000
297180,27.930,00000000
297190,27.848,00000000
297200,27.671,00000000
297210,27.256,00000000
297220,27.133,00000000
297230,27.292,00000000
297240,27.453,00000000
297250,27.513,00000000
297260,27.639,00000000
297270,27.836,00000000
297280,27.886,00000000
297290,27.860,00000000
297300,27.922,00000000
297310,28.028,00000000
297320,28.250,00000000
297330,28.052,00000000
297340,27.933,00000000
297350,28.096,00000000
297360,28.086,00000000
297370,27.862,00000000
297380,27.577,00000000
297390,27.444,00000000
297400,27.363,00000000
297410,27.397,00000000
297420,27.231,00000000
297430,27.287,00000000
297440,27.718,00000000
297450,27.832,00000000
297460,27.750,00000000
297470,27.908,00000000
297480,28.002,00000000
297490,28.200,00000000
297500,28.250,00000000
297510,28.112,00000000
297520,27.978,00000000
297530,28.199,00000000
297540,28.029,00000000
297550,27.871,00000000
297560,27.764,00000000
297570,27.835,00000000
297580,27.548,00000000
297590,27.270,00000000
297600,27.236,00000000
297610,27.414,00000000
297620,27.375,00000000
297630,27.457,00000000
297640,27.774,00000000
297650,27.805,00000000
297660,27.934,00000000
297670,27.987,00000000
297680,28.016,00000000
297690,28.105,00000000
297700,27.980,00000000
297710,28.148,00000000
297720,28.095,00000000
297730,27.971,00000000
297740,28.137,00000000
297750,27.761,00000000
297760,27.716,00000000
297770,27.559,00000000
297780,27.168,00000000
297790,27.223,00000000
297800,27.502,00000000
297810,27.488,00000000
297820,27.627,00000000
297830,27.802,00000000
297840,27.888,00000000
297850,27.831,00000000
297860,27.967,00000000
297870,28.093,00000000
297880,27.997,00000000
297890,28.098,00000000
297900,28.315,00000000
297910,28.056,00000000
297920,27.920,00000000
297930,28.028,00000000
297940,27.956,00000000
297950,27.578,00000000
297960,27.410,00000000
297970,27.015,00000000
297980,27.185,00000000
297990,27.545,00000000
298000,27.508,00000000
298010,27.634,00000000
298020,27.691,00000000
298030,27.976,00000000
298040,27.887,00000000
298050,27.970,00000000
298060,27.976,00000000
298070,28.107,00000000
298080,28.229,00000000
298090,28.124,00000000
298100,27.999,00000000
298110,28.035,00000000
298120,27.851,00000000
298130,27.816,00000000
298140,27.852,00000000
298150,27.425,00000000
298160,27.054,00000000
298170,27.263,00000000
298180,27.591,00000000
298190,27.662,00000000
298200,27.611,00000000
298210,27.654,00000000
298220,27.645,00000000
298230,27.886,00000000
298240,27.807,00000000
298250,27.959,00000000
298260,28.065,00000000
298270,28.100,00000000
298280,28.013,00000000
298290,28.039,00000000
298300,28.017,00000000
298310,27.845,00000000
298320,27.826,00000000
298330,27.564,00000000
298340,27.395,00000000
298350,27.094,00000000
298360,27.301,00000000
298370,27.502,00000000
298380,27.727,00000000
298390,27.606,00000000
298400,27.715,00000000
298410,27.793,00000000
298420,27.944,00000000
298430,27.897,00000000
298440,27.964,00000000
298450,28.143,00000000
298460,28.159,00000000
298470,28.195,00000000
298480,28.026,00000000
298490,27.970,00000000
298500,27.815,00000000
298510,27.735,00000000
298520,27.727,00000000
298530,27.497,00000000
298540,27.263,00000000
298550,27.244,00000000
298560,27.397,00000000
298570,27.723,00000000
298580,27.747,00000000
298590,27.893,00000000
298600,27.772,00000000
298610,27.960,00000000
298620,27.897,00000000
298630,27.978,00000000
298640,28.017,00000000
298650,28.191,00000000
298660,28.078,00000000
298670,28.103,00000000
298680,27.970,00000000
298690,27.994,00000000
298700,27.729,00000000
298710,27.510,00000000
298720,27.286,00000000
298730,27.227,00000000
298740,27.258,00000000
298750,27.514,00000000
298760,27.705,00000000
298770,27.743,00000000
298780,27.825,00000000
298790,27.722,00000000
298800,27.894,00000000
298810,28.117,00000000
298820,28.205,00000000
298830,28.201,00000000
298840,28.179,00000000
298850,28.104,00000000
298860,28.121,00000000
298870,27.963,00000000
298880,27.751,00000000
298890,27.618,00000000
298900,27.353,00000000
298910,27.188,00000000
298920,27.254,00000000
298930,27.407,00000000
298940,27.557,00000000
298950,27.542,00000000
298960,27.755,00000000
298970,27.757,00000000
298980,27.792,00000000
298990,27.947,00000000
299000,28.116,00000000
299010,28.044,00000000
299020,28.142,00000000
299030,28.050,00000000
299040,28.071,00000000
299050,28.096,00000000
299060,27.997,00000000
299070,27.781,00000000
299080,27.603,00000000
299090,27.405,00000000
299100,27.087,00000000
299110,27.420,00000000
299120,27.469,00000000
299130,27.422,00000000
299140,27.565,00000000
299150,27.640,00000000
299160,27.900,00000000
299170,27.996,00000000
299180,27.830,00000000
299190,28.002,00000000
299200,27.995,00000000
299210,28.207,00000000
299220,28.217,00000000
299230,28.017,00000000
299240,28.041,00000000
299250,28.052,00000000
299260,27.955,00000000
299270,27.633,00000000
299280,27.355,00000000
299290,27.364,00000000
299300,27.405,00000000
299310,27.254,00000000
299320,27.443,00000000
299330,27.511,00000000
299340,27.710,00000000
299350,27.963,00000000
299360,27.841,00000000
299370,27.981,00000000
299380,28.061,00000000
299390,28.269,00000000
299400,28.189,00000000
299410,28.180,00000000
299420,28.049,00000000
299430,28.055,00000000
299440,27.899,00000000
299450,27.769,00000000
299460,27.616,00000000
299470,27.506,00000000
299480,27.228,00000000
299490,27.363,00000000
299500,27.406,00000000
299510,27.488,00000000
299520,27.790,00000000
299530,27.847,00000000
299540,27.789,00000000
299550,27.916,00000000
299560,27.936,00000000
299570,27.972,00000000
299580,28.192,00000000
299590,28.033,00000000
299600,28.140,00000000
299610,28.131,00000000
299620,27.841,00000000
299630,27.905,00000000
299640,27.813,00000000
299650,27.468,00000000
299660,27.168,00000000
299670,27.264,00000000
299680,27.463,00000000
299690,27.725,00000000
299700,27.684,00000000
299710,27.762,00000000
299720,27.836,00000000
299730,27.863,00000000
299740,27.999,00000000
299750,28.185,00000000
299760,28.035,00000000
299770,27.991,00000000
299780,28.187,00000000
299790,28.039,00000000
299800,28.082,00000000
299810,27.904,00000000
299820,27.664,00000000
299830,27.537,00000000
299840,27.273,00000000
299850,27.275,00000000
299860,27.385,00000000
299870,27.382,00000000
299880,27.629,00000000
299890,27.638,00000000
299900,27.778,00000000
299910,28.016,00000000
299920,28.001,00000000
299930,28.027,00000000
299940,28.192,00000000
299950,28.129,00000000
299960,28.122,00000000
299970,28.200,00000000
299980,28.003,00000000
299990,27.885,00000000
300000,27.665,00000000
300010,27.582,00000000
300020,27.335,00000000
300030,27.046,00000000
300040,27.323,00000000
300050,27.450,00000000
300060,27.520,00000000
300070,27.759,00000000
300080,28.013,00000000
300090,27.758,00000000
300100,27.876,00000000
300110,28.014,00000000
300120,28.041,00000000
300130,28.037,00000000
300140,28.075,00000000
300150,28.180,00000000
300160,28.087,00000000
300170,27.894,00000000
300180,27.772,00000000
300190,27.618,00000000
300200,27.421,00000000
300210,27.163,00000000
300220,27.397,00000000
300230,27.364,00000000
300240,27.490,00000000
300250,27.479,00000000
300260,27.692,00000000
300270,27.798,00000000
300280,27.875,00000000
300290,27.910,00000000
300300,27.970,00000000
300310,28.132,00000000
300320,28.084,00000000
300330,28.187,00000000
300340,28.062,00000000
300350,27.972,00000000
300360,27.911,00000000
300370,27.782,00000000
300380,27.603,00000000
300390,27.392,00000000
300400,27.244,00000000
300410,27.337,00000000
300420,27.375,00000000
300430,27.385,00000000
300440,27.669,00000000
300450,27.851,00000000
300460,27.796,00000000
300470,27.930,00000000
300480,28.033,00000000
300490,28.116,00000000
300500,28.165,00000000
300510,28.000,00000000
300520,28.102,00000000
300530,27.942,00000000
300540,27.938,00000000
300550,27.784,00000000
300560,27.685,00000000
300570,27.563,00000000
300580,27.447,00000000
300590,27.111,00000000
300600,27.262,00000000
300610,27.531,00000000
300620,27.752,00000000
300630,27.740,00000000
300640,27.831,00000000
300650,27.794,00000000
300660,27.914,00000000
300670,28.017,00000000
300680,27.820,00000000
300690,27.986,00000000
300700,28.131,00000000
300710,28.251,00000000
300720,28.252,00000000
300730,28.117,00000000
300740,27.861,00000000
300750,27.699,00000000
300760,27.589,00000000
300770,27.510,00000000
300780,27.306,00000000
300790,27.192,00000000
300800,27.392,00000000
300810,27.502,00000000
300820,27.794,00000000
300830,27.705,00000000
300840,27.832,00000000
300850,27.860,00000000
300860,27.948,00000000
300870,28.022,00000000
300880,28.058,00000000
300890,28.256,00000000
300900,28.075,00000000
300910,27.975,00000000
300920,28.123,00000000
300930,27.860,00000000
300940,27.565,00000000
300950,27.488,00000000
300960,27.122,00000000
300970,27.356,00000000
300980,27.567,00000000
300990,27.419,00000000
301000,27.505,00000000
301010,27.690,00000000
301020,27.959,00000000
301030,27.940,00000000
301040,27.967,00000000
301050,27.888,00000000
301060,28.167,00000000
301070,28.249,00000000
301080,28.266,00000000
301090,28.030,00000000
301100,28.065,00000000
301110,28.125,00000000
301120,27.776,00000000
301130,27.600,00000000
301140,27.480,00000000
301150,27.422,00000000
301160,27.346,00000000
301170,27.374,00000000
301180,27.417,00000000
301190,27.485,00000000
301200,27.690,00000000
301210,27.802,00000000
301220,28.044,00000000
301230,27.949,00000000
301240,28.047,00000000
301250,27.959,00000000
301260,28.038,00000000
301270,28.207,00000000
301280,28.041,00000000
301290,27.854,00000000
301300,27.911,00000000
301310,27.760,00000000
301320,27.609,00000000
301330,27.591,00000000
301340,27.285,00000000
301350,27.258,00000000
301360,27.267,00000000
301370,27.437,00000000
301380,27.710,00000000
301390,27.745,00000000
301400,27.704,00000000
301410,27.783,00000000
301420,28.008,00000000
301430,28.096,00000000
301440,28.050,00000000
301450,27.994,00000000
301460,27.965,00000000
301470,28.108,00000000
301480,28.209,00000000
301490,27.839,00000000
301500,27.790,00000000
301510,27.783,00000000
301520,27.611,00000000
301530,27.267,00000000
301540,27.212,00000000
301550,27.422,00000000
301560,27.689,00000000
301570,27.730,00000000
301580,27.586,00000000
301590,27.566,00000000
301600,27.663,00000000
301610,27.856,00000000
301620,27.916,00000000
301630,28.046,00000000
301640,28.121,00000000
301650,28.185,00000000
301660,28.257,00000000
301670,28.037,00000000
301680,27.831,00000000
301690,27.747,00000000
301700,27.831,00000000
301710,27.516,00000000
301720,27.209,00000000
301730,27.195,00000000
301740,27.564,00000000
301750,27.668,00000000
301760,27.402,00000000
301770,27.577,00000000
301780,27.664,00000000
301790,27.940,00000000
301800,27.999,00000000
301810,27.972,00000000
301820,27.956,00000000
301830,28.032,00000000
301840,28.085,00000000
301850,28.212,00000000
301860,28.036,00000000
301870,27.827,00000000
301880,27.804,00000000
301890,27.615,00000000
301900,27.249,00000000
301910,27.278,00000000
301920,27.360,00000000
301930,27.393,00000000
301940,27.652,00000000
301950,27.456,00000000
301960,27.743,00000000
301970,27.727,00000000
301980,27.812,00000000
301990,27.962,00000000
302000,28.110,00000000
302010,28.016,00000000
302020,28.153,00000000
302030,28.037,00000000
302040,28.229,00000000
302050,28.073,00000000
302060,27.958,00000000
302070,27.584,00000000
302080,27.544,00000000
302090,27.322,00000000
302100,27.171,00000000
302110,27.309,00000000
302120,27.651,00000000
302130,27.689,00000000
302140,27.827,00000000
302150,27.739,00000000
302160,28.059,00000000
302170,27.934,00000000
302180,27.980,00000000
302190,28.233,00000000
302200,28.124,00000000
302210,27.824,00000000
302220,27.876,00000000
302230,28.000,00000000
302240,28.024,00000000
302250,27.666,00000000
302260,27.500,00000000
302270,27.272,00000000
302280,27.177,00000000
302290,27.398,00000000
302300,27.323,00000000
302310,27.716,00000000
302320,27.739,00000000
302330,27.816,00000000
302340,27.830,00000000
302350,27.800,00000000
302360,28.050,00000000
302370,28.058,00000000
302380,27.925,00000000
302390,28.070,00000000
302400,28.165,00000000
302410,28.172,00000000
302420,27.963,00000000
302430,27.677,00000000
302440,27.742,00000000
302450,27.846,00000000
302460,27.413,00000000
302470,26.992,00000000
302480,27.265,00000000
302490,27.570,00000000
302500,27.412,00000000
302510,27.603,00000000
302520,27.630,00000000
302530,27.922,00000000
302540,27.952,00000000
302550,28.039,00000000
302560,27.889,00000000
302570,28.113,00000000
302580,28.188,00000000
302590,28.037,00000000
302600,27.962,00000000
302610,28.096,00000000
302620,27.973,00000000
302630,27.669,00000000
302640,27.454,00000000
302650,27.367,00000000
302660,27.240,00000000
302670,27.425,00000000
302680,27.278,00000000
302690,27.642,00000000
302700,27.801,00000000
302710,27.717,00000000
302720,27.891,00000000
302730,27.916,00000000
302740,27.894,00000000
302750,28.132,00000000
302760,28.044,00000000
302770,28.265,00000000
302780,28.040,00000000
302790,28.003,00000000
302800,27.817,00000000
302810,27.762,00000000
302820,27.813,00000000
302830,27.437,00000000
302840,27.235,00000000
302850,27.195,00000000
302860,27.356,00000000
302870,27.555,00000000
302880,27.646,00000000
302890,27.826,00000000
302900,27.789,00000000
302910,28.078,00000000
302920,28.031,00000000
302930,27.900,00000000
302940,28.072,00000000
302950,28.095,00000000
302960,28.162,00000000
302970,28.090,00000000
302980,27.962,00000000
302990,27.781,00000000
303000,27.611,00000000
303010,27.486,00000000
303020,27.192,00000000
303030,27.225,00000000
303040,27.367,00000000
303050,27.520,00000000
303060,27.598,00000000
303070,27.700,00000000
303080,27.668,00000000
303090,27.789,00000000
303100,28.079,00000000
303110,28.066,00000000
303120,28.092,00000000
303130,28.157,00000000
303140,28.117,00000000
303150,28.033,00000000
303160,27.886,00000000
303170,27.821,00000000
303180,27.482,00000000
303190,27.290,00000000
303200,27.290,00000000
303210,27.379,00000000
303220,27.384,00000000
303230,27.581,00000000
303240,27.586,00000000
303250,27.799,00000000
303260,27.890,00000000
303270,28.037,00000000
303280,27.904,00000000
303290,27.952,00000000
303300,28.025,00000000
303310,28.306,00000000
303320,774.949,X0000000
303330,353.576,10000000
303340,202.931,10000000
303350,147.497,10000000
303360,127.272,10000000
303370,209.252,10000000
303380,685.961,10000000
303390,322.124,10000000
303400,190.766,10000000
303410,141.957,10000000
303420,124.199,10000000
303430,117.690,10000000
303440,115.916,10000000
303450,114.832,10000000
303460,114.431,10000000
303470,114.758,10000000
303480,115.139,10000000
303490,115.500,10000000
303500,116.023,10000000
303510,115.856,10000000
303520,115.535,10000000
303530,114.356,10000000
303540,112.874,10000000
303550,113.019,10000000
303560,112.621,10000000
303570,112.819,10000000
303580,113.569,10000000
303590,113.488,10000000
303600,113.812,10000000
303610,114.358,10000000
303620,114.171,10000000
303630,114.507,10000000
303640,114.377,10000000
303650,115.148,10000000
303660,115.074,10000000
303670,115.270,10000000
303680,115.600,10000000
303690,115.643,10000000
303700,115.848,10000000
303710,115.564,10000000
303720,114.954,10000000
303730,112.604,10000000
303740,113.032,10000000
303750,113.003,10000000
303760,113.302,10000000
303770,113.417,10000000
303780,113.560,10000000
303790,113.604,10000000
303800,113.791,10000000
303810,114.260,10000000
303820,114.330,10000000
303830,114.405,10000000
303840,115.154,10000000
303850,115.085,10000000
303860,115.232,10000000
303870,115.364,10000000
303880,115.574,10000000
303890,115.621,10000000
303900,115.743,10000000
303910,116.071,10000000
303920,114.744,10000000
303930,112.560,10000000
303940,112.668,10000000
303950,112.873,10000000
303960,113.232,10000000
303970,113.412,10000000
303980,113.508,10000000
303990,113.746,10000000
304000,114.256,10000000
304010,114.260,10000000
304020,114.579,10000000
304030,114.526,10000000
304040,115.153,10000000
304050,115.525,10000000
304060,115.675,10000000
304070,115.599,10000000
304080,115.936,10000000
304090,116.290,10000000
304100,115.942,10000000
304110,115.754,10000000
304120,114.577,10000000
304130,113.010,10000000
304140,113.039,10000000
304150,113.062,10000000
304160,113.268,10000000
304170,113.955,10000000
304180,113.617,10000000
304190,114.019,10000000
304200,114.105,10000000
304210,114.122,10000000
304220,114.582,10000000
304230,114.937,10000000
304240,115.197,10000000
304250,115.101,10000000
304260,115.736,10000000
304270,115.795,10000000
304280,116.370,10000000
304290,116.216,10000000
304300,116.429,10000000
304310,115.954,10000000
304320,114.685,10000000
304330,112.672,10000000
304340,113.033,10000000
304350,113.224,10000000
304360,113.585,10000000
304370,113.564,10000000
304380,113.685,10000000
304390,484.812,10000000
304400,248.495,10000000
304410,163.938,10000000
304420,132.184,10000000
304430,120.095,10000000
304440,116.089,10000000
304450,114.726,10000000
304460,114.606,10000000
304470,114.642,10000000
304480,114.629,10000000
304490,115.123,10000000
304500,115.228,10000000
304510,115.337,10000000
304520,115.753,10000000
304530,115.640,10000000
304540,116.184,10000000
304550,116.155,10000000
304560,116.039,10000000
304570,116.062,10000000
304580,115.725,10000000
304590,114.851,10000000
304600,112.990,10000000
304610,113.021,10000000
304620,113.611,10000000
304630,113.342,10000000
304640,113.560,10000000
304650,114.272,10000000
304660,113.958,10000000
304670,114.195,10000000
304680,114.408,10000000
304690,114.948,10000000
304700,115.267,10000000
304710,115.044,10000000
304720,115.816,10000000
304730,115.387,10000000
304740,115.817,10000000
304750,116.426,10000000
304760,116.582,10000000
304770,116.239,10000000
304780,116.271,10000000
304790,114.674,10000000
304800,113.011,10000000
304810,113.325,10000000
304820,113.453,10000000
304830,113.587,10000000
304840,113.732,10000000
304850,113.932,10000000
304860,114.540,10000000
304870,114.078,10000000
304880,114.579,10000000
304890,114.858,10000000
304900,115.037,10000000
304910,115.529,10000000
304920,115.533,10000000
304930,115.869,10000000
304940,116.254,10000000
304950,116.274,10000000
304960,116.380,10000000
304970,116.716,10000000
304980,116.165,10000000
304990,114.507,10000000
305000,113.184,10000000
305010,113.193,10000000
305020,113.776,10000000
305030,114.216,10000000
305040,114.325,10000000
305050,113.733,10000000
305060,114.170,10000000
305070,114.732,10000000
305080,114.939,10000000
305090,115.027,10000000
305100,115.219,10000000
305110,115.426,10000000
305120,115.523,10000000
305130,115.381,10000000
305140,115.832,10000000
305150,116.229,10000000
305160,116.065,10000000
305170,116.530,10000000
305180,115.784,10000000
305190,114.382,10000000
305200,113.447,10000000
305210,113.299,10000000
305220,113.546,10000000
305230,113.360,10000000
305240,113.914,10000000
305250,113.992,10000000
305260,114.051,10000000
305270,114.548,10000000
305280,114.759,10000000
305290,114.811,10000000
305300,114.774,10000000
305310,115.042,10000000
305320,115.423,10000000
305330,115.823,10000000
305340,116.081,10000000
305350,116.342,10000000
305360,116.145,10000000
305370,116.463,10000000
305380,115.867,10000000
305390,859.372,10000000
305400,387.529,10000000
305410,217.480,10000000
305420,153.459,10000000
305430,129.985,10000000
305440,121.492,10000000
305450,117.486,10000000
305460,115.716,10000000
305470,113.197,10000000
305480,113.281,10000000
305490,113.494,10000000
305500,113.905,10000000
305510,113.956,10000000
305520,113.708,10000000
305530,114.427,10000000
305540,114.930,10000000
305550,114.221,10000000
305560,115.157,10000000
305570,114.502,10000000
305580,115.150,10000000
305590,115.260,10000000
305600,115.344,10000000
305610,116.079,10000000
305620,116.090,10000000
305630,116.102,10000000
305640,116.068,10000000
305650,115.347,10000000
305660,113.638,10000000
305670,113.207,10000000
305680,113.122,10000000
305690,113.347,10000000
305700,113.625,10000000
305710,113.822,10000000
305720,114.263,10000000
305730,114.396,10000000
305740,114.548,10000000
305750,114.504,10000000
305760,114.832,10000000
305770,115.138,10000000
305780,115.288,10000000
305790,115.648,10000000
305800,115.791,10000000
305810,115.896,10000000
305820,116.386,10000000
305830,116.441,10000000
305840,116.419,10000000
305850,115.235,10000000
305860,113.618,10000000
305870,113.296,10000000
305880,113.645,10000000
305890,113.741,10000000
305900,113.975,10000000
305910,113.781,10000000
305920,114.325,10000000
305930,114.476,10000000
305940,114.629,10000000
305950,114.661,10000000
305960,114.808,10000000
305970,115.159,10000000
305980,115.386,10000000
305990,115.642,10000000
306000,115.877,10000000
306010,116.102,10000000
306020,116.074,10000000
306030,116.173,10000000
306040,116.194,10000000
306050,114.707,10000000
306060,113.450,10000000
306070,113.289,10000000
306080,113.225,10000000
306090,113.520,10000000
306100,113.704,10000000
306110,113.799,10000000
306120,114.342,10000000
306130,114.105,10000000
306140,114.966,10000000
306150,114.981,10000000
306160,115.008,10000000
306170,115.459,10000000
306180,115.335,10000000
306190,115.731,10000000
306200,115.698,10000000
306210,116.132,10000000
306220,116.295,10000000
306230,116.476,10000000
306240,116.108,10000000
306250,114.061,10000000
306260,113.001,10000000
306270,113.133,10000000
306280,113.659,10000000
306290,113.587,10000000
306300,113.933,10000000
306310,113.673,10000000
306320,114.408,10000000
306330,114.548,10000000
306340,114.638,10000000
306350,114.617,10000000
306360,115.315,10000000
306370,115.132,10000000
306380,104.945,X0000000
306390,53.736,00000000
306400,37.256,00000000
306410,31.224,00000000
306420,28.828,00000000
306430,27.773,00000000
306440,27.421,00000000
306450,27.443,00000000
306460,27.588,00000000
306470,27.547,00000000
306480,27.655,00000000
306490,27.919,00000000
306500,27.813,00000000
306510,27.833,00000000
306520,27.842,00000000
306530,28.019,00000000
306540,28.035,00000000
306550,28.158,00000000
306560,28.039,00000000
306570,28.170,00000000
306580,27.848,00000000
306590,27.739,00000000
306600,27.805,00000000
306610,27.414,00000000
306620,27.300,00000000
306630,27.064,00000000
306640,27.317,00000000
306650,27.572,00000000
306660,27.580,00000000
306670,27.765,00000000
306680,27.791,00000000
306690,28.039,00000000
306700,28.180,00000000
306710,28.162,00000000
306720,28.012,00000000
306730,28.040,00000000
306740,28.254,00000000
306750,27.936,00000000
306760,27.912,00000000
306770,27.861,00000000
306780,27.586,00000000
306790,27.313,00000000
306800,27.233,00000000
306810,27.178,00000000
306820,27.359,00000000
306830,27.402,00000000
306840,27.497,00000000
306850,27.639,00000000
306860,27.882,00000000
306870,27.981,00000000
306880,27.861,00000000
306890,28.061,00000000
306900,28.004,00000000
306910,28.248,00000000
306920,28.231,00000000
306930,28.053,00000000
306940,28.054,00000000
306950,28.024,00000000
306960,27.952,00000000
306970,27.627,00000000
306980,27.347,00000000
306990,27.203,00000000
307000,27.293,00000000
307010,27.410,00000000
307020,27.346,00000000
307030,27.465,00000000
307040,27.835,00000000
307050,27.816,00000000
307060,27.862,00000000
307070,27.930,00000000
307080,28.019,00000000
307090,28.159,00000000
307100,28.103,00000000
307110,28.018,00000000
307120,27.882,00000000
307130,28.017,00000000
307140,27.951,00000000
307150,27.916,00000000
307160,27.484,00000000
307170,27.462,00000000
307180,27.302,00000000
307190,27.301,00000000
307200,27.379,00000000
307210,27.396,00000000
307220,27.537,00000000
307230,27.817,00000000
307240,28.009,00000000
307250,27.760,00000000
307260,27.816,00000000
307270,27.967,00000000
307280,28.118,00000000
307290,28.060,00000000
307300,27.944,00000000
307310,27.918,00000000
307320,28.057,00000000
307330,27.995,00000000
307340,27.652,00000000
307350,27.621,00000000
307360,27.518,00000000
307370,27.236,00000000
307380,27.107,00000000
307390,27.298,00000000
307400,27.655,00000000
307410,27.626,00000000
307420,27.592,00000000
307430,27.922,00000000
307440,27.934,00000000
307450,27.793,00000000
307460,28.022,00000000
307470,27.971,00000000
307480,28.096,00000000
307490,28.081,00000000
307500,28.148,00000000
307510,28.055,00000000
307520,27.863,00000000
307530,27.719,00000000
307540,27.508,00000000
307550,27.326,00000000
307560,27.220,00000000
307570,27.275,00000000
307580,27.397,00000000
307590,27.514,00000000
307600,27.758,00000000
307610,27.557,00000000
307620,27.806,00000000
307630,28.046,00000000
307640,28.058,00000000
307650,27.897,00000000
307660,28.039,00000000
307670,28.237,00000000
307680,28.119,00000000
307690,27.980,00000000
307700,27.829,00000000
307710,27.916,00000000
307720,27.698,00000000
307730,27.486,00000000
307740,27.214,00000000
307750,27.187,00000000
307760,27.223,00000000
307770,27.520,00000000
307780,27.713,00000000
307790,27.572,00000000
307800,27.770,00000000
307810,27.936,00000000
307820,27.784,00000000
307830,27.894,00000000
307840,28.152,00000000
307850,27.910,00000000
307860,28.003,00000000
307870,28.113,00000000
307880,27.947,00000000
307890,27.920,00000000
307900,27.731,00000000
307910,27.695,00000000
307920,27.471,00000000
307930,27.094,00000000
307940,27.258,00000000
307950,27.338,00000000
307960,27.643,00000000
307970,27.633,00000000
307980,27.824,00000000
307990,27.855,00000000
308000,27.604,00000000
308010,27.820,00000000
308020,27.819,00000000
308030,27.940,00000000
308040,28.040,00000000
308050,27.967,00000000
308060,28.126,00000000
308070,28.139,00000000
308080,27.907,00000000
308090,27.906,00000000
308100,27.542,00000000
308110,27.353,00000000
308120,27.252,00000000
308130,27.302,00000000
308140,27.304,00000000
308150,27.380,00000000
308160,27.500,00000000
308170,27.895,00000000
308180,27.780,00000000
308190,27.816,00000000
308200,27.943,00000000
308210,27.929,00000000
308220,27.971,00000000
308230,28.068,00000000
308240,28.094,00000000
308250,28.049,00000000
308260,27.899,00000000
308270,28.012,00000000
308280,27.776,00000000
308290,27.662,00000000
308300,27.309,00000000
308310,27.121,00000000
308320,27.479,00000000
308330,27.511,00000000
308340,27.596,00000000
308350,27.484,00000000
308360,27.764,00000000
308370,27.795,00000000
308380,27.809,00000000
308390,27.820,00000000
308400,28.034,00000000
308410,28.134,00000000
308420,28.207,00000000
308430,28.118,00000000
308440,28.038,00000000
308450,27.961,00000000
308460,27.750,00000000
308470,27.802,00000000
308480,27.742,00000000
308490,27.258,00000000
308500,27.354,00000000
308510,27.171,00000000
308520,27.473,00000000
308530,27.570,00000000
308540,27.631,00000000
308550,27.815,00000000
308560,27.956,00000000
308570,27.876,00000000
308580,27.967,00000000
308590,27.933,00000000
308600,27.904,00000000
308610,28.238,00000000
308620,27.894,00000000
308630,28.020,00000000
308640,27.910,00000000
308650,27.922,00000000
308660,27.903,00000000
308670,27.699,00000000
308680,27.228,00000000
308690,27.146,00000000
308700,27.387,00000000
308710,27.478,00000000
308720,27.511,00000000
308730,27.705,00000000
308740,27.866,00000000
308750,27.780,00000000
308760,27.991,00000000
308770,28.001,00000000
308780,27.954,00000000
308790,28.061,00000000
308800,28.093,00000000
308810,28.168,00000000
308820,27.960,00000000
308830,28.014,00000000
308840,27.904,00000000
308850,27.808,00000000
308860,27.620,00000000
308870,27.214,00000000
308880,27.406,00000000
308890,27.325,00000000
308900,27.637,00000000
308910,27.444,00000000
308920,27.703,00000000
308930,27.767,00000000
308940,27.803,00000000
308950,27.920,00000000
308960,28.048,00000000
308970,28.224,00000000
308980,27.918,00000000
308990,28.172,00000000
309000,28.091,00000000
309010,27.896,00000000
309020,27.890,00000000
309030,27.774,00000000
309040,27.641,00000000
309050,27.407,00000000
309060,27.108,00000000
309070,27.260,00000000
309080,27.546,00000000
309090,27.547,00000000
309100,27.552,00000000
309110,27.625,00000000
309120,27.851,00000000
309130,27.795,00000000
309140,27.958,00000000
309150,28.242,00000000
309160,28.122,00000000
309170,28.013,00000000
309180,28.065,00000000
309190,28.073,00000000
309200,28.052,00000000
309210,27.940,00000000
309220,27.824,00000000
309230,27.659,00000000
309240,27.310,00000000
309250,27.077,00000000
309260,27.112,00000000
309270,27.306,00000000
309280,27.715,00000000
309290,27.570,00000000
309300,27.670,00000000
309310,27.670,00000000
309320,28.032,00000000
309330,28.062,00000000
309340,28.141,00000000
309350,28.012,00000000
309360,28.139,00000000
309370,28.267,00000000
309380,28.158,00000000
309390,27.849,00000000
309400,27.986,00000000
309410,27.833,00000000
309420,27.399,00000000
309430,27.172,00000000
309440,27.162,00000000
309450,27.278,00000000
309460,27.473,00000000
309470,27.595,00000000
309480,27.628,00000000
309490,27.680,00000000
309500,27.747,00000000
309510,27.936,00000000
309520,28.057,00000000
309530,28.048,00000000
309540,28.044,00000000
309550,28.072,00000000
309560,28.109,00000000
309570,27.969,00000000
309580,28.019,00000000
309590,27.829,00000000
309600,27.574,00000000
309610,27.379,00000000
309620,27.350,00000000
309630,27.308,00000000
309640,27.311,00000000
309650,27.479,00000000
309660,27.501,00000000
309670,27.581,00000000
309680,27.767,00000000
309690,28.026,00000000
309700,27.917,00000000
309710,28.010,00000000
309720,27.985,00000000
309730,27.956,00000000
309740,28.058,00000000
309750,28.195,00000000
309760,28.043,00000000
309770,27.838,00000000
309780,27.865,00000000
309790,27.559,00000000
309800,27.457,00000000
309810,27.264,00000000
309820,27.239,00000000
309830,27.392,00000000
309840,27.362,00000000
309850,27.526,00000000
309860,27.883,00000000
309870,27.840,00000000
309880,27.796,00000000
309890,27.851,00000000
309900,27.950,00000000
309910,27.966,00000000
309920,28.212,00000000
309930,28.055,00000000
309940,28.039,00000000
309950,27.877,00000000
309960,27.831,00000000
309970,27.914,00000000
309980,27.653,00000000
309990,27.400,00000000
310000,27.084,00000000
310010,27.508,00000000
310020,27.466,00000000
310030,27.473,00000000
310040,27.665,00000000
310050,27.680,00000000
310060,27.828,00000000
310070,27.905,00000000
310080,27.783,00000000
310090,27.877,00000000
310100,28.055,00000000
310110,27.954,00000000
310120,28.037,00000000
310130,28.160,00000000
310140,28.122,00000000
310150,27.746,00000000
310160,27.685,00000000
310170,27.515,00000000
310180,27.253,00000000
310190,27.239,00000000
310200,27.302,00000000
310210,27.410,00000000
310220,27.463,00000000
310230,27.488,00000000
310240,27.753,00000000
310250,27.777,00000000
310260,27.912,00000000
310270,28.001,00000000
310280,28.067,00000000
310290,28.113,00000000
310300,28.159,00000000
310310,28.068,00000000
310320,28.136,00000000
310330,27.949,00000000
310340,27.857,00000000
310350,27.645,00000000
310360,27.442,00000000
310370,27.458,00000000
310380,27.125,00000000
310390,27.421,00000000
310400,27.454,00000000
310410,27.601,00000000
310420,27.808,00000000
310430,27.813,00000000
310440,27.889,00000000
310450,28.002,00000000
310460,28.012,00000000
310470,28.029,00000000
310480,28.178,00000000
310490,27.909,00000000
310500,28.014,00000000
310510,28.041,00000000
310520,28.077,00000000
310530,27.757,00000000
310540,27.697,00000000
310550,27.332,00000000
310560,27.148,00000000
310570,27.330,00000000
310580,27.425,00000000
310590,27.539,00000000
310600,27.484,00000000
310610,27.662,00000000
310620,27.661,00000000
310630,27.883,00000000
310640,28.002,00000000
310650,27.960,00000000
310660,28.052,00000000
310670,28.069,00000000
310680,28.329,00000000
310690,28.176,00000000
310700,27.942,00000000
310710,27.775,00000000
310720,27.841,00000000
310730,27.548,00000000
310740,27.465,00000000
310750,27.413,00000000
310760,27.145,00000000
310770,27.252,00000000
310780,27.420,00000000
310790,27.529,00000000
310800,27.750,00000000
310810,27.820,00000000
310820,27.789,00000000
310830,27.920,00000000
310840,27.946,00000000
310850,27.908,00000000
310860,28.206,00000000
310870,28.218,00000000
310880,28.107,00000000
310890,27.783,00000000
310900,27.986,00000000
310910,27.731,00000000
310920,27.494,00000000
310930,27.171,00000000
310940,27.193,00000000
310950,27.263,00000000
310960,27.377,00000000
310970,27.779,00000000
310980,27.676,00000000
310990,27.679,00000000
311000,27.777,00000000
311010,27.792,00000000
311020,27.888,00000000
311030,28.291,00000000
311040,28.313,00000000
311050,28.016,00000000
311060,28.082,00000000
311070,28.169,00000000
311080,27.969,00000000
311090,27.637,00000000
311100,27.320,00000000
311110,27.180,00000000
311120,27.131,00000000
311130,27.287,00000000
311140,27.453,00000000
311150,27.570,00000000
311160,27.587,00000000
311170,27.747,00000000
311180,27.781,00000000
311190,27.896,00000000
311200,28.141,00000000
311210,28.122,00000000
311220,28.044,00000000
311230,28.082,00000000
311240,28.031,00000000
311250,28.170,00000000
311260,28.132,00000000
311270,27.601,00000000
311280,27.508,00000000
311290,27.242,00000000
311300,27.044,00000000
311310,27.301,00000000
311320,27.431,00000000
311330,27.427,00000000
311340,27.567,00000000
311350,27.653,00000000
311360,27.963,00000000
311370,27.970,00000000
311380,27.956,00000000
311390,28.042,00000000
311400,28.019,00000000
311410,28.023,00000000
311420,28.109,00000000
311430,28.231,00000000
311440,28.152,00000000
311450,27.677,00000000
311460,27.424,00000000
311470,27.451,00000000
311480,27.169,00000000
311490,27.291,00000000
311500,27.399,00000000
311510,27.351,00000000
311520,27.521,00000000
311530,27.688,00000000
311540,27.836,00000000
311550,27.893,00000000
311560,27.929,00000000
311570,27.841,00000000
311580,27.867,00000000
311590,28.164,00000000
311600,28.111,00000000
311610,27.993,00000000
311620,28.039,00000000
311630,27.802,00000000
311640,27.844,00000000
311650,27.624,00000000
311660,27.255,00000000
311670,27.055,00000000
311680,27.421,00000000
311690,27.475,00000000
311700,27.439,00000000
311710,27.475,00000000
311720,27.596,00000000
311730,27.898,00000000
311740,27.973,00000000
311750,27.826,00000000
311760,28.150,00000000
311770,28.051,00000000
311780,27.986,00000000
311790,28.003,00000000
311800,27.883,00000000
311810,27.871,00000000
311820,27.954,00000000
311830,27.796,00000000
311840,27.367,00000000
311850,27.070,00000000
311860,27.284,00000000
311870,27.437,00000000
311880,27.494,00000000
311890,27.531,00000000
311900,27.581,00000000
311910,27.751,00000000
311920,27.972,00000000
311930,28.086,00000000
311940,28.016,00000000
311950,28.086,00000000
311960,28.256,00000000
311970,28.167,00000000
311980,28.030,00000000
311990,27.853,00000000
312000,27.747,00000000
312010,27.569,00000000
312020,27.538,00000000
312030,27.196,00000000
312040,27.240,00000000
312050,27.390,00000000
312060,27.412,00000000
312070,27.507,00000000
312080,27.693,00000000
312090,27.749,00000000
312100,27.771,00000000
312110,27.905,00000000
312120,27.954,00000000
312130,28.179,00000000
312140,28.157,00000000
312150,28.159,00000000
312160,28.007,00000000
312170,28.052,00000000
312180,27.993,00000000
312190,27.880,00000000
312200,27.739,00000000
312210,27.463,00000000
312220,27.253,00000000
312230,27.012,00000000
312240,27.322,00000000
312250,27.512,00000000
312260,27.564,00000000
312270,27.653,00000000
312280,27.692,00000000
312290,27.885,00000000
312300,28.056,00000000
312310,27.940,00000000
312320,28.010,00000000
312330,28.204,00000000
312340,28.289,00000000
312350,28.090,00000000
312360,27.809,00000000
312370,27.776,00000000
312380,27.750,00000000
312390,27.722,00000000
312400,27.545,00000000
312410,27.162,00000000
312420,27.289,00000000
312430,27.463,00000000
312440,27.548,00000000
312450,27.508,00000000
312460,27.645,00000000
312470,27.648,00000000
312480,27.900,00000000
312490,28.055,00000000
312500,28.011,00000000
312510,27.864,00000000
312520,28.099,00000000
312530,28.152,00000000
312540,28.114,00000000
312550,28.032,00000000
312560,27.885,00000000
312570,27.883,00000000
312580,27.810,00000000
312590,27.349,00000000
312600,27.224,00000000
312610,27.396,00000000
312620,27.434,00000000
312630,27.403,00000000
312640,27.381,00000000
312650,27.773,00000000
312660,27.868,00000000
312670,27.722,00000000
312680,27.872,00000000
312690,27.959,00000000
312700,28.101,00000000
312710,28.091,00000000
312720,27.960,00000000
312730,27.962,00000000
312740,27.930,00000000
312750,28.039,00000000
312760,27.869,00000000
312770,27.683,00000000
312780,27.313,00000000
312790,27.160,00000000
312800,27.390,00000000
312810,27.366,00000000
312820,27.552,00000000
312830,27.607,00000000
312840,27.802,00000000
312850,27.871,00000000
312860,27.929,00000000
312870,27.886,00000000
312880,27.905,00000000
312890,27.993,00000000
312900,28.191,00000000
312910,28.047,00000000
312920,27.869,00000000
312930,27.978,00000000
312940,27.904,00000000
312950,27.655,00000000
312960,27.363,00000000
312970,27.039,00000000
312980,27.158,00000000
312990,27.379,00000000
313000,27.559,00000000
313010,27.605,00000000
313020,27.729,00000000
313030,27.975,00000000
313040,28.058,00000000
313050,28.036,00000000
313060,27.903,00000000
313070,28.095,00000000
313080,28.162,00000000
313090,28.076,00000000
313100,27.922,00000000
313110,28.025,00000000
313120,27.808,00000000
313130,27.678,00000000
313140,27.634,00000000
313150,27.183,00000000
313160,27.198,00000000
313170,27.363,00000000
313180,27.580,00000000
313190,27.574,00000000
313200,27.613,00000000
313210,27.717,00000000
313220,27.855,00000000
313230,28.038,00000000
313240,27.951,00000000
313250,27.852,00000000
313260,27.936,00000000
313270,28.102,00000000
313280,28.241,00000000
313290,28.012,00000000
313300,27.887,00000000
313310,28.017,00000000
313320,27.879,00000000
313330,27.602,00000000
313340,27.269,00000000
313350,27.240,00000000
313360,27.168,00000000
313370,27.368,00000000
313380,27.510,00000000
313390,27.687,00000000
313400,27.702,00000000
313410,27.797,00000000
313420,27.907,00000000
313430,28.022,00000000
313440,28.060,00000000
313450,28.143,00000000
313460,28.059,00000000
313470,28.026,00000000
313480,28.070,00000000
313490,28.059,00000000
313500,27.797,00000000
313510,27.615,00000000
313520,27.401,00000000
313530,27.109,00000000
313540,27.379,00000000
313550,27.459,00000000
313560,27.587,00000000
313570,27.653,00000000
313580,27.699,00000000
313590,27.753,00000000
313600,27.748,00000000
313610,27.847,00000000
313620,28.019,00000000
313630,27.999,00000000
313640,28.038,00000000
313650,27.990,00000000
313660,27.944,00000000
313670,28.167,00000000
313680,28.018,00000000
313690,27.885,00000000
313700,27.576,00000000
313710,27.364,00000000
313720,27.030,00000000
313730,27.274,00000000
313740,27.465,00000000
313750,27.431,00000000
313760,27.470,00000000
313770,27.804,00000000
313780,27.830,00000000
313790,27.808,00000000
313800,27.794,00000000
313810,28.115,00000000
313820,28.087,00000000
313830,27.936,00000000
313840,28.156,00000000
313850,28.149,00000000
313860,28.124,00000000
313870,27.790,00000000
313880,27.744,00000000
313890,27.614,00000000
313900,27.308,00000000
313910,27.189,00000000
313920,27.357,00000000
313930,27.326,00000000
313940,27.489,00000000
313950,27.598,00000000
313960,27.745,00000000
313970,27.697,00000000
313980,27.831,00000000
313990,28.082,00000000
314000,27.975,00000000
314010,27.936,00000000
314020,28.050,00000000
314030,28.134,00000000
314040,28.046,00000000
314050,27.994,00000000
314060,27.938,00000000
314070,27.735,00000000
314080,27.670,00000000
314090,27.358,00000000
314100,27.106,00000000
314110,27.233,00000000
314120,27.330,00000000
314130,27.528,00000000
314140,27.482,00000000
314150,27.642,00000000
314160,27.778,00000000
314170,27.902,00000000
314180,27.930,00000000
314190,27.956,00000000
314200,28.020,00000000
314210,28.324,00000000
314220,28.185,00000000
314230,27.903,00000000
314240,28.053,00000000
314250,28.051,00000000
314260,27.928,00000000
314270,27.461,00000000
314280,27.203,00000000
314290,27.203,00000000
314300,27.188,00000000
314310,27.413,00000000
314320,27.474,00000000
314330,27.519,00000000
314340,27.910,00000000
314350,27.649,00000000
314360,27.993,00000000
314370,28.124,00000000
314380,28.157,00000000
314390,28.232,00000000
314400,28.142,00000000
314410,28.002,00000000
314420,28.008,00000000
314430,28.078,00000000
314440,27.822,00000000
314450,27.746,00000000
314460,27.399,00000000
314470,27.224,00000000
314480,27.261,00000000
314490,27.308,00000000
314500,27.393,00000000
314510,27.590,00000000
314520,27.683,00000000
314530,27.765,00000000
314540,28.002,00000000
314550,27.918,00000000
314560,27.933,00000000
314570,28.035,00000000
314580,28.103,00000000
314590,28.065,00000000
314600,28.064,00000000
314610,27.940,00000000
314620,27.864,00000000
314630,27.779,00000000
314640,27.641,00000000
314650,27.354,00000000
314660,27.245,00000000
314670,27.246,00000000
314680,27.314,00000000
314690,27.441,00000000
314700,27.486,00000000
314710,27.791,00000000
314720,27.816,00000000
314730,27.706,00000000
314740,28.044,00000000
314750,28.106,00000000
314760,28.029,00000000
314770,28.000,00000000
314780,28.065,00000000
314790,28.007,00000000
314800,27.925,00000000
314810,28.090,00000000
314820,27.776,00000000
314830,27.739,00000000
314840,27.422,00000000
314850,27.187,00000000
314860,27.528,00000000
314870,27.339,00000000
314880,27.411,00000000
314890,27.693,00000000
314900,27.578,00000000
314910,27.933,00000000
314920,28.009,00000000
314930,28.017,00000000
314940,28.031,00000000
314950,28.057,00000000
314960,28.026,00000000
314970,28.064,00000000
314980,27.981,00000000
314990,28.006,00000000
315000,27.934,00000000
315010,27.968,00000000
315020,27.764,00000000
315030,27.471,00000000
315040,27.195,00000000
315050,27.434,00000000
315060,27.514,00000000
315070,27.390,00000000
315080,27.584,00000000
315090,27.802,00000000
315100,27.925,00000000
315110,27.857,00000000
315120,27.850,00000000
315130,28.034,00000000
315140,28.115,00000000
315150,27.820,00000000
315160,28.036,00000000
315170,27.947,00000000
315180,28.000,00000000
315190,27.826,00000000
315200,27.699,00000000
315210,27.634,00000000
315220,27.327,00000000
315230,27.160,00000000
315240,27.293,00000000
315250,27.337,00000000
315260,27.675,00000000
315270,27.789,00000000
315280,27.576,00000000
315290,27.750,00000000
315300,28.007,00000000
315310,28.103,00000000
315320,27.967,00000000
315330,27.981,00000000
315340,27.981,00000000
315350,28.127,00000000
315360,28.007,00000000
315370,27.805,00000000
315380,27.897,00000000
315390,27.887,00000000
315400,27.508,00000000
315410,27.136,00000000
315420,27.049,00000000
315430,27.416,00000000
315440,27.558,00000000
315450,27.613,00000000
315460,27.531,00000000
315470,27.886,00000000
315480,28.017,00000000
315490,27.875,00000000
315500,27.822,00000000
315510,27.886,00000000
315520,28.147,00000000
315530,28.160,00000000
315540,28.164,00000000
315550,27.886,00000000
315560,27.848,00000000
315570,27.829,00000000
315580,27.852,00000000
315590,27.508,00000000
315600,27.056,00000000
315610,27.370,00000000
315620,27.495,00000000
315630,27.325,00000000
315640,27.470,00000000
315650,27.594,00000000
315660,27.886,00000000
315670,27.935,00000000
315680,27.774,00000000
315690,28.054,00000000
315700,28.258,00000000
315710,28.111,00000000
315720,27.996,00000000
315730,27.956,00000000
315740,27.967,00000000
315750,27.932,00000000
315760,28.063,00000000
315770,27.895,00000000
315780,27.370,00000000
315790,27.301,00000000
315800,27.399,00000000
315810,27.286,00000000
315820,27.341,00000000
315830,27.461,00000000
315840,27.605,00000000
315850,27.753,00000000
315860,28.052,00000000
315870,27.999,00000000
315880,27.820,00000000
315890,28.096,00000000
315900,28.137,00000000
315910,28.137,00000000
315920,27.972,00000000
315930,28.119,00000000
315940,28.192,00000000
315950,27.921,00000000
315960,27.656,00000000
315970,27.506,00000000
315980,27.132,00000000
315990,27.308,00000000
316000,27.583,00000000
316010,27.378,00000000
316020,27.468,00000000
316030,27.589,00000000
316040,27.921,00000000
316050,27.848,00000000
316060,27.921,00000000
316070,27.899,00000000
316080,28.111,00000000
316090,28.220,00000000
316100,28.064,00000000
316110,28.125,00000000
316120,27.940,00000000
316130,28.046,00000000
316140,28.012,00000000
316150,27.578,00000000
316160,27.537,00000000
316170,27.139,00000000
316180,27.332,00000000
316190,27.532,00000000
316200,27.571,00000000
316210,27.435,00000000
316220,27.628,00000000
316230,27.828,00000000
316240,27.910,00000000
316250,27.824,00000000
316260,27.990,00000000
316270,27.995,00000000
316280,28.234,00000000
316290,28.143,00000000
316300,27.937,00000000
316310,27.859,00000000
316320,27.823,00000000
316330,27.859,00000000
316340,27.735,00000000
316350,27.252,00000000
316360,27.119,00000000
316370,27.401,00000000
316380,27.472,00000000
316390,27.494,00000000
316400,27.441,00000000
316410,27.627,00000000
316420,27.917,00000000
316430,27.859,00000000
316440,27.831,00000000
316450,28.143,00000000
316460,28.149,00000000
316470,28.025,00000000
316480,28.070,00000000
316490,27.944,00000000
316500,27.893,00000000
316510,27.794,00000000
316520,27.949,00000000
316530,27.752,00000000
316540,27.315,00000000
316550,27.217,00000000
316560,27.381,00000000
316570,27.362,00000000
316580,27.435,00000000
316590,27.510,00000000
316600,27.795,00000000
316610,27.879,00000000
316620,27.715,00000000
316630,27.809,00000000
316640,28.147,00000000
316650,28.186,00000000
316660,27.960,00000000
316670,27.917,00000000
316680,28.069,00000000
316690,28.142,00000000
316700,28.039,00000000
316710,27.698,00000000
316720,27.538,00000000
316730,27.346,00000000
316740,27.428,00000000
316750,27.517,00000000
316760,27.526,00000000
316770,27.436,00000000
316780,27.574,00000000
316790,27.575,00000000
316800,27.699,00000000
316810,27.719,00000000
316820,27.886,00000000
316830,28.029,00000000
316840,28.230,00000000
316850,28.145,00000000
316860,28.084,00000000
316870,27.995,00000000
316880,27.966,00000000
316890,27.999,00000000
316900,27.814,00000000
316910,27.676,00000000
316920,27.526,00000000
316930,27.239,00000000
316940,27.365,00000000
316950,27.378,00000000
316960,27.614,00000000
316970,27.505,00000000
316980,27.742,00000000
316990,27.855,00000000
317000,27.782,00000000
317010,27.921,00000000
317020,28.027,00000000
317030,28.196,00000000
317040,27.988,00000000
317050,28.086,00000000
317060,28.162,00000000
317070,27.899,00000000
317080,27.915,00000000
317090,27.878,00000000
317100,27.478,00000000
317110,27.152,00000000
317120,27.194,00000000
317130,27.409,00000000
317140,27.476,00000000
317150,27.426,00000000
317160,27.726,00000000
317170,27.921,00000000
317180,27.784,00000000
317190,27.989,00000000
317200,28.005,00000000
317210,27.956,00000000
317220,28.037,00000000
317230,28.130,00000000
317240,28.237,00000000
317250,28.087,00000000
317260,28.058,00000000
317270,28.000,00000000
317280,27.522,00000000
317290,27.476,00000000
317300,27.337,00000000
317310,27.190,00000000
317320,27.394,00000000
317330,27.700,00000000
317340,27.448,00000000
317350,27.640,00000000
317360,27.819,00000000
317370,28.005,00000000
317380,27.886,00000000
317390,28.014,00000000
317400,27.945,00000000
317410,27.980,00000000
317420,28.035,00000000
317430,28.065,00000000
317440,28.110,00000000
317450,27.958,00000000
317460,27.780,00000000
317470,27.750,00000000
317480,27.697,00000000
317490,27.309,00000000
317500,27.045,00000000
317510,27.329,00000000
317520,27.540,00000000
317530,27.716,00000000
317540,27.733,00000000
317550,27.776,00000000
317560,27.953,00000000
317570,27.829,00000000
317580,28.009,00000000
317590,28.128,00000000
317600,28.039,00000000
317610,28.108,00000000
317620,28.114,00000000
317630,28.105,00000000
317640,27.875,00000000
317650,27.832,00000000
317660,27.629,00000000
317670,27.298,00000000
317680,27.196,00000000
317690,27.338,00000000
317700,27.377,00000000
317710,27.636,00000000
317720,27.738,00000000
317730,27.684,00000000
317740,27.860,00000000
317750,27.969,00000000
317760,27.937,00000000
317770,28.011,00000000
317780,27.976,00000000
317790,28.177,00000000
317800,28.266,00000000
317810,28.082,00000000
317820,27.844,00000000
317830,27.855,00000000
317840,27.758,00000000
317850,27.675,00000000
317860,27.224,00000000
317870,27.240,00000000
317880,27.256,00000000
317890,27.453,00000000
317900,27.701,00000000
317910,27.563,00000000
317920,27.716,00000000
317930,27.839,00000000
317940,27.747,00000000
317950,27.893,00000000
317960,28.056,00000000
317970,28.111,00000000
317980,27.952,00000000
317990,27.913,00000000
318000,27.947,00000000
318010,28.142,00000000
318020,27.894,00000000
318030,27.739,00000000
318040,27.372,00000000
318050,27.226,00000000
318060,27.315,00000000
318070,27.441,00000000
318080,27.440,00000000
318090,27.525,00000000
318100,27.750,00000000
318110,27.711,00000000
318120,28.038,00000000
318130,28.047,00000000
318140,27.958,00000000
318150,27.982,00000000
318160,28.006,00000000
318170,27.983,00000000
318180,27.958,00000000
318190,27.977,00000000
318200,28.156,00000000
318210,28.007,00000000
318220,27.523,00000000
318230,27.384,00000000
318240,27.318,00000000
318250,27.390,00000000
318260,27.326,00000000
318270,27.534,00000000
318280,27.538,00000000
318290,27.794,00000000
318300,27.673,00000000
318310,28.047,00000000
318320,27.983,00000000
318330,27.918,00000000
318340,27.989,00000000
318350,27.999,00000000
318360,28.130,00000000
318370,28.182,00000000
318380,27.953,00000000
318390,27.867,00000000
318400,27.957,00000000
318410,27.750,00000000
318420,27.291,00000000
318430,27.149,00000000
318440,27.312,00000000
318450,27.591,00000000
318460,27.418,00000000
318470,27.567,00000000
318480,27.813,00000000
318490,28.016,00000000
318500,27.880,00000000
318510,28.124,00000000
318520,28.068,00000000
318530,28.069,00000000
318540,28.225,00000000
318550,28.000,00000000
318560,27.982,00000000
318570,27.968,00000000
318580,27.982,00000000
318590,27.700,00000000
318600,27.506,00000000
318610,27.288,00000000
318620,27.186,00000000
318630,27.381,00000000
318640,27.438,00000000
318650,27.569,00000000
318660,27.573,00000000
318670,27.753,00000000
318680,27.821,00000000
318690,28.072,00000000
318700,28.171,00000000
318710,28.014,00000000
318720,28.084,00000000
318730,28.224,00000000
318740,28.207,00000000
318750,28.020,00000000
318760,27.969,00000000
318770,27.794,00000000
318780,27.754,00000000
318790,27.554,00000000
318800,27.096,00000000
318810,27.260,00000000
318820,27.583,00000000
318830,27.510,00000000
318840,27.672,00000000
318850,27.615,00000000
318860,27.980,00000000
318870,27.935,00000000
318880,27.946,00000000
318890,28.063,00000000
318900,27.986,00000000
318910,28.125,00000000
318920,28.291,00000000
318930,28.037,00000000
318940,28.121,00000000
318950,28.010,00000000
318960,27.856,00000000
318970,27.737,00000000
318980,27.404,00000000
318990,27.059,00000000
319000,27.165,00000000
319010,27.315,00000000
319020,27.487,00000000
319030,27.693,00000000
319040,27.860,00000000
319050,27.704,00000000
319060,27.874,00000000
319070,28.058,00000000
319080,27.990,00000000
319090,28.078,00000000
319100,28.104,00000000
319110,28.002,00000000
319120,28.138,00000000
319130,28.089,00000000
319140,27.908,00000000
319150,27.760,00000000
319160,27.626,00000000
319170,27.519,00000000
319180,27.054,00000000
319190,27.328,00000000
319200,27.637,00000000
319210,27.563,00000000
319220,27.640,00000000
319230,27.632,00000000
319240,27.866,00000000
319250,27.992,00000000
319260,27.856,00000000
319270,27.932,00000000
319280,28.212,00000000
319290,28.117,00000000
319300,28.027,00000000
319310,27.937,00000000
319320,28.087,00000000
319330,27.988,00000000
319340,27.710,00000000
319350,27.560,00000000
319360,27.335,00000000
319370,27.243,00000000
319380,27.392,00000000
319390,27.447,00000000
319400,27.547,00000000
319410,27.659,00000000
319420,27.933,00000000
319430,27.811,00000000
319440,27.932,00000000
319450,27.997,00000000
319460,28.030,00000000
319470,28.168,00000000
319480,28.139,00000000
319490,28.235,00000000
319500,28.101,00000000
319510,27.935,00000000
319520,27.756,00000000
319530,27.705,00000000
319540,27.506,00000000
319550,27.089,00000000
319560,27.169,00000000
319570,27.447,00000000
319580,27.558,00000000
319590,27.631,00000000
319600,27.609,00000000
319610,27.703,00000000
319620,27.776,00000000
319630,27.968,00000000
319640,28.091,00000000
319650,28.044,00000000
319660,28.120,00000000
319670,28.008,00000000
319680,28.212,00000000
319690,28.217,00000000
319700,28.079,00000000
319710,27.697,00000000
319720,27.634,00000000
319730,27.605,00000000
319740,27.249,00000000
319750,27.084,00000000
319760,27.391,00000000
319770,27.628,00000000
319780,27.734,00000000
319790,27.728,00000000
319800,27.665,00000000
319810,27.974,00000000
319820,28.029,00000000
319830,28.161,00000000
319840,28.123,00000000
319850,28.105,00000000
319860,28.142,00000000
319870,28.032,00000000
319880,28.117,00000000
319890,28.046,00000000
319900,27.790,00000000
319910,27.513,00000000
319920,27.131,00000000
319930,27.160,00000000
319940,27.397,00000000
319950,27.337,00000000
319960,27.633,00000000
319970,27.564,00000000
319980,27.741,00000000
319990,27.831,00000000
320000,27.908,00000000
320010,27.989,00000000
320020,28.222,00000000
320030,28.128,00000000
320040,28.127,00000000
320050,28.021,00000000
320060,27.927,00000000
320070,27.922,00000000
320080,27.837,00000000
320090,27.637,00000000
320100,27.503,00000000
320110,27.190,00000000
320120,27.229,00000000
320130,27.317,00000000
320140,27.472,00000000
320150,27.712,00000000
320160,27.725,00000000
320170,27.756,00000000
320180,27.813,00000000
320190,27.966,00000000
320200,27.927,00000000
320210,28.073,00000000
320220,28.175,00000000
320230,28.133,00000000
320240,28.036,00000000
320250,27.978,00000000
320260,27.943,00000000
320270,27.883,00000000
320280,27.495,00000000
320290,27.380,00000000
320300,27.374,00000000
320310,27.446,00000000
320320,27.439,00000000
320330,27.253,00000000
320340,27.521,00000000
320350,27.857,00000000
320360,27.803,00000000
320370,27.821,00000000
320380,27.875,00000000
320390,27.959,00000000
320400,28.148,00000000
320410,28.162,00000000
320420,28.209,00000000
320430,27.945,00000000
320440,28.042,00000000
320450,27.854,00000000
320460,27.789,00000000
320470,27.692,00000000
320480,27.327,00000000
320490,27.218,00000000
320500,27.183,00000000
320510,27.384,00000000
320520,27.487,00000000
320530,27.618,00000000
320540,27.687,00000000
320550,27.918,00000000
320560,27.876,00000000
320570,27.997,00000000
320580,28.294,00000000
320590,28.238,00000000
320600,27.989,00000000
320610,28.086,00000000
320620,28.014,00000000
320630,27.865,00000000
320640,27.915,00000000
320650,27.668,00000000
320660,27.523,00000000
320670,27.229,00000000
320680,27.116,00000000
320690,27.317,00000000
320700,27.652,00000000
320710,27.726,00000000
320720,27.633,00000000
320730,27.682,00000000
320740,27.790,00000000
320750,28.027,00000000
320760,28.103,00000000
320770,28.150,00000000
320780,28.061,00000000
320790,28.068,00000000
320800,28.064,00000000
320810,27.914,00000000
320820,28.023,00000000
320830,27.962,00000000
320840,27.655,00000000
320850,27.469,00000000
320860,27.258,00000000
320870,27.507,00000000
320880,27.450,00000000
320890,27.632,00000000
320900,27.687,00000000
320910,27.496,00000000
320920,27.843,00000000
320930,27.752,00000000
320940,27.898,00000000
320950,27.944,00000000
320960,28.105,00000000
320970,27.988,00000000
320980,28.273,00000000
320990,28.007,00000000
321000,28.001,00000000
321010,28.059,00000000
321020,27.651,00000000
321030,27.570,00000000
321040,27.353,00000000
321050,27.260,00000000
321060,27.275,00000000
321070,27.270,00000000
321080,27.493,00000000
321090,27.629,00000000
321100,27.808,00000000
321110,27.813,00000000
321120,27.913,00000000
321130,28.025,00000000
321140,28.121,00000000
321150,28.171,00000000
321160,28.013,00000000
321170,28.045,00000000
321180,27.849,00000000
321190,28.222,00000000
321200,27.792,00000000
321210,27.660,00000000
321220,27.332,00000000
321230,27.210,00000000
321240,27.378,00000000
321250,27.009,00000000
321260,27.509,00000000
321270,27.356,00000000
321280,27.856,00000000
321290,27.888,00000000
321300,28.019,00000000
321310,27.984,00000000
321320,27.973,00000000
321330,28.109,00000000
321340,28.260,00000000
321350,28.061,00000000
321360,27.987,00000000
321370,27.865,00000000
321380,27.787,00000000
321390,28.064,00000000
321400,27.586,00000000
321410,27.501,00000000
321420,27.321,00000000
321430,27.257,00000000
321440,27.484,00000000
321450,27.603,00000000
321460,27.715,00000000
321470,27.823,00000000
321480,27.876,00000000
321490,28.053,00000000
321500,27.997,00000000
321510,28.090,00000000
321520,28.150,00000000
321530,28.024,00000000
321540,28.104,00000000
321550,28.040,00000000
321560,27.867,00000000
321570,27.801,00000000
321580,27.601,00000000
321590,27.432,00000000
321600,27.159,00000000
321610,27.312,00000000
321620,27.499,00000000
321630,27.298,00000000
321640,27.518,00000000
321650,27.664,00000000
321660,27.958,00000000
321670,27.941,00000000
321680,27.958,00000000
321690,28.028,00000000
321700,28.066,00000000
321710,28.124,00000000
321720,28.070,00000000
321730,28.032,00000000
321740,28.057,00000000
321750,27.833,00000000
321760,27.780,00000000
321770,27.633,00000000
321780,27.445,00000000
321790,27.173,00000000
321800,27.228,00000000
321810,27.415,00000000
321820,27.606,00000000
321830,27.621,00000000
321840,27.688,00000000
321850,27.831,00000000
321860,28.047,00000000
321870,27.872,00000000
321880,27.877,00000000
321890,28.116,00000000
321900,28.063,00000000
321910,28.129,00000000
321920,28.022,00000000
321930,27.948,00000000
321940,27.948,00000000
321950,27.917,00000000
321960,27.335,00000000
321970,27.200,00000000
321980,27.190,00000000
321990,27.296,00000000
322000,27.464,00000000
322010,27.436,00000000
322020,27.701,00000000
322030,27.781,00000000
322040,27.829,00000000
322050,27.824,00000000
322060,28.010,00000000
322070,27.904,00000000
322080,28.045,00000000
322090,28.008,00000000
322100,28.043,00000000
322110,28.053,00000000
322120,27.862,00000000
322130,27.914,00000000
322140,27.817,00000000
322150,27.598,00000000
322160,27.042,00000000
322170,27.327,00000000
322180,27.280,00000000
322190,27.564,00000000
322200,27.590,00000000
322210,27.731,00000000
322220,27.739,00000000
322230,27.944,00000000
322240,27.873,00000000
322250,27.979,00000000
322260,27.896,00000000
322270,27.962,00000000
322280,28.048,00000000
322290,28.080,00000000
322300,28.084,00000000
322310,27.928,00000000
322320,27.809,00000000
322330,27.484,00000000
322340,27.535,00000000
322350,27.418,00000000
322360,27.271,00000000
322370,27.508,00000000
322380,27.585,00000000
322390,27.680,00000000
322400,27.734,00000000
322410,27.765,00000000
322420,27.990,00000000
322430,27.993,00000000
322440,28.061,00000000
322450,28.165,00000000
322460,28.032,00000000
322470,28.098,00000000
322480,27.936,00000000
322490,27.862,00000000
322500,27.755,00000000
322510,27.725,00000000
322520,27.448,00000000
322530,27.134,00000000
322540,27.177,00000000
322550,27.495,00000000
322560,27.518,00000000
322570,27.636,00000000
322580,27.657,00000000
322590,27.755,00000000
322600,27.816,00000000
322610,27.877,00000000
322620,27.992,00000000
322630,28.154,00000000
322640,28.049,00000000
322650,28.050,00000000
322660,28.225,00000000
322670,28.143,00000000
322680,28.045,00000000
322690,27.750,00000000
322700,27.645,00000000
322710,27.538,00000000
322720,27.168,00000000
322730,27.138,00000000
322740,27.358,00000000
322750,27.457,00000000
322760,27.517,00000000
322770,27.689,00000000
322780,27.926,00000000
322790,27.820,00000000
322800,27.933,00000000
322810,28.033,00000000
322820,28.054,00000000
322830,28.141,00000000
322840,28.128,00000000
322850,27.954,00000000
322860,27.980,00000000
322870,27.833,00000000
322880,27.717,00000000
322890,27.626,00000000
322900,27.244,00000000
322910,27.195,00000000
322920,27.385,00000000
322930,27.567,00000000
322940,27.525,00000000
322950,27.727,00000000
322960,27.873,00000000
322970,27.941,00000000
322980,27.770,00000000
322990,27.884,00000000
323000,27.876,00000000
323010,27.918,00000000
323020,28.312,00000000
323030,28.299,00000000
323040,28.029,00000000
323050,27.853,00000000
323060,27.928,00000000
323070,27.764,00000000
323080,27.231,00000000
323090,26.921,00000000
323100,27.299,00000000
323110,27.469,00000000
323120,27.515,00000000
323130,27.541,00000000
323140,27.722,00000000
323150,28.030,00000000
323160,28.091,00000000
323170,28.063,00000000
323180,27.946,00000000
323190,28.046,00000000
323200,28.228,00000000
323210,27.992,00000000
323220,27.870,00000000
323230,27.896,00000000
323240,27.867,00000000
323250,27.870,00000000
323260,27.676,00000000
323270,27.363,00000000
323280,27.217,00000000
323290,27.298,00000000
323300,27.501,00000000
323310,27.587,00000000
323320,27.611,00000000
323330,27.788,00000000
323340,27.899,00000000
323350,27.968,00000000
323360,28.012,00000000
323370,27.960,00000000
323380,28.107,00000000
323390,28.069,00000000
323400,28.026,00000000
323410,27.967,00000000
323420,28.108,00000000
323430,27.843,00000000
323440,27.720,00000000
323450,27.549,00000000
323460,27.277,00000000
323470,27.252,00000000
323480,27.368,00000000
323490,27.491,00000000
323500,27.608,00000000
323510,27.573,00000000
323520,27.770,00000000
323530,27.778,00000000
323540,27.961,00000000
323550,27.905,00000000
323560,28.032,00000000
323570,28.121,00000000
323580,28.106,00000000
323590,28.143,00000000
323600,27.969,00000000
323610,27.874,00000000
323620,27.809,00000000
323630,27.517,00000000
323640,27.418,00000000
323650,27.337,00000000
323660,27.363,00000000
323670,27.569,00000000
323680,27.483,00000000
323690,27.675,00000000
323700,27.643,00000000
323710,27.790,00000000
323720,28.058,00000000
323730,28.073,00000000
323740,27.976,00000000
323750,28.140,00000000
323760,28.067,00000000
323770,28.067,00000000
323780,28.099,00000000
323790,28.068,00000000
323800,27.970,00000000
323810,27.685,00000000
323820,27.532,00000000
323830,27.246,00000000
323840,27.250,00000000
323850,27.495,00000000
323860,27.603,00000000
323870,27.633,00000000
323880,27.522,00000000
323890,27.690,00000000
323900,27.760,00000000
323910,27.974,00000000
323920,28.053,00000000
323930,28.080,00000000
323940,28.187,00000000
323950,28.059,00000000
323960,28.154,00000000
323970,28.089,00000000
323980,27.872,00000000
323990,27.712,00000000
324000,27.569,00000000
324010,27.568,00000000
324020,27.320,00000000
324030,27.170,00000000
324040,27.484,00000000
324050,27.528,00000000
324060,27.606,00000000
324070,27.794,00000000
324080,27.891,00000000
324090,27.904,00000000
324100,28.116,00000000
324110,28.021,00000000
324120,28.110,00000000
324130,28.298,00000000
324140,28.032,00000000
324150,27.990,00000000
324160,27.974,00000000
324170,28.033,00000000
324180,27.789,00000000
324190,27.553,00000000
324200,27.292,00000000
324210,27.164,00000000
324220,27.397,00000000
324230,27.538,00000000
324240,27.573,00000000
324250,27.733,00000000
324260,27.886,00000000
324270,27.884,00000000
324280,27.955,00000000
324290,28.110,00000000
324300,27.999,00000000
324310,27.965,00000000
324320,27.905,00000000
324330,27.989,00000000
324340,28.035,00000000
324350,28.204,00000000
324360,27.954,00000000
324370,27.675,00000000
324380,27.398,00000000
324390,27.084,00000000
324400,27.310,00000000
324410,27.535,00000000
324420,27.462,00000000
324430,27.700,00000000
324440,27.615,00000000
324450,28.018,00000000
324460,28.178,00000000
324470,28.071,00000000
324480,28.016,00000000
324490,28.061,00000000
324500,28.179,00000000
324510,27.927,00000000
324520,27.987,00000000
324530,27.846,00000000
324540,27.846,00000000
324550,27.912,00000000
324560,27.642,00000000
324570,27.456,00000000
324580,27.100,00000000
324590,27.199,00000000
324600,27.405,00000000
324610,27.591,00000000
324620,27.707,00000000
324630,27.822,00000000
324640,27.799,00000000
324650,27.947,00000000
324660,27.941,00000000
324670,28.025,00000000
324680,28.153,00000000
324690,28.224,00000000
324700,28.051,00000000
324710,28.080,00000000
324720,28.014,00000000
324730,27.975,00000000
324740,27.869,00000000
324750,27.568,00000000
324760,27.406,00000000
324770,27.267,00000000
324780,27.306,00000000
324790,27.611,00000000
324800,27.682,00000000
324810,27.793,00000000
324820,27.825,00000000
324830,27.758,00000000
324840,27.937,00000000
324850,27.946,00000000
324860,28.090,00000000
324870,27.955,00000000
324880,27.933,00000000
324890,28.112,00000000
324900,28.114,00000000
324910,28.113,00000000
324920,27.992,00000000
324930,27.609,00000000
324940,27.573,00000000
324950,27.217,00000000
324960,27.241,00000000
324970,27.435,00000000
324980,27.612,00000000
324990,27.603,00000000
325000,27.601,00000000
325010,27.637,00000000
325020,27.756,00000000
325030,27.932,00000000
325040,28.093,00000000
325050,28.060,00000000
325060,28.100,00000000
325070,28.156,00000000
325080,28.035,00000000
325090,28.018,00000000
325100,28.055,00000000
325110,27.995,00000000
325120,27.616,00000000
325130,27.595,00000000
325140,27.163,00000000
325150,27.282,00000000
325160,27.420,00000000
325170,27.491,00000000
325180,27.538,00000000
325190,27.651,00000000
325200,27.751,00000000
325210,28.071,00000000
325220,28.181,00000000
325230,28.034,00000000
325240,27.775,00000000
325250,27.941,00000000
325260,28.064,00000000
325270,28.010,00000000
325280,27.984,00000000
325290,28.026,00000000
325300,27.707,00000000
325310,27.627,00000000
325320,27.502,00000000
325330,27.220,00000000
325340,27.326,00000000
325350,27.468,00000000
325360,27.632,00000000
325370,27.654,00000000
325380,27.718,00000000
325390,27.822,00000000
325400,27.888,00000000
325410,28.086,00000000
325420,27.981,00000000
325430,27.879,00000000
325440,27.945,00000000
325450,28.059,00000000
325460,28.166,00000000
325470,27.850,00000000
325480,27.853,00000000
325490,27.727,00000000
325500,27.442,00000000
325510,27.419,00000000
325520,27.188,00000000
325530,27.189,00000000
325540,27.493,00000000
325550,27.661,00000000
325560,27.650,00000000
325570,27.801,00000000
325580,27.824,00000000
325590,27.983,00000000
325600,27.910,00000000
325610,28.007,00000000
325620,28.290,00000000
325630,28.051,00000000
325640,28.128,00000000
325650,28.073,00000000
325660,27.909,00000000
325670,27.858,00000000
325680,27.915,00000000
325690,27.557,00000000
325700,27.152,00000000
325710,27.095,00000000
325720,27.431,00000000
325730,27.562,00000000
325740,27.600,00000000
325750,27.652,00000000
325760,27.758,00000000
325770,27.779,00000000
325780,27.865,00000000
325790,28.213,00000000
325800,28.141,00000000
325810,28.185,00000000
325820,28.020,00000000
325830,28.048,00000000
325840,28.087,00000000
325850,27.979,00000000
325860,27.858,00000000
325870,27.616,00000000
325880,27.344,00000000
325890,27.103,00000000
325900,27.255,00000000
325910,27.360,00000000
325920,27.618,00000000
325930,27.602,00000000
325940,27.831,00000000
325950,27.711,00000000
325960,27.853,00000000
325970,28.103,00000000
325980,28.081,00000000
325990,28.148,00000000
326000,27.984,00000000
326010,28.127,00000000
326020,27.964,00000000
326030,27.932,00000000
326040,27.982,00000000
326050,27.865,00000000
326060,27.580,00000000
326070,27.238,00000000
326080,27.209,00000000
326090,27.282,00000000
326100,27.480,00000000
326110,27.716,00000000
326120,27.821,00000000
326130,27.753,00000000
326140,27.742,00000000
326150,28.081,00000000
326160,27.986,00000000
326170,28.131,00000000
326180,28.009,00000000
326190,27.954,00000000
326200,28.049,00000000
326210,28.187,00000000
326220,28.067,00000000
326230,27.857,00000000
326240,27.662,00000000
326250,27.371,00000000
326260,27.256,00000000
326270,27.296,00000000
326280,27.352,00000000
326290,27.467,00000000
326300,27.668,00000000
326310,27.744,00000000
326320,27.883,00000000
326330,27.995,00000000
326340,27.973,00000000
326350,27.993,00000000
326360,28.006,00000000
326370,28.055,00000000
326380,28.045,00000000
326390,28.001,00000000
326400,27.988,00000000
326410,27.869,00000000
326420,27.819,00000000
326430,27.663,00000000
326440,27.331,00000000
326450,27.206,00000000
326460,27.317,00000000
326470,27.403,00000000
326480,27.551,00000000
326490,27.795,00000000
326500,27.771,00000000
326510,27.787,00000000
326520,27.936,00000000
326530,28.184,00000000
326540,27.949,00000000
326550,28.148,00000000
326560,28.192,00000000
326570,27.895,00000000
326580,27.914,00000000
326590,27.912,00000000
326600,27.920,00000000
326610,27.571,00000000
326620,27.488,00000000
326630,27.096,00000000
326640,27.340,00000000
326650,27.512,00000000
326660,27.670,00000000
326670,27.547,00000000
326680,27.706,00000000
326690,27.734,00000000
326700,27.947,00000000
326710,27.924,00000000
326720,27.994,00000000
326730,28.151,00000000
326740,28.126,00000000
326750,28.092,00000000
326760,27.865,00000000
326770,27.839,00000000
326780,27.711,00000000
326790,27.698,00000000
326800,27.487,00000000
326810,27.130,00000000
326820,27.298,00000000
326830,27.589,00000000
326840,27.526,00000000
326850,27.678,00000000
326860,27.850,00000000
326870,27.808,00000000
326880,27.839,00000000
326890,28.067,00000000
326900,28.198,00000000
326910,28.084,00000000
326920,28.068,00000000
326930,28.011,00000000
326940,28.011,00000000
326950,28.041,00000000
326960,27.922,00000000
326970,27.712,00000000
326980,27.422,00000000
326990,27.262,00000000
327000,27.284,00000000
327010,27.356,00000000
327020,27.394,00000000
327030,27.602,00000000
327040,27.666,00000000
327050,27.792,00000000
327060,27.800,00000000
327070,27.958,00000000
327080,27.981,00000000
327090,27.949,00000000
327100,27.989,00000000
327110,28.034,00000000
327120,28.188,00000000
327130,28.085,00000000
327140,27.925,00000000
327150,27.823,00000000
327160,27.494,00000000
327170,27.291,00000000
327180,27.319,00000000
327190,27.296,00000000
327200,27.348,00000000
327210,27.457,00000000
327220,27.525,00000000
327230,27.780,00000000
327240,27.856,00000000
327250,27.840,00000000
327260,27.918,00000000
327270,27.993,00000000
327280,27.922,00000000
327290,28.148,00000000
327300,28.198,00000000
327310,28.005,00000000
327320,27.878,00000000
327330,28.043,00000000
327340,27.852,00000000
327350,27.528,00000000
327360,27.245,00000000
327370,27.242,00000000
327380,27.180,00000000
327390,27.541,00000000
327400,27.605,00000000
327410,27.569,00000000
327420,27.708,00000000
327430,27.695,00000000
327440,27.968,00000000
327450,28.070,00000000
327460,28.121,00000000
327470,27.924,00000000
327480,28.050,00000000
327490,28.098,00000000
327500,28.167,00000000
327510,28.048,00000000
327520,27.780,00000000
327530,27.725,00000000
327540,27.425,00000000
327550,27.301,00000000
327560,27.292,00000000
327570,27.353,00000000
327580,27.418,00000000
327590,27.435,00000000
327600,27.653,00000000
327610,27.704,00000000
327620,27.911,00000000
327630,28.007,00000000
327640,27.907,00000000
327650,28.003,00000000
327660,28.172,00000000
327670,28.117,00000000
327680,27.929,00000000
327690,28.094,00000000
327700,27.902,00000000
327710,27.988,00000000
327720,27.869,00000000
327730,27.484,00000000
327740,27.200,00000000
327750,27.100,00000000
327760,27.366,00000000
327770,27.623,00000000
327780,27.470,00000000
327790,27.572,00000000
327800,27.666,00000000
327810,27.719,00000000
327820,27.871,00000000
327830,28.112,00000000
327840,28.096,00000000
327850,27.943,00000000
327860,28.218,00000000
327870,28.065,00000000
327880,28.059,00000000
327890,27.945,00000000
327900,27.771,00000000
327910,27.643,00000000
327920,27.285,00000000
327930,27.169,00000000
327940,27.298,00000000
327950,27.415,00000000
327960,27.403,00000000
327970,27.596,00000000
327980,27.717,00000000
327990,27.952,00000000
328000,27.956,00000000
328010,27.875,00000000
328020,27.928,00000000
328030,28.132,00000000
328040,28.016,00000000
328050,28.003,00000000
328060,28.216,00000000
328070,28.031,00000000
328080,27.838,00000000
328090,27.676,00000000
328100,27.464,00000000
328110,27.162,00000000
328120,27.236,00000000
328130,27.326,00000000
328140,27.455,00000000
328150,27.459,00000000
328160,27.617,00000000
328170,27.630,00000000
328180,27.931,00000000
328190,27.920,00000000
328200,27.987,00000000
328210,27.938,00000000
328220,28.149,00000000
328230,28.168,00000000
328240,28.129,00000000
328250,27.956,00000000
328260,27.860,00000000
328270,27.682,00000000
328280,27.627,00000000
328290,27.661,00000000
328300,27.108,00000000
328310,27.255,00000000
328320,27.436,00000000
328330,27.533,00000000
328340,27.547,00000000
328350,27.552,00000000
328360,27.697,00000000
328370,27.791,00000000
328380,28.067,00000000
328390,28.001,00000000
328400,27.934,00000000
328410,28.228,00000000
328420,28.260,00000000
328430,28.156,00000000
328440,27.994,00000000
328450,27.827,00000000
328460,27.897,00000000
328470,27.569,00000000
328480,27.410,00000000
328490,27.218,00000000
328500,27.250,00000000
328510,27.408,00000000
328520,27.438,00000000
328530,27.522,00000000
328540,27.721,00000000
328550,27.891,00000000
328560,27.809,00000000
328570,27.930,00000000
328580,27.930,00000000
328590,28.041,00000000
328600,28.261,00000000
328610,27.985,00000000
328620,27.949,00000000
328630,28.002,00000000
328640,28.061,00000000
328650,27.746,00000000
328660,27.651,00000000
328670,27.303,00000000
328680,27.135,00000000
328690,27.231,00000000
328700,27.454,00000000
328710,27.654,00000000
328720,27.531,00000000
328730,27.627,00000000
328740,27.815,00000000
328750,28.023,00000000
328760,27.941,00000000
328770,28.043,00000000
328780,28.018,00000000
328790,28.137,00000000
328800,28.008,00000000
328810,27.951,00000000
328820,28.171,00000000
328830,27.876,00000000
328840,27.632,00000000
328850,27.405,00000000
328860,27.452,00000000
328870,27.305,00000000
328880,27.232,00000000
328890,27.412,00000000
328900,27.688,00000000
328910,27.749,00000000
328920,27.955,00000000
328930,28.006,00000000
328940,28.061,00000000
328950,27.902,00000000
328960,27.940,00000000
328970,28.021,00000000
328980,28.122,00000000
328990,27.992,00000000
329000,28.072,00000000
329010,28.085,00000000
329020,27.850,00000000
329030,27.575,00000000
329040,27.411,00000000
329050,27.294,00000000
329060,27.180,00000000
329070,27.433,00000000
329080,27.671,00000000
329090,27.588,00000000
329100,27.683,00000000
329110,27.615,00000000
329120,27.795,00000000
329130,27.980,00000000
329140,28.091,00000000
329150,28.167,00000000
329160,28.049,00000000
329170,28.021,00000000
329180,28.034,00000000
329190,27.904,00000000
329200,28.001,00000000
329210,27.877,00000000
329220,27.378,00000000
329230,27.248,00000000
329240,27.300,00000000
329250,27.288,00000000
329260,27.485,00000000
329270,27.460,00000000
329280,27.629,00000000
329290,27.685,00000000
329300,27.864,00000000
329310,28.195,00000000
329320,28.180,00000000
329330,27.959,00000000
329340,28.137,00000000
329350,28.305,00000000
329360,28.167,00000000
329370,27.796,00000000
329380,27.855,00000000
329390,27.864,00000000
329400,27.730,00000000
329410,27.489,00000000
329420,27.316,00000000
329430,27.386,00000000
329440,27.274,00000000
329450,27.435,00000000
329460,27.558,00000000
329470,27.567,00000000
329480,27.671,00000000
329490,27.886,00000000
329500,27.891,00000000
329510,27.897,00000000
329520,28.024,00000000
329530,27.878,00000000
329540,27.969,00000000
329550,28.092,00000000
329560,28.200,00000000
329570,28.158,00000000
329580,27.888,00000000
329590,27.661,00000000
329600,27.390,00000000
329610,27.102,00000000
329620,27.174,00000000
329630,27.398,00000000
329640,27.483,00000000
329650,27.736,00000000
329660,27.635,00000000
329670,27.878,00000000
329680,27.965,00000000
329690,27.841,00000000
329700,27.938,00000000
329710,28.048,00000000
329720,28.243,00000000
329730,28.235,00000000
329740,27.956,00000000
329750,27.787,00000000
329760,27.774,00000000
329770,27.714,00000000
329780,27.620,00000000
329790,27.376,00000000
329800,27.288,00000000
329810,27.313,00000000
329820,27.300,00000000
329830,27.444,00000000
329840,27.723,00000000
329850,27.789,00000000
329860,27.804,00000000
329870,27.731,00000000
329880,27.952,00000000
329890,28.185,00000000
329900,28.056,00000000
329910,28.026,00000000
329920,28.010,00000000
329930,27.969,00000000
329940,28.063,00000000
329950,27.898,00000000
329960,27.742,00000000
329970,27.502,00000000
329980,27.488,00000000
329990,27.444,00000000
330000,27.198,00000000
330010,27.265,00000000
330020,27.377,00000000
330030,27.524,00000000
330040,27.917,00000000
330050,27.976,00000000
330060,28.016,00000000
330070,27.912,00000000
330080,28.117,00000000
330090,28.221,00000000
330100,27.969,00000000
330110,27.901,00000000
330120,27.807,00000000
330130,27.851,00000000
330140,27.898,00000000
330150,27.691,00000000
330160,27.478,00000000
330170,27.118,00000000
330180,27.221,00000000
330190,27.523,00000000
330200,27.466,00000000
330210,27.616,00000000
330220,27.702,00000000
330230,27.701,00000000
330240,27.859,00000000
330250,28.026,00000000
330260,27.948,00000000
330270,27.970,00000000
330280,28.157,00000000
330290,28.396,00000000
330300,28.222,00000000
330310,28.117,00000000
330320,27.829,00000000
330330,27.716,00000000
330340,27.539,00000000
330350,27.313,00000000
330360,26.999,00000000
330370,27.189,00000000
330380,27.513,00000000
330390,27.575,00000000
330400,27.637,00000000
330410,27.810,00000000
330420,27.676,00000000
330430,27.927,00000000
330440,27.809,00000000
330450,27.914,00000000
330460,28.044,00000000
330470,28.168,00000000
330480,28.110,00000000
330490,27.974,00000000
330500,28.053,00000000
330510,28.148,00000000
330520,27.926,00000000
330530,27.540,00000000
330540,27.352,00000000
330550,27.332,00000000
330560,27.270,00000000
330570,27.236,00000000
330580,27.355,00000000
330590,27.539,00000000
330600,27.808,00000000
330610,27.848,00000000
330620,27.884,00000000
330630,28.034,00000000
330640,27.952,00000000
330650,28.045,00000000
330660,28.151,00000000
330670,28.054,00000000
330680,28.113,00000000
330690,27.910,00000000
330700,27.937,00000000
330710,27.865,00000000
330720,27.590,00000000
330730,27.078,00000000
330740,27.173,00000000
330750,27.374,00000000
330760,27.481,00000000
330770,27.655,00000000
330780,27.619,00000000
330790,27.795,00000000
330800,27.824,00000000
330810,27.905,00000000
330820,28.007,00000000
330830,27.985,00000000
330840,28.121,00000000
330850,28.003,00000000
330860,28.144,00000000
330870,28.052,00000000
330880,27.947,00000000
330890,27.814,00000000
330900,27.581,00000000
330910,27.424,00000000
330920,27.095,00000000
330930,27.382,00000000
330940,27.603,00000000
330950,27.398,00000000
330960,27.530,00000000
330970,27.802,00000000
330980,27.891,00000000
330990,27.963,00000000
331000,27.911,00000000
331010,28.007,00000000
331020,28.066,00000000
331030,28.058,00000000
331040,28.120,00000000
331050,28.133,00000000
331060,27.965,00000000
331070,27.681,00000000
331080,27.767,00000000
331090,27.443,00000000
331100,27.041,00000000
331110,27.152,00000000
331120,27.268,00000000
331130,27.435,00000000
331140,27.679,00000000
331150,27.764,00000000
331160,27.727,00000000
331170,27.935,00000000
331180,27.774,00000000
331190,28.027,00000000
331200,28.189,00000000
331210,28.051,00000000
331220,27.911,00000000
331230,28.088,00000000
331240,27.950,00000000
331250,27.884,00000000
331260,27.766,00000000
331270,27.715,00000000
331280,27.430,00000000
331290,27.052,00000000
331300,27.352,00000000
331310,27.308,00000000
331320,27.578,00000000
331330,27.885,00000000
331340,27.935,00000000
331350,27.796,00000000
331360,27.782,00000000
331370,28.072,00000000
331380,28.096,00000000
331390,27.821,00000000
331400,27.874,00000000
331410,28.072,00000000
331420,28.105,00000000
331430,27.999,00000000
331440,27.944,00000000
331450,27.672,00000000
331460,27.500,00000000
331470,27.187,00000000
331480,27.095,00000000
331490,27.503,00000000
331500,27.555,00000000
331510,27.448,00000000
331520,27.577,00000000
331530,27.675,00000000
331540,28.016,00000000
331550,28.143,00000000
331560,27.989,00000000
331570,27.982,00000000
331580,27.957,00000000
331590,28.032,00000000
331600,28.216,00000000
331610,27.954,00000000
331620,27.882,00000000
331630,27.788,00000000
331640,27.736,00000000
331650,27.381,00000000
331660,27.120,00000000
331670,27.226,00000000
331680,27.496,00000000
331690,27.612,00000000
331700,27.715,00000000
331710,27.612,00000000
331720,27.731,00000000
331730,27.939,00000000
331740,28.122,00000000
331750,27.913,00000000
331760,27.911,00000000
331770,28.143,00000000
331780,28.203,00000000
331790,27.983,00000000
331800,27.900,00000000
331810,27.922,00000000
331820,27.896,00000000
331830,27.587,00000000
331840,27.363,00000000
331850,27.093,00000000
331860,27.206,00000000
331870,27.455,00000000
331880,27.592,00000000
331890,27.647,00000000
331900,27.606,00000000
331910,27.888,00000000
331920,27.940,00000000
331930,27.996,00000000
331940,27.962,00000000
331950,27.985,00000000
331960,28.066,00000000
331970,28.086,00000000
331980,28.092,00000000
331990,28.020,00000000
332000,27.848,00000000
332010,27.720,00000000
332020,27.675,00000000
332030,27.274,00000000
332040,27.211,00000000
332050,27.300,00000000
332060,27.557,00000000
332070,27.332,00000000
332080,27.582,00000000
332090,27.766,00000000
332100,27.731,00000000
332110,27.776,00000000
332120,27.981,00000000
332130,28.137,00000000
332140,28.143,00000000
332150,27.986,00000000
332160,28.081,00000000
332170,28.188,00000000
332180,28.029,00000000
332190,27.859,00000000
332200,27.645,00000000
332210,27.573,00000000
332220,27.338,00000000
332230,27.284,00000000
332240,27.363,00000000
332250,27.483,00000000
332260,27.560,00000000
332270,27.624,00000000
332280,27.825,00000000
332290,27.865,00000000
332300,27.791,00000000
332310,28.101,00000000
332320,28.067,00000000
332330,28.147,00000000
332340,28.103,00000000
332350,27.970,00000000
332360,28.029,00000000
332370,27.813,00000000
332380,27.755,00000000
332390,27.581,00000000
332400,27.446,00000000
332410,27.126,00000000
332420,27.226,00000000
332430,27.286,00000000
332440,27.457,00000000
332450,27.600,00000000
332460,27.770,00000000
332470,27.809,00000000
332480,27.805,00000000
332490,27.903,00000000
332500,28.148,00000000
332510,28.101,00000000
332520,27.977,00000000
332530,27.887,00000000
332540,27.975,00000000
332550,28.091,00000000
332560,28.079,00000000
332570,27.857,00000000
332580,27.470,00000000
332590,27.297,00000000
332600,27.310,00000000
332610,27.303,00000000
332620,27.280,00000000
332630,27.377,00000000
332640,27.746,00000000
332650,27.827,00000000
332660,27.865,00000000
332670,27.813,00000000
332680,28.103,00000000
332690,28.085,00000000
332700,27.910,00000000
332710,27.990,00000000
332720,27.967,00000000
332730,28.190,00000000
332740,28.123,00000000
332750,27.837,00000000
332760,27.546,00000000
332770,27.402,00000000
332780,27.420,00000000
332790,27.334,00000000
332800,27.432,00000000
332810,27.306,00000000
332820,27.614,00000000
332830,27.671,00000000
332840,27.805,00000000
332850,27.816,00000000
332860,27.936,00000000
332870,28.169,00000000
332880,28.076,00000000
332890,28.035,00000000
332900,27.942,00000000
332910,27.985,00000000
332920,27.931,00000000
332930,27.988,00000000
332940,27.938,00000000
332950,27.507,00000000
332960,27.273,00000000
332970,27.077,00000000
332980,27.413,00000000
332990,27.292,00000000
333000,27.524,00000000
333010,27.512,00000000
333020,27.855,00000000
333030,27.917,00000000
333040,27.837,00000000
333050,27.986,00000000
333060,27.882,00000000
333070,28.149,00000000
333080,28.217,00000000
333090,27.969,00000000
333100,28.016,00000000
333110,28.124,00000000
333120,27.812,00000000
333130,27.623,00000000
333140,27.552,00000000
333150,27.330,00000000
333160,27.293,00000000
333170,27.512,00000000
333180,27.382,00000000
333190,27.543,00000000
333200,27.550,00000000
333210,27.833,00000000
333220,27.902,00000000
333230,27.847,00000000
333240,28.134,00000000
333250,28.095,00000000
333260,28.141,00000000
333270,28.070,00000000
333280,28.013,00000000
333290,28.191,00000000
333300,27.912,00000000
333310,27.809,00000000
333320,27.699,00000000
333330,27.549,00000000
333340,27.071,00000000
333350,27.233,00000000
333360,27.460,00000000
333370,27.322,00000000
333380,490.609,X0000000
333390,249.913,10000000
333400,164.203,10000000
333410,131.795,10000000
333420,120.290,10000000
333430,280.489,10000000
333440,609.416,10000000
333450,293.903,10000000
333460,179.890,10000000
333470,137.708,10000000
333480,122.477,10000000
333490,117.168,10000000
333500,115.046,10000000
333510,114.799,10000000
333520,114.218,10000000
333530,114.911,10000000
333540,115.046,10000000
333550,115.256,10000000
333560,115.387,10000000
333570,115.456,10000000
333580,116.000,10000000
333590,115.636,10000000
333600,114.520,10000000
333610,112.532,10000000
333620,112.268,10000000
333630,113.071,10000000
333640,112.583,10000000
333650,113.107,10000000
333660,113.259,10000000
333670,113.302,10000000
333680,113.543,10000000
333690,113.335,10000000
333700,114.148,10000000
333710,114.308,10000000
333720,114.387,10000000
333730,114.676,10000000
333740,115.043,10000000
333750,115.357,10000000
333760,115.220,10000000
333770,115.455,10000000
333780,115.935,10000000
333790,115.752,10000000
333800,114.402,10000000
333810,112.675,10000000
333820,112.733,10000000
333830,113.434,10000000
333840,113.617,10000000
333850,113.395,10000000
333860,114.139,10000000
333870,114.086,10000000
333880,114.023,10000000
333890,114.735,10000000
333900,114.731,10000000
333910,114.963,10000000
333920,114.562,10000000
333930,114.916,10000000
333940,115.749,10000000
333950,116.149,10000000
333960,115.692,10000000
333970,115.944,10000000
333980,115.649,10000000
333990,114.982,10000000
334000,112.757,10000000
334010,112.713,10000000
334020,112.891,10000000
334030,113.258,10000000
334040,113.234,10000000
334050,113.646,10000000
334060,113.624,10000000
334070,113.789,10000000
334080,113.953,10000000
334090,114.261,10000000
334100,114.520,10000000
334110,114.899,10000000
334120,114.825,10000000
334130,115.185,10000000
334140,115.942,10000000
334150,115.984,10000000
334160,116.146,10000000
334170,115.895,10000000
334180,116.032,10000000
334190,115.223,10000000
334200,112.974,10000000
334210,112.789,10000000
334220,113.214,10000000
334230,113.484,10000000
334240,113.379,10000000
334250,113.774,10000000
334260,113.730,10000000
334270,113.818,10000000
334280,114.272,10000000
334290,114.635,10000000
334300,114.891,10000000
334310,114.867,10000000
334320,115.380,10000000
334330,115.545,10000000
334340,115.762,10000000
334350,116.144,10000000
334360,116.268,10000000
334370,116.037,10000000
334380,115.768,10000000
334390,112.951,10000000
334400,113.253,10000000
334410,113.196,10000000
334420,113.771,10000000
334430,113.946,10000000
334440,601.567,10000000
334450,291.270,10000000
334460,179.550,10000000
334470,138.844,10000000
334480,123.856,10000000
334490,118.750,10000000
334500,116.350,10000000
334510,116.172,10000000
334520,115.512,10000000
334530,115.747,10000000
334540,115.878,10000000
334550,116.061,10000000
334560,116.309,10000000
334570,116.343,10000000
334580,115.092,10000000
334590,113.278,10000000
334600,113.450,10000000
334610,113.713,10000000
334620,113.637,10000000
334630,113.291,10000000
334640,113.422,10000000
334650,113.901,10000000
334660,113.899,10000000
334670,114.306,10000000
334680,114.649,10000000
334690,114.756,10000000
334700,115.141,10000000
334710,115.450,10000000
334720,116.041,10000000
334730,115.845,10000000
334740,116.047,10000000
334750,116.005,10000000
334760,116.176,10000000
334770,116.038,10000000
334780,113.598,10000000
334790,112.893,10000000
334800,113.345,10000000
334810,113.275,10000000
334820,113.934,10000000
334830,113.955,10000000
334840,114.170,10000000
334850,114.080,10000000
334860,114.424,10000000
334870,114.462,10000000
334880,114.649,10000000
334890,115.030,10000000
334900,115.112,10000000
334910,115.507,10000000
334920,116.084,10000000
334930,116.070,10000000
334940,116.298,10000000
334950,116.156,10000000
334960,115.577,10000000
334970,113.979,10000000
334980,112.924,10000000
334990,113.553,10000000
335000,113.552,10000000
335010,113.648,10000000
335020,113.574,10000000
335030,113.734,10000000
335040,114.370,10000000
335050,114.358,10000000
335060,114.187,10000000
335070,114.524,10000000
335080,115.291,10000000
335090,115.247,10000000
335100,115.549,10000000
335110,115.501,10000000
335120,115.887,10000000
335130,116.278,10000000
335140,115.927,10000000
335150,115.826,10000000
335160,115.259,10000000
335170,113.486,10000000
335180,113.159,10000000
335190,113.705,10000000
335200,113.290,10000000
335210,113.944,10000000
335220,113.876,10000000
335230,113.783,10000000
335240,114.312,10000000
335250,114.630,10000000
335260,114.883,10000000
335270,114.857,10000000
335280,115.402,10000000
335290,115.452,10000000
335300,115.798,10000000
335310,116.180,10000000
335320,116.671,10000000
335330,116.372,10000000
335340,117.173,10000000
335350,116.424,10000000
335360,114.734,10000000
335370,113.767,10000000
335380,114.013,10000000
335390,114.489,10000000
335400,113.954,10000000
335410,114.236,10000000
335420,114.609,10000000
335430,115.041,10000000
335440,649.528,10000000
335450,395.371,10000000
335460,220.387,10000000
335470,155.532,10000000
335480,131.041,10000000
335490,122.061,10000000
335500,116.583,10000000
335510,114.817,10000000
335520,114.562,10000000
335530,114.921,10000000
335540,114.836,10000000
335550,114.838,10000000
335560,114.969,10000000
335570,115.315,10000000
335580,115.428,10000000
335590,115.900,10000000
335600,116.128,10000000
335610,116.495,10000000
335620,116.403,10000000
335630,116.955,10000000
335640,117.224,10000000
335650,117.375,10000000
335660,117.428,10000000
335670,117.983,10000000
335680,117.499,10000000
335690,115.873,10000000
335700,114.373,10000000
335710,114.756,10000000
335720,115.008,10000000
335730,114.635,10000000
335740,115.200,10000000
335750,115.165,10000000
335760,115.382,10000000
335770,115.643,10000000
335780,115.967,10000000
335790,115.862,10000000
335800,116.010,10000000
335810,116.409,10000000
335820,116.728,10000000
335830,116.756,10000000
335840,117.392,10000000
335850,117.110,10000000
335860,117.669,10000000
335870,117.716,10000000
335880,117.048,10000000
335890,115.076,10000000
335900,114.464,10000000
335910,114.683,10000000
335920,114.610,10000000
335930,115.202,10000000
335940,115.492,10000000
335950,115.509,10000000
335960,115.474,10000000
335970,116.089,10000000
335980,116.176,10000000
335990,116.275,10000000
336000,116.421,10000000
336010,116.475,10000000
336020,116.796,10000000
336030,117.273,10000000
336040,117.567,10000000
336050,117.499,10000000
336060,117.431,10000000
336070,117.540,10000000
336080,116.810,10000000
336090,114.511,10000000
336100,114.361,10000000
336110,114.248,10000000
336120,114.823,10000000
336130,114.585,10000000
336140,114.475,10000000
336150,114.705,10000000
336160,115.094,10000000
336170,115.473,10000000
336180,115.335,10000000
336190,115.448,10000000
336200,115.539,10000000
336210,116.120,10000000
336220,116.326,10000000
336230,116.485,10000000
336240,116.815,10000000
336250,117.005,10000000
336260,117.090,10000000
336270,116.198,10000000
336280,115.305,10000000
336290,113.064,10000000
336300,112.813,10000000
336310,113.346,10000000
336320,113.328,10000000
336330,113.649,10000000
336340,113.697,10000000
336350,113.737,10000000
336360,114.190,10000000
336370,114.115,10000000
336380,114.766,10000000
336390,114.581,10000000
336400,114.924,10000000
336410,115.432,10000000
336420,115.211,10000000
336430,154.322,X0000000
336440,69.228,00000000
336450,42.562,00000000
336460,33.440,00000000
336470,30.103,00000000
336480,28.792,00000000
336490,28.169,00000000
336500,28.047,00000000
336510,28.181,00000000
336520,28.119,00000000
336530,27.973,00000000
336540,27.812,00000000
336550,27.792,00000000
336560,27.681,00000000
336570,27.668,00000000
336580,27.421,00000000
336590,27.125,00000000
336600,27.390,00000000
336610,27.396,00000000
336620,27.730,00000000
336630,27.699,00000000
336640,27.706,00000000
336650,27.845,00000000
336660,27.868,00000000
336670,28.119,00000000
336680,28.113,00000000
336690,28.163,00000000
336700,27.943,00000000
336710,28.136,00000000
336720,28.157,00000000
336730,27.845,00000000
336740,27.829,00000000
336750,27.518,00000000
336760,27.511,00000000
336770,27.279,00000000
336780,27.321,00000000
336790,27.487,00000000
336800,27.576,00000000
336810,27.565,00000000
336820,27.680,00000000
336830,27.837,00000000
336840,28.036,00000000
336850,27.922,00000000
336860,28.172,00000000
336870,28.091,00000000
336880,28.161,00000000
336890,28.035,00000000
336900,27.973,00000000
336910,27.938,00000000
336920,27.817,00000000
336930,27.590,00000000
336940,27.682,00000000
336950,27.167,00000000
336960,27.122,00000000
336970,27.358,00000000
336980,27.663,00000000
336990,27.772,00000000
337000,27.771,00000000
337010,27.765,00000000
337020,27.808,00000000
337030,27.814,00000000
337040,28.111,00000000
337050,27.912,00000000
337060,28.018,00000000
337070,28.084,00000000
337080,28.107,00000000
337090,28.083,00000000
337100,27.937,00000000
337110,27.781,00000000
337120,27.530,00000000
337130,27.397,00000000
337140,27.157,00000000
337150,27.135,00000000
337160,27.355,00000000
337170,27.478,00000000
337180,27.538,00000000
337190,27.676,00000000
337200,27.929,00000000
337210,27.963,00000000
337220,27.992,00000000
337230,27.975,00000000
337240,27.864,00000000
337250,27.970,00000000
337260,28.061,00000000
337270,28.020,00000000
337280,28.050,00000000
337290,27.962,00000000
337300,27.847,00000000
337310,27.522,00000000
337320,27.319,00000000
337330,27.118,00000000
337340,27.344,00000000
337350,27.521,00000000
337360,27.666,00000000
337370,27.730,00000000
337380,27.816,00000000
337390,27.802,00000000
337400,27.880,00000000
337410,28.028,00000000
337420,28.114,00000000
337430,28.076,00000000
337440,28.126,00000000
337450,28.023,00000000
337460,28.026,00000000
337470,28.046,00000000
337480,27.906,00000000
337490,27.679,00000000
337500,27.473,00000000
337510,27.152,00000000
337520,27.125,00000000
337530,27.340,00000000
337540,27.589,00000000
337550,27.638,00000000
337560,27.618,00000000
337570,27.828,00000000
337580,27.932,00000000
337590,28.069,00000000
337600,28.229,00000000
337610,28.185,00000000
337620,28.144,00000000
337630,27.978,00000000
337640,28.190,00000000
337650,27.875,00000000
337660,27.798,00000000
337670,27.636,00000000
337680,27.495,00000000
337690,27.288,00000000
337700,27.386,00000000
337710,27.279,00000000
337720,27.349,00000000
337730,27.450,00000000
337740,27.699,00000000
337750,27.906,00000000
337760,27.989,00000000
337770,27.717,00000000
337780,27.875,00000000
337790,28.274,00000000
337800,28.093,00000000
337810,28.067,00000000
337820,28.049,00000000
337830,28.028,00000000
337840,27.871,00000000
337850,27.770,00000000
337860,27.918,00000000
337870,27.485,00000000
337880,27.205,00000000
337890,27.342,00000000
337900,27.301,00000000
337910,27.468,00000000
337920,27.581,00000000
337930,27.669,00000000
337940,27.892,00000000
337950,27.898,00000000
337960,28.090,00000000
337970,27.993,00000000
337980,27.931,00000000
337990,28.072,00000000
338000,28.252,00000000
338010,27.871,00000000
338020,28.153,00000000
338030,27.828,00000000
338040,27.739,00000000
338050,27.625,00000000
338060,27.437,00000000
338070,27.210,00000000
338080,27.445,00000000
338090,27.542,00000000
338100,27.298,00000000
338110,27.710,00000000
338120,27.929,00000000
338130,27.735,00000000
338140,27.892,00000000
338150,28.016,00000000
338160,28.104,00000000
338170,27.976,00000000
338180,27.959,00000000
338190,28.094,00000000
338200,27.995,00000000
338210,28.046,00000000
338220,27.825,00000000
338230,27.686,00000000
338240,27.710,00000000
338250,27.281,00000000
338260,27.207,00000000
338270,27.264,00000000
338280,27.288,00000000
338290,27.502,00000000
338300,27.731,00000000
338310,27.654,00000000
338320,27.718,00000000
338330,28.061,00000000
338340,27.985,00000000
338350,27.911,00000000
338360,28.041,00000000
338370,27.985,00000000
338380,28.155,00000000
338390,28.215,00000000
338400,27.964,00000000
338410,27.755,00000000
338420,27.835,00000000
338430,27.523,00000000
338440,27.308,00000000
338450,27.075,00000000
338460,27.254,00000000
338470,27.377,00000000
338480,27.715,00000000
338490,27.551,00000000
338500,27.694,00000000
338510,27.870,00000000
338520,28.021,00000000
338530,28.041,00000000
338540,27.855,00000000
338550,27.994,00000000
338560,28.000,00000000
338570,28.140,00000000
338580,28.315,00000000
338590,28.159,00000000
338600,27.799,00000000
338610,27.715,00000000
338620,27.638,00000000
338630,27.360,00000000
338640,27.113,00000000
338650,27.412,00000000
338660,27.343,00000000
338670,27.483,00000000
338680,27.702,00000000
338690,27.716,00000000
338700,27.972,00000000
338710,28.043,00000000
338720,27.963,00000000
338730,27.927,00000000
338740,28.043,00000000
338750,28.253,00000000
338760,28.018,00000000
338770,27.901,00000000
338780,28.126,00000000
338790,27.766,00000000
338800,27.712,00000000
338810,27.575,00000000
338820,27.182,00000000
338830,27.168,00000000
338840,27.403,00000000
338850,27.465,00000000
338860,27.699,00000000
338870,27.658,00000000
338880,27.624,00000000
338890,27.814,00000000
338900,27.864,00000000
338910,28.064,00000000
338920,28.154,00000000
338930,28.040,00000000
338940,28.118,00000000
338950,27.937,00000000
338960,27.966,00000000
338970,27.932,00000000
338980,27.840,00000000
338990,27.719,00000000
339000,27.510,00000000
339010,27.246,00000000
339020,27.213,00000000
339030,27.364,00000000
339040,27.711,00000000
339050,27.519,00000000
339060,27.713,00000000
339070,27.939,00000000
339080,28.018,00000000
339090,27.802,00000000
339100,28.104,00000000
339110,27.938,00000000
339120,28.068,00000000
339130,28.259,00000000
339140,28.046,00000000
339150,27.935,00000000
339160,27.931,00000000
339170,27.751,00000000
339180,27.404,00000000
339190,27.245,00000000
339200,27.159,00000000
339210,27.312,00000000
339220,27.318,00000000
339230,27.512,00000000
339240,27.731,00000000
339250,27.774,00000000
339260,27.821,00000000
339270,27.929,00000000
339280,28.095,00000000
339290,28.135,00000000
339300,28.118,00000000
339310,27.916,00000000
339320,28.107,00000000
339330,28.087,00000000
339340,27.825,00000000
339350,27.801,00000000
339360,27.708,00000000
339370,27.369,00000000
339380,27.337,00000000
339390,27.266,00000000
339400,27.396,00000000
339410,27.489,00000000
339420,27.717,00000000
339430,27.724,00000000
339440,27.805,00000000
339450,27.761,00000000
339460,27.926,00000000
339470,28.069,00000000
339480,28.260,00000000
339490,28.056,00000000
339500,28.025,00000000
339510,27.994,00000000
339520,27.856,00000000
339530,27.751,00000000
339540,27.605,00000000
339550,27.366,00000000
339560,27.188,00000000
339570,27.126,00000000
339580,27.291,00000000
339590,27.657,00000000
339600,27.690,00000000
339610,27.656,00000000
339620,27.743,00000000
339630,27.851,00000000
339640,27.865,00000000
339650,27.923,00000000
339660,28.176,00000000
339670,28.179,00000000
339680,27.988,00000000
339690,28.087,00000000
339700,28.121,00000000
339710,27.959,00000000
339720,27.641,00000000
339730,27.508,00000000
339740,27.202,00000000
339750,27.204,00000000
339760,27.504,00000000
339770,27.383,00000000
339780,27.560,00000000
339790,27.838,00000000
339800,27.755,00000000
339810,27.784,00000000
339820,27.823,00000000
339830,27.904,00000000
339840,28.047,00000000
339850,28.156,00000000
339860,28.127,00000000
339870,27.975,00000000
339880,28.187,00000000
339890,28.022,00000000
339900,27.914,00000000
339910,27.552,00000000
339920,27.282,00000000
339930,27.240,00000000
339940,27.267,00000000
339950,27.294,00000000
339960,27.647,00000000
339970,27.694,00000000
339980,27.695,00000000
339990,27.731,00000000
340000,27.968,00000000
340010,27.965,00000000
340020,27.977,00000000
340030,28.217,00000000
340040,28.178,00000000
340050,28.020,00000000
340060,28.008,00000000
340070,27.907,00000000
340080,28.001,00000000
340090,27.920,00000000
340100,27.578,00000000
340110,27.203,00000000
340120,27.172,00000000
340130,27.502,00000000
340140,27.301,00000000
340150,27.444,00000000
340160,27.606,00000000
340170,27.937,00000000
340180,27.689,00000000
340190,27.865,00000000
340200,27.879,00000000
340210,27.992,00000000
340220,28.067,00000000
340230,28.202,00000000
340240,28.147,00000000
340250,27.890,00000000
340260,28.015,00000000
340270,27.849,00000000
340280,27.645,00000000
340290,27.634,00000000
340300,27.272,00000000
340310,27.265,00000000
340320,27.329,00000000
340330,27.344,00000000
340340,27.545,00000000
340350,27.779,00000000
340360,27.762,00000000
340370,27.825,00000000
340380,27.789,00000000
340390,27.909,00000000
340400,28.152,00000000
340410,28.190,00000000
340420,28.084,00000000
340430,27.959,00000000
340440,28.041,00000000
340450,27.801,00000000
340460,27.772,00000000
340470,27.845,00000000
340480,27.479,00000000
340490,27.178,00000000
340500,27.506,00000000
340510,27.651,00000000
340520,27.573,00000000
340530,27.564,00000000
340540,27.675,00000000
340550,27.645,00000000
340560,27.793,00000000
340570,27.868,00000000
340580,28.054,00000000
340590,27.972,00000000
340600,28.144,00000000
340610,28.161,00000000
340620,28.013,00000000
340630,28.005,00000000
340640,27.798,00000000
340650,27.687,00000000
340660,27.488,00000000
340670,27.041,00000000
340680,27.289,00000000
340690,27.157,00000000
340700,27.373,00000000
340710,27.624,00000000
340720,27.851,00000000
340730,27.853,00000000
340740,27.711,00000000
340750,27.925,00000000
340760,28.137,00000000
340770,28.093,00000000
340780,27.985,00000000
340790,28.014,00000000
340800,28.236,00000000
340810,28.203,00000000
340820,27.948,00000000
340830,27.685,00000000
340840,27.301,00000000
340850,27.124,00000000
340860,27.283,00000000
340870,27.371,00000000
340880,27.392,00000000
340890,27.522,00000000
340900,27.690,00000000
340910,28.024,00000000
340920,27.969,00000000
340930,27.793,00000000
340940,27.905,00000000
340950,27.902,00000000
340960,28.142,00000000
340970,28.156,00000000
340980,27.991,00000000
340990,27.892,00000000
341000,27.767,00000000
341010,27.749,00000000
341020,27.431,00000000
341030,27.029,00000000
341040,27.426,00000000
341050,27.453,00000000
341060,27.683,00000000
341070,27.780,00000000
341080,27.783,00000000
341090,27.723,00000000
341100,28.044,00000000
341110,27.908,00000000
341120,27.849,00000000
341130,27.936,00000000
341140,27.994,00000000
341150,27.944,00000000
341160,28.202,00000000
341170,28.054,00000000
341180,27.668,00000000
341190,27.627,00000000
341200,27.524,00000000
341210,27.241,00000000
341220,27.395,00000000
341230,27.219,00000000
341240,27.459,00000000
341250,27.655,00000000
341260,27.744,00000000
341270,27.723,00000000
341280,28.108,00000000
341290,28.046,00000000
341300,27.934,00000000
341310,28.016,00000000
341320,27.958,00000000
341330,28.069,00000000
341340,27.983,00000000
341350,28.016,00000000
341360,27.865,00000000
341370,27.524,00000000
341380,27.255,00000000
341390,27.346,00000000
341400,27.689,00000000
341410,27.619,00000000
341420,27.300,00000000
341430,27.540,00000000
341440,27.749,00000000
341450,27.611,00000000
341460,27.837,00000000
341470,28.039,00000000
341480,27.945,00000000
341490,28.028,00000000
341500,28.134,00000000
341510,28.278,00000000
341520,28.091,00000000
341530,27.928,00000000
341540,27.648,00000000
341550,27.635,00000000
341560,27.410,00000000
341570,27.224,00000000
341580,27.330,00000000
341590,27.306,00000000
341600,27.548,00000000
341610,27.614,00000000
341620,27.689,00000000
341630,27.851,00000000
341640,27.902,00000000
341650,27.919,00000000
341660,27.981,00000000
341670,27.923,00000000
341680,27.918,00000000
341690,28.071,00000000
341700,28.209,00000000
341710,28.134,00000000
341720,27.833,00000000
341730,27.683,00000000
341740,27.545,00000000
341750,27.421,00000000
341760,27.385,00000000
341770,27.258,00000000
341780,27.344,00000000
341790,27.435,00000000
341800,27.756,00000000
341810,27.862,00000000
341820,27.831,00000000
341830,27.838,00000000
341840,27.913,00000000
341850,27.903,00000000
341860,28.282,00000000
341870,28.218,00000000
341880,27.998,00000000
341890,28.112,00000000
341900,28.141,00000000
341910,27.709,00000000
341920,27.476,00000000
341930,27.249,00000000
341940,27.155,00000000
341950,27.205,00000000
341960,27.415,00000000
341970,27.514,00000000
341980,27.518,00000000
341990,27.751,00000000
342000,27.680,00000000
342010,27.832,00000000
342020,27.973,00000000
342030,28.079,00000000
342040,28.111,00000000
342050,28.095,00000000
342060,28.116,00000000
342070,28.084,00000000
342080,27.997,00000000
342090,27.945,00000000
342100,27.881,00000000
342110,27.643,00000000
342120,27.271,00000000
342130,27.189,00000000
342140,27.211,00000000
342150,27.415,00000000
342160,27.772,00000000
342170,27.595,00000000
342180,27.767,00000000
342190,27.786,00000000
342200,28.095,00000000
342210,28.220,00000000
342220,28.198,00000000
342230,28.218,00000000
342240,28.021,00000000
342250,28.032,00000000
342260,28.046,00000000
342270,27.769,00000000
342280,27.917,00000000
342290,27.642,00000000
342300,27.425,00000000
342310,27.059,00000000
342320,27.179,00000000
342330,27.268,00000000
342340,27.540,00000000
342350,27.488,00000000
342360,27.760,00000000
342370,27.714,00000000
342380,27.887,00000000
342390,28.018,00000000
342400,27.946,00000000
342410,28.132,00000000
342420,28.078,00000000
342430,28.034,00000000
342440,28.135,00000000
342450,28.105,00000000
342460,28.019,00000000
342470,27.652,00000000
342480,27.723,00000000
342490,27.562,00000000
342500,27.170,00000000
342510,27.277,00000000
342520,27.488,00000000
342530,27.360,00000000
342540,27.590,00000000
342550,27.857,00000000
342560,27.760,00000000
342570,27.974,00000000
342580,27.897,00000000
342590,28.146,00000000
342600,28.105,00000000
342610,28.050,00000000
342620,27.930,00000000
342630,28.068,00000000
342640,28.185,00000000
342650,27.821,00000000
342660,27.664,00000000
342670,27.344,00000000
342680,27.112,00000000
342690,27.269,00000000
342700,27.539,00000000
342710,27.598,00000000
342720,27.619,00000000
342730,27.663,00000000
342740,27.686,00000000
342750,27.945,00000000
342760,28.146,00000000
342770,27.937,00000000
342780,28.006,00000000
342790,28.101,00000000
342800,27.991,00000000
342810,28.154,00000000
342820,28.091,00000000
342830,27.979,00000000
342840,27.706,00000000
342850,27.661,00000000
342860,27.451,00000000
342870,27.247,00000000
342880,27.342,00000000
342890,27.346,00000000
342900,27.439,00000000
342910,27.631,00000000
342920,27.833,00000000
342930,27.816,00000000
342940,27.914,00000000
342950,28.085,00000000
342960,27.900,00000000
342970,28.010,00000000
342980,28.173,00000000
342990,28.102,00000000
343000,28.024,00000000
343010,28.121,00000000
343020,27.768,00000000
343030,27.875,00000000
343040,27.597,00000000
343050,27.493,00000000
343060,27.051,00000000
343070,27.324,00000000
343080,27.298,00000000
343090,27.651,00000000
343100,27.658,00000000
343110,27.787,00000000
343120,27.809,00000000
343130,27.911,00000000
343140,27.920,00000000
343150,27.987,00000000
343160,28.049,00000000
343170,27.994,00000000
343180,28.063,00000000
343190,27.932,00000000
343200,27.979,00000000
343210,27.760,00000000
343220,27.776,00000000
343230,27.487,00000000
343240,27.331,00000000
343250,27.151,00000000
343260,27.405,00000000
343270,27.559,00000000
343280,27.518,00000000
343290,27.662,00000000
343300,27.719,00000000
343310,27.735,00000000
343320,27.948,00000000
343330,28.053,00000000
343340,27.926,00000000
343350,28.042,00000000
343360,27.989,00000000
343370,28.111,00000000
343380,28.014,00000000
343390,27.801,00000000
343400,27.626,00000000
343410,27.481,00000000
343420,27.195,00000000
343430,27.226,00000000
343440,27.255,00000000
343450,27.543,00000000
343460,27.611,00000000
343470,27.721,00000000
343480,27.633,00000000
343490,28.011,00000000
343500,27.964,00000000
343510,27.951,00000000
343520,28.048,00000000
343530,28.106,00000000
343540,28.027,00000000
343550,28.048,00000000
343560,27.990,00000000
343570,27.767,00000000
343580,27.635,00000000
343590,27.430,00000000
343600,27.117,00000000
343610,27.443,00000000
343620,27.420,00000000
343630,27.506,00000000
343640,27.591,00000000
343650,27.574,00000000
343660,27.826,00000000
343670,27.803,00000000
343680,28.041,00000000
343690,28.184,00000000
343700,28.043,00000000
343710,28.093,00000000
343720,27.934,00000000
343730,28.118,00000000
343740,28.185,00000000
343750,27.839,00000000
343760,27.710,00000000
343770,27.537,00000000
343780,27.388,00000000
343790,27.116,00000000
343800,27.418,00000000
343810,27.389,00000000
343820,27.329,00000000
343830,27.560,00000000
343840,27.816,00000000
343850,27.772,00000000
343860,27.904,00000000
343870,27.853,00000000
343880,28.047,00000000
343890,27.953,00000000
343900,28.077,00000000
343910,28.240,00000000
343920,27.957,00000000
343930,27.997,00000000
343940,28.027,00000000
343950,27.774,00000000
343960,27.418,00000000
343970,27.361,00000000
343980,27.062,00000000
343990,27.309,00000000
344000,27.543,00000000
344010,27.586,00000000
344020,27.507,00000000
344030,27.791,00000000
344040,27.955,00000000
344050,27.939,00000000
344060,27.859,00000000
344070,27.812,00000000
344080,28.085,00000000
344090,28.297,00000000
344100,28.134,00000000
344110,27.960,00000000
344120,28.046,00000000
344130,27.985,00000000
344140,27.650,00000000
344150,27.411,00000000
344160,27.152,00000000
344170,27.161,00000000
344180,27.508,00000000
344190,27.368,00000000
344200,27.512,00000000
344210,27.581,00000000
344220,27.864,00000000
344230,27.951,00000000
344240,27.883,00000000
344250,27.923,00000000
344260,27.915,00000000
344270,28.060,00000000
344280,28.192,00000000
344290,28.112,00000000
344300,27.895,00000000
344310,28.005,00000000
344320,27.922,00000000
344330,27.528,00000000
344340,27.438,00000000
344350,27.028,00000000
344360,27.448,00000000
344370,27.623,00000000
344380,27.631,00000000
344390,27.518,00000000
344400,27.753,00000000
344410,27.917,00000000
344420,27.888,00000000
344430,27.834,00000000
344440,28.159,00000000
344450,28.093,00000000
344460,27.892,00000000
344470,28.062,00000000
344480,28.052,00000000
344490,27.893,00000000
344500,27.761,00000000
344510,27.788,00000000
344520,27.623,00000000
344530,27.314,00000000
344540,27.277,00000000
344550,27.234,00000000
344560,27.302,00000000
344570,27.706,00000000
344580,27.621,00000000
344590,27.700,00000000
344600,27.714,00000000
344610,27.848,00000000
344620,28.150,00000000
344630,28.046,00000000
344640,28.074,00000000
344650,27.980,00000000
344660,28.110,00000000
344670,27.944,00000000
344680,28.052,00000000
344690,28.122,00000000
344700,27.712,00000000
344710,27.578,00000000
344720,27.410,00000000
344730,27.392,00000000
344740,27.457,00000000
344750,27.362,00000000
344760,27.579,00000000
344770,27.813,00000000
344780,27.603,00000000
344790,27.845,00000000
344800,27.817,00000000
344810,28.028,00000000
344820,28.179,00000000
344830,28.064,00000000
344840,28.046,00000000
344850,27.868,00000000
344860,27.961,00000000
344870,27.945,00000000
344880,27.870,00000000
344890,27.683,00000000
344900,27.278,00000000
344910,27.150,00000000
344920,27.177,00000000
344930,27.345,00000000
344940,27.721,00000000
344950,27.656,00000000
344960,27.864,00000000
344970,27.750,00000000
344980,27.848,00000000
344990,27.861,00000000
345000,27.955,00000000
345010,28.253,00000000
345020,28.194,00000000
345030,27.956,00000000
345040,27.892,00000000
345050,28.094,00000000
345060,27.941,00000000
345070,27.795,00000000
345080,27.488,00000000
345090,27.320,00000000
345100,27.153,00000000
345110,27.193,00000000
345120,27.455,00000000
345130,27.624,00000000
345140,27.659,00000000
345150,27.718,00000000
345160,27.725,00000000
345170,27.836,00000000
345180,28.093,00000000
345190,28.027,00000000
345200,28.102,00000000
345210,28.014,00000000
345220,28.156,00000000
345230,28.120,00000000
345240,28.024,00000000
345250,27.754,00000000
345260,27.606,00000000
345270,27.376,00000000
345280,27.116,00000000
345290,27.397,00000000
345300,27.408,00000000
345310,27.409,00000000
345320,27.504,00000000
345330,27.584,00000000
345340,27.758,00000000
345350,27.878,00000000
345360,27.973,00000000
345370,28.118,00000000
345380,27.987,00000000
345390,28.099,00000000
345400,28.036,00000000
345410,28.190,00000000
345420,28.096,00000000
345430,27.942,00000000
345440,27.707,00000000
345450,27.680,00000000
345460,27.539,00000000
345470,27.049,00000000
345480,27.189,00000000
345490,27.335,00000000
345500,27.687,00000000
345510,27.537,00000000
345520,27.618,00000000
345530,27.745,00000000
345540,27.859,00000000
345550,28.108,00000000
345560,28.064,00000000
345570,28.074,00000000
345580,27.975,00000000
345590,27.997,00000000
345600,27.918,00000000
345610,28.089,00000000
345620,27.995,00000000
345630,27.570,00000000
345640,27.473,00000000
345650,27.393,00000000
345660,27.351,00000000
345670,27.304,00000000
345680,27.392,00000000
345690,27.436,00000000
345700,27.667,00000000
345710,27.884,00000000
345720,27.934,00000000
345730,27.784,00000000
345740,28.014,00000000
345750,28.142,00000000
345760,28.081,00000000
345770,28.149,00000000
345780,27.993,00000000
345790,28.021,00000000
345800,27.890,00000000
345810,27.763,00000000
345820,27.678,00000000
345830,27.451,00000000
345840,27.147,00000000
345850,27.154,00000000
345860,27.593,00000000
345870,27.544,00000000
345880,27.548,00000000
345890,27.542,00000000
345900,27.662,00000000
345910,27.822,00000000
345920,27.864,00000000
345930,28.062,00000000
345940,28.097,00000000
345950,28.009,00000000
345960,28.058,00000000
345970,28.087,00000000
345980,27.942,00000000
345990,27.852,00000000
346000,27.668,00000000
346010,27.506,00000000
346020,27.466,00000000
346030,27.300,00000000
346040,27.259,00000000
346050,27.333,00000000
346060,27.468,00000000
346070,27.695,00000000
346080,27.830,00000000
346090,27.856,00000000
346100,27.784,00000000
346110,27.906,00000000
346120,27.934,00000000
346130,28.085,00000000
346140,28.197,00000000
346150,28.007,00000000
346160,27.902,00000000
346170,28.082,00000000
346180,27.796,00000000
346190,27.667,00000000
346200,27.412,00000000
346210,27.083,00000000
346220,27.219,00000000
346230,27.292,00000000
346240,27.639,00000000
346250,27.685,00000000
346260,27.678,00000000
346270,27.714,00000000
346280,27.835,00000000
346290,28.115,00000000
346300,28.030,00000000
346310,28.052,00000000
346320,28.247,00000000
346330,27.995,00000000
346340,27.999,00000000
346350,28.105,00000000
346360,28.016,00000000
346370,27.711,00000000
346380,27.468,00000000
346390,27.236,00000000
346400,27.338,00000000
346410,27.301,00000000
346420,27.427,00000000
346430,27.519,00000000
346440,27.570,00000000
346450,27.748,00000000
346460,27.943,00000000
346470,27.844,00000000
346480,27.854,00000000
346490,27.962,00000000
346500,28.187,00000000
346510,28.114,00000000
346520,27.949,00000000
346530,28.032,00000000
346540,27.906,00000000
346550,28.037,00000000
346560,27.775,00000000
346570,27.400,00000000
346580,27.161,00000000
346590,27.114,00000000
346600,27.402,00000000
346610,27.545,00000000
346620,27.526,00000000
346630,27.665,00000000
346640,27.696,00000000
346650,27.976,00000000
346660,28.004,00000000
346670,28.125,00000000
346680,28.033,00000000
346690,28.032,00000000
346700,28.017,00000000
346710,27.999,00000000
346720,28.127,00000000
346730,27.952,00000000
346740,27.734,00000000
346750,27.711,00000000
346760,27.387,00000000
346770,27.135,00000000
346780,27.455,00000000
346790,27.565,00000000
346800,27.677,00000000
346810,27.585,00000000
346820,27.817,00000000
346830,27.799,00000000
346840,28.007,00000000
346850,27.763,00000000
346860,27.932,00000000
346870,28.080,00000000
346880,28.224,00000000
346890,28.136,00000000
346900,27.999,00000000
346910,27.917,00000000
346920,27.874,00000000
346930,27.711,00000000
346940,27.649,00000000
346950,27.388,00000000
346960,27.265,00000000
346970,27.332,00000000
346980,27.421,00000000
346990,27.586,00000000
347000,27.605,00000000
347010,27.685,00000000
347020,27.721,00000000
347030,27.958,00000000
347040,27.969,00000000
347050,27.960,00000000
347060,28.027,00000000
347070,27.987,00000000
347080,28.115,00000000
347090,28.070,00000000
347100,28.017,00000000
347110,27.780,00000000
347120,27.627,00000000
347130,27.474,00000000
347140,27.419,00000000
347150,27.269,00000000
347160,27.350,00000000
347170,27.365,00000000
347180,27.573,00000000
347190,27.818,00000000
347200,27.689,00000000
347210,27.794,00000000
347220,27.901,00000000
347230,27.918,00000000
347240,28.067,00000000
347250,28.088,00000000
347260,28.073,00000000
347270,28.064,00000000
347280,27.900,00000000
347290,27.896,00000000
347300,27.995,00000000
347310,27.657,00000000
347320,27.384,00000000
347330,27.018,00000000
347340,27.320,00000000
347350,27.497,00000000
347360,27.481,00000000
347370,27.580,00000000
347380,27.623,00000000
347390,27.912,00000000
347400,28.034,00000000
347410,27.890,00000000
347420,27.959,00000000
347430,27.970,00000000
347440,28.177,00000000
347450,28.039,00000000
347460,28.006,00000000
347470,28.009,00000000
347480,27.916,00000000
347490,27.651,00000000
347500,27.665,00000000
347510,27.529,00000000
347520,27.196,00000000
347530,27.444,00000000
347540,27.343,00000000
347550,27.513,00000000
347560,27.690,00000000
347570,27.781,00000000
347580,27.658,00000000
347590,27.836,00000000
347600,27.867,00000000
347610,28.078,00000000
347620,28.056,00000000
347630,27.972,00000000
347640,27.962,00000000
347650,27.976,00000000
347660,28.117,00000000
347670,27.920,00000000
347680,27.573,00000000
347690,27.339,00000000
347700,27.220,00000000
347710,27.196,00000000
347720,27.418,00000000
347730,27.661,00000000
347740,27.726,00000000
347750,27.558,00000000
347760,27.913,00000000
347770,27.993,00000000
347780,27.883,00000000
347790,28.100,00000000
347800,27.952,00000000
347810,28.153,00000000
347820,28.353,00000000
347830,28.244,00000000
347840,28.002,00000000
347850,27.740,00000000
347860,27.840,00000000
347870,27.662,00000000
347880,27.274,00000000
347890,27.108,00000000
347900,27.252,00000000
347910,27.449,00000000
347920,27.640,00000000
347930,27.501,00000000
347940,27.667,00000000
347950,27.792,00000000
347960,27.858,00000000
347970,27.985,00000000
347980,28.149,00000000
347990,28.005,00000000
348000,27.968,00000000
348010,28.072,00000000
348020,28.023,00000000
348030,28.099,00000000
348040,27.867,00000000
348050,27.723,00000000
348060,27.513,00000000
348070,27.275,00000000
348080,27.152,00000000
348090,27.235,00000000
348100,27.474,00000000
348110,27.582,00000000
348120,27.755,00000000
348130,27.796,00000000
348140,27.947,00000000
348150,27.932,00000000
348160,27.895,00000000
348170,28.068,00000000
348180,28.053,00000000
348190,28.148,00000000
348200,28.193,00000000
348210,27.999,00000000
348220,27.780,00000000
348230,27.742,00000000
348240,27.571,00000000
348250,27.343,00000000
348260,27.330,00000000
348270,27.325,00000000
348280,27.365,00000000
348290,27.446,00000000
348300,27.830,00000000
348310,27.601,00000000
348320,27.830,00000000
348330,27.902,00000000
348340,27.932,00000000
348350,28.009,00000000
348360,28.119,00000000
348370,28.065,00000000
348380,27.964,00000000
348390,27.977,00000000
348400,27.989,00000000
348410,27.858,00000000
348420,27.664,00000000
348430,27.353,00000000
348440,27.089,00000000
348450,27.218,00000000
348460,27.381,00000000
348470,27.472,00000000
348480,27.611,00000000
348490,27.776,00000000
348500,27.727,00000000
348510,27.882,00000000
348520,27.941,00000000
348530,28.029,00000000
348540,28.045,00000000
348550,28.174,00000000
348560,28.052,00000000
348570,28.098,00000000
348580,27.995,00000000
348590,27.978,00000000
348600,27.664,00000000
348610,27.464,00000000
348620,27.377,00000000
348630,27.286,00000000
348640,27.367,00000000
348650,27.495,00000000
348660,27.574,00000000
348670,27.670,00000000
348680,27.900,00000000
348690,27.889,00000000
348700,27.793,00000000
348710,27.910,00000000
348720,27.953,00000000
348730,27.961,00000000
348740,28.128,00000000
348750,28.120,00000000
348760,28.041,00000000
348770,27.957,00000000
348780,27.793,00000000
348790,27.677,00000000
348800,27.688,00000000
348810,27.413,00000000
348820,27.218,00000000
348830,27.278,00000000
348840,27.503,00000000
348850,27.579,00000000
348860,27.608,00000000
348870,27.942,00000000
348880,27.725,00000000
348890,27.829,00000000
348900,28.037,00000000
348910,28.082,00000000
348920,28.033,00000000
348930,28.159,00000000
348940,27.963,00000000
348950,28.054,00000000
348960,28.063,00000000
348970,27.784,00000000
348980,27.450,00000000
348990,27.246,00000000
349000,27.306,00000000
349010,27.238,00000000
349020,27.329,00000000
349030,27.446,00000000
349040,27.812,00000000
349050,27.806,00000000
349060,27.793,00000000
349070,27.769,00000000
349080,27.857,00000000
349090,28.039,00000000
349100,28.212,00000000
349110,28.164,00000000
349120,28.004,00000000
349130,28.018,00000000
349140,28.010,00000000
349150,27.793,00000000
349160,27.829,00000000
349170,27.357,00000000
349180,27.273,00000000
349190,27.230,00000000
349200,27.403,00000000
349210,27.415,00000000
349220,27.556,00000000
349230,27.750,00000000
349240,27.877,00000000
349250,27.740,00000000
349260,27.902,00000000
349270,27.868,00000000
349280,28.094,00000000
349290,28.313,00000000
349300,28.022,00000000
349310,27.928,00000000
349320,28.010,00000000
349330,28.083,00000000
349340,27.784,00000000
349350,27.520,00000000
349360,27.275,00000000
349370,27.228,00000000
349380,27.440,00000000
349390,27.275,00000000
349400,27.359,00000000
349410,27.724,00000000
349420,27.727,00000000
349430,27.836,00000000
349440,27.818,00000000
349450,27.948,00000000
349460,28.021,00000000
349470,28.153,00000000
349480,28.166,00000000
349490,27.973,00000000
349500,28.159,00000000
349510,28.204,00000000
349520,27.889,00000000
349530,27.637,00000000
349540,27.574,00000000
349550,27.283,00000000
349560,27.036,00000000
349570,27.278,00000000
349580,27.640,00000000
349590,27.624,00000000
349600,27.652,00000000
349610,27.645,00000000
349620,27.819,00000000
349630,28.113,00000000
349640,28.140,00000000
349650,28.022,00000000
349660,27.953,00000000
349670,27.966,00000000
349680,27.937,00000000
349690,28.019,00000000
349700,27.878,00000000
349710,27.848,00000000
349720,27.840,00000000
349730,27.526,00000000
349740,27.166,00000000
349750,27.098,00000000
349760,27.346,00000000
349770,27.601,00000000
349780,27.474,00000000
349790,27.707,00000000
349800,27.681,00000000
349810,27.884,00000000
349820,27.746,00000000
349830,27.807,00000000
349840,28.021,00000000
349850,28.008,00000000
349860,28.018,00000000
349870,27.922,00000000
349880,28.078,00000000
349890,28.182,00000000
349900,27.791,00000000
349910,27.606,00000000
349920,27.274,00000000
349930,27.276,00000000
349940,27.392,00000000
349950,27.432,00000000
349960,27.403,00000000
349970,27.478,00000000
349980,27.605,00000000
349990,27.949,00000000
350000,27.909,00000000
350010,27.773,00000000
350020,28.072,00000000
350030,28.260,00000000
350040,28.237,00000000
350050,28.015,00000000
350060,27.934,00000000
350070,28.107,00000000
350080,28.009,00000000
350090,27.408,00000000
350100,27.253,00000000
350110,27.153,00000000
350120,27.273,00000000
350130,27.456,00000000
350140,27.371,00000000
350150,27.518,00000000
350160,27.591,00000000
350170,27.645,00000000
350180,27.984,00000000
350190,28.000,00000000
350200,28.082,00000000
350210,28.086,00000000
350220,28.133,00000000
350230,28.226,00000000
350240,28.184,00000000
350250,27.990,00000000
350260,27.792,00000000
350270,27.912,00000000
350280,27.621,00000000
350290,27.385,00000000
350300,26.992,00000000
350310,27.257,00000000
350320,27.485,00000000
350330,27.672,00000000
350340,27.754,00000000
350350,27.724,00000000
350360,27.947,00000000
350370,27.718,00000000
350380,27.973,00000000
350390,28.112,00000000
350400,28.061,00000000
350410,28.084,00000000
350420,27.943,00000000
350430,28.015,00000000
350440,28.182,00000000
350450,27.861,00000000
350460,27.753,00000000
350470,27.357,00000000
350480,27.166,00000000
350490,27.430,00000000
350500,27.190,00000000
350510,27.349,00000000
350520,27.490,00000000
350530,27.604,00000000
350540,27.718,00000000
350550,27.830,00000000
350560,27.978,00000000
350570,27.981,00000000
350580,27.941,00000000
350590,27.977,00000000
350600,28.142,00000000
350610,28.280,00000000
350620,28.134,00000000
350630,27.842,00000000
350640,27.683,00000000
350650,27.557,00000000
350660,27.317,00000000
350670,27.136,00000000
350680,27.349,00000000
350690,27.392,00000000
350700,27.417,00000000
350710,27.527,00000000
350720,27.726,00000000
350730,27.674,00000000
350740,27.806,00000000
350750,28.028,00000000
350760,27.999,00000000
350770,27.992,00000000
350780,27.981,00000000
350790,27.975,00000000
350800,28.140,00000000
350810,28.068,00000000
350820,27.926,00000000
350830,27.564,00000000
350840,27.393,00000000
350850,27.265,00000000
350860,27.220,00000000
350870,27.339,00000000
350880,27.353,00000000
350890,27.490,00000000
350900,27.758,00000000
350910,27.830,00000000
350920,27.917,00000000
350930,27.890,00000000
350940,28.069,00000000
350950,27.976,00000000
350960,28.215,00000000
350970,28.233,00000000
350980,27.995,00000000
350990,28.030,00000000
351000,28.043,00000000
351010,27.737,00000000
351020,27.507,00000000
351030,27.424,00000000
351040,27.178,00000000
351050,27.165,00000000
351060,27.314,00000000
351070,27.628,00000000
351080,27.720,00000000
351090,27.607,00000000
351100,27.646,00000000
351110,27.747,00000000
351120,27.906,00000000
351130,28.131,00000000
351140,28.140,00000000
351150,27.912,00000000
351160,28.070,00000000
351170,28.111,00000000
351180,27.938,00000000
351190,27.922,00000000
351200,27.586,00000000
351210,27.347,00000000
351220,27.103,00000000
351230,27.111,00000000
351240,27.283,00000000
351250,27.494,00000000
351260,27.385,00000000
351270,27.688,00000000
351280,27.855,00000000
351290,27.938,00000000
351300,27.994,00000000
351310,27.913,00000000
351320,28.012,00000000
351330,28.082,00000000
351340,28.255,00000000
351350,28.012,00000000
351360,28.025,00000000
351370,27.923,00000000
351380,27.587,00000000
351390,27.552,00000000
351400,27.353,00000000
351410,27.035,00000000
351420,27.217,00000000
351430,27.439,00000000
351440,27.631,00000000
351450,27.619,00000000
351460,27.753,00000000
351470,27.779,00000000
351480,27.774,00000000
351490,27.953,00000000
351500,28.052,00000000
351510,28.187,00000000
351520,28.091,00000000
351530,27.874,00000000
351540,28.052,00000000
351550,28.125,00000000
351560,27.855,00000000
351570,27.620,00000000
351580,27.403,00000000
351590,27.278,00000000
351600,27.252,00000000
351610,27.367,00000000
351620,27.565,00000000
351630,27.514,00000000
351640,27.577,00000000
351650,27.770,00000000
351660,27.819,00000000
351670,27.814,00000000
351680,27.907,00000000
351690,28.060,00000000
351700,27.946,00000000
351710,28.146,00000000
351720,28.158,00000000
351730,27.849,00000000
351740,27.948,00000000
351750,27.957,00000000
351760,27.683,00000000
351770,27.419,00000000
351780,27.078,00000000
351790,27.342,00000000
351800,27.522,00000000
351810,27.430,00000000
351820,27.744,00000000
351830,27.806,00000000
351840,27.902,00000000
351850,27.954,00000000
351860,27.977,00000000
351870,27.997,00000000
351880,27.969,00000000
351890,28.143,00000000
351900,28.117,00000000
351910,27.857,00000000
351920,27.839,00000000
351930,27.837,00000000
351940,27.746,00000000
351950,27.427,00000000
351960,27.065,00000000
351970,27.300,00000000
351980,27.294,00000000
351990,27.571,00000000
352000,27.543,00000000
352010,27.717,00000000
352020,27.674,00000000
352030,27.909,00000000
352040,28.102,00000000
352050,28.091,00000000
352060,28.030,00000000
352070,28.052,00000000
352080,28.044,00000000
352090,28.171,00000000
352100,27.994,00000000
352110,27.886,00000000
352120,27.854,00000000
352130,27.590,00000000
352140,27.417,00000000
352150,27.275,00000000
352160,27.241,00000000
352170,27.266,00000000
352180,27.471,00000000
352190,27.544,00000000
352200,27.674,00000000
352210,27.909,00000000
352220,28.088,00000000
352230,27.963,00000000
352240,27.988,00000000
352250,28.001,00000000
352260,28.132,00000000
352270,28.017,00000000
352280,27.946,00000000
352290,27.944,00000000
352300,27.693,00000000
352310,27.611,00000000
352320,27.451,00000000
352330,27.263,00000000
352340,27.168,00000000
352350,27.269,00000000
352360,27.433,00000000
352370,27.559,00000000
352380,27.815,00000000
352390,27.874,00000000
352400,27.805,00000000
352410,27.958,00000000
352420,27.950,00000000
352430,28.083,00000000
352440,28.353,00000000
352450,28.130,00000000
352460,28.016,00000000
352470,27.883,00000000
352480,27.711,00000000
352490,27.712,00000000
352500,27.550,00000000
352510,27.062,00000000
352520,27.202,00000000
352530,27.215,00000000
352540,27.439,00000000
352550,27.618,00000000
352560,27.768,00000000
352570,27.730,00000000
352580,27.833,00000000
352590,27.863,00000000
352600,27.960,00000000
352610,28.228,00000000
352620,28.128,00000000
352630,28.020,00000000
352640,27.963,00000000
352650,27.878,00000000
352660,27.838,00000000
352670,27.790,00000000
352680,27.661,00000000
352690,27.349,00000000
352700,27.069,00000000
352710,27.275,00000000
352720,27.510,00000000
352730,27.602,00000000
352740,27.753,00000000
352750,27.765,00000000
352760,27.833,00000000
352770,27.870,00000000
352780,27.914,00000000
352790,28.082,00000000
352800,28.067,00000000
352810,28.059,00000000
352820,28.089,00000000
352830,28.105,00000000
352840,28.023,00000000
352850,27.910,00000000
352860,27.873,00000000
352870,27.361,00000000
352880,27.327,00000000
352890,27.235,00000000
352900,27.264,00000000
352910,27.493,00000000
352920,27.541,00000000
352930,27.637,00000000
352940,27.689,00000000
352950,27.906,00000000
352960,27.911,00000000
352970,28.108,00000000
352980,27.983,00000000
352990,27.980,00000000
353000,27.987,00000000
353010,28.040,00000000
353020,28.000,00000000
353030,27.913,00000000
353040,27.912,00000000
353050,27.467,00000000
353060,27.286,00000000
353070,27.146,00000000
353080,27.378,00000000
353090,27.337,00000000
353100,27.497,00000000
353110,27.606,00000000
353120,27.814,00000000
353130,27.967,00000000
353140,27.878,00000000
353150,27.998,00000000
353160,27.956,00000000
353170,27.996,00000000
353180,28.095,00000000
353190,28.248,00000000
353200,27.868,00000000
353210,27.873,00000000
353220,27.628,00000000
353230,27.671,00000000
353240,27.412,00000000
353250,27.122,00000000
353260,27.209,00000000
353270,27.483,00000000
353280,27.380,00000000
353290,27.543,00000000
353300,27.623,00000000
353310,27.652,00000000
353320,27.832,00000000
353330,28.019,00000000
353340,28.072,00000000
353350,27.950,00000000
353360,28.049,00000000
353370,27.940,00000000
353380,28.051,00000000
353390,28.153,00000000
353400,27.791,00000000
353410,27.669,00000000
353420,27.671,00000000
353430,27.444,00000000
353440,27.250,00000000
353450,27.297,00000000
353460,27.508,00000000
353470,27.522,00000000
353480,27.586,00000000
353490,27.848,00000000
353500,27.925,00000000
353510,27.898,00000000
353520,27.939,00000000
353530,27.999,00000000
353540,27.985,00000000
353550,27.930,00000000
353560,27.999,00000000
353570,27.909,00000000
353580,28.037,00000000
353590,27.917,00000000
353600,27.468,00000000
353610,27.333,00000000
353620,27.126,00000000
353630,27.122,00000000
353640,27.413,00000000
353650,27.350,00000000
353660,27.535,00000000
353670,27.794,00000000
353680,27.857,00000000
353690,27.839,00000000
353700,27.884,00000000
353710,27.950,00000000
353720,28.066,00000000
353730,28.128,00000000
353740,28.176,00000000
353750,28.100,00000000
353760,27.938,00000000
353770,27.909,00000000
353780,27.657,00000000
353790,27.488,00000000
353800,27.445,00000000
353810,27.131,00000000
353820,27.215,00000000
353830,27.364,00000000
353840,27.456,00000000
353850,27.668,00000000
353860,27.764,00000000
353870,27.843,00000000
353880,27.918,00000000
353890,27.950,00000000
353900,27.855,00000000
353910,27.973,00000000
353920,28.165,00000000
353930,28.170,00000000
353940,28.217,00000000
353950,27.893,00000000
353960,27.870,00000000
353970,27.664,00000000
353980,27.609,00000000
353990,27.407,00000000
354000,27.160,00000000
354010,27.285,00000000
354020,27.308,00000000
354030,27.546,00000000
354040,27.661,00000000
354050,27.759,00000000
354060,27.887,00000000
354070,27.728,00000000
354080,27.965,00000000
354090,28.196,00000000
354100,28.004,00000000
354110,28.055,00000000
354120,28.065,00000000
354130,28.075,00000000
354140,27.937,00000000
354150,27.817,00000000
354160,27.568,00000000
354170,27.412,00000000
354180,27.156,00000000
354190,27.343,00000000
354200,27.309,00000000
354210,27.338,00000000
354220,27.571,00000000
354230,27.628,00000000
354240,27.872,00000000
354250,27.892,00000000
354260,27.928,00000000
354270,27.998,00000000
354280,27.920,00000000
354290,28.130,00000000
354300,28.074,00000000
354310,28.045,00000000
354320,27.741,00000000
354330,27.838,00000000
354340,27.739,00000000
354350,27.534,00000000
354360,27.139,00000000
354370,27.247,00000000
354380,27.286,00000000
354390,27.489,00000000
354400,27.591,00000000
354410,27.605,00000000
354420,27.771,00000000
354430,27.777,00000000
354440,27.869,00000000
354450,27.969,00000000
354460,28.060,00000000
354470,28.048,00000000
354480,28.113,00000000
354490,27.945,00000000
354500,27.900,00000000
354510,28.057,00000000
354520,27.854,00000000
354530,27.488,00000000
354540,27.275,00000000
354550,27.056,00000000
354560,27.249,00000000
354570,27.505,00000000
354580,27.581,00000000
354590,27.659,00000000
354600,27.634,00000000
354610,27.674,00000000
354620,27.909,00000000
354630,27.873,00000000
354640,28.024,00000000
354650,27.914,00000000
354660,28.067,00000000
354670,28.147,00000000
354680,28.083,00000000
354690,27.978,00000000
354700,27.725,00000000
354710,27.637,00000000
354720,27.450,00000000
354730,27.234,00000000
354740,27.176,00000000
354750,27.275,00000000
354760,27.332,00000000
354770,27.430,00000000
354780,27.521,00000000
354790,27.762,00000000
354800,27.864,00000000
354810,28.005,00000000
354820,28.047,00000000
354830,28.079,00000000
354840,27.990,00000000
354850,28.026,00000000
354860,28.063,00000000
354870,27.958,00000000
354880,27.834,00000000
354890,27.943,00000000
354900,27.627,00000000
354910,27.453,00000000
354920,27.294,00000000
354930,27.140,00000000
354940,27.305,00000000
354950,27.500,00000000
354960,27.626,00000000
354970,27.579,00000000
354980,27.837,00000000
354990,27.799,00000000
355000,27.954,00000000
355010,28.221,00000000
355020,28.205,00000000
355030,28.112,00000000
355040,27.944,00000000
355050,28.078,00000000
355060,28.145,00000000
355070,27.788,00000000
355080,27.620,00000000
355090,27.660,00000000
355100,27.389,00000000
355110,27.056,00000000
355120,27.178,00000000
355130,27.337,00000000
355140,27.517,00000000
355150,27.464,00000000
355160,27.589,00000000
355170,27.791,00000000
355180,27.981,00000000
355190,27.926,00000000
355200,28.031,00000000
355210,28.003,00000000
355220,28.106,00000000
355230,28.170,00000000
355240,28.057,00000000
355250,27.864,00000000
355260,27.682,00000000
355270,27.805,00000000
355280,27.767,00000000
355290,27.244,00000000
355300,27.219,00000000
355310,27.454,00000000
355320,27.513,00000000
355330,27.586,00000000
355340,27.522,00000000
355350,27.495,00000000
355360,27.899,00000000
355370,27.847,00000000
355380,27.989,00000000
355390,27.903,00000000
355400,27.902,00000000
355410,28.168,00000000
355420,28.098,00000000
355430,27.969,00000000
355440,28.041,00000000
355450,27.805,00000000
355460,27.710,00000000
355470,27.395,00000000
355480,27.066,00000000
355490,27.278,00000000
355500,27.338,00000000
355510,27.503,00000000
355520,27.542,00000000
355530,27.626,00000000
355540,27.724,00000000
355550,27.932,00000000
355560,27.879,00000000
355570,28.027,00000000
355580,28.009,00000000
355590,28.224,00000000
355600,28.088,00000000
355610,27.916,00000000
355620,27.966,00000000
355630,27.786,00000000
355640,27.778,00000000
355650,27.488,00000000
355660,27.268,00000000
355670,27.164,00000000
355680,27.314,00000000
355690,27.393,00000000
355700,27.474,00000000
355710,27.537,00000000
355720,27.731,00000000
355730,27.734,00000000
355740,27.785,00000000
355750,27.912,00000000
355760,27.990,00000000
355770,28.256,00000000
355780,28.100,00000000
355790,28.007,00000000
355800,27.961,00000000
355810,27.816,00000000
355820,27.755,00000000
355830,27.690,00000000
355840,27.556,00000000
355850,27.195,00000000
355860,27.387,00000000
355870,27.428,00000000
355880,27.424,00000000
355890,27.569,00000000
355900,27.609,00000000
355910,27.791,00000000
355920,27.911,00000000
355930,28.000,00000000
355940,28.157,00000000
355950,28.062,00000000
355960,28.008,00000000
355970,27.955,00000000
355980,27.975,00000000
355990,27.970,00000000
356000,27.745,00000000
356010,27.708,00000000
356020,27.336,00000000
356030,27.136,00000000
356040,27.263,00000000
356050,27.429,00000000
356060,27.488,00000000
356070,27.409,00000000
356080,27.562,00000000
356090,27.716,00000000
356100,27.976,00000000
356110,27.922,00000000
356120,27.898,00000000
356130,27.977,00000000
356140,28.088,00000000
356150,27.985,00000000
356160,28.002,00000000
356170,27.974,00000000
356180,27.973,00000000
356190,27.692,00000000
356200,27.511,00000000
356210,27.294,00000000
356220,27.274,00000000
356230,27.378,00000000
356240,27.324,00000000
356250,27.601,00000000
356260,27.609,00000000
356270,27.733,00000000
356280,27.666,00000000
356290,27.807,00000000
356300,27.864,00000000
356310,27.938,00000000
356320,28.259,00000000
356330,28.300,00000000
356340,28.076,00000000
356350,28.026,00000000
356360,28.036,00000000
356370,27.828,00000000
356380,27.517,00000000
356390,27.394,00000000
356400,27.078,00000000
356410,27.264,00000000
356420,27.238,00000000
356430,27.419,00000000
356440,27.599,00000000
356450,27.538,00000000
356460,27.689,00000000
356470,27.940,00000000
356480,28.053,00000000
356490,28.005,00000000
356500,28.033,00000000
356510,27.943,00000000
356520,28.032,00000000
356530,28.095,00000000
356540,28.100,00000000
356550,27.860,00000000
356560,27.810,00000000
356570,27.660,00000000
356580,27.323,00000000
356590,27.156,00000000
356600,27.288,00000000
356610,27.348,00000000
356620,27.483,00000000
356630,27.454,00000000
356640,27.736,00000000
356650,27.657,00000000
356660,27.775,00000000
356670,28.001,00000000
356680,28.046,00000000
356690,28.012,00000000
356700,27.995,00000000
356710,27.996,00000000
356720,28.207,00000000
356730,27.990,00000000
356740,28.020,00000000
356750,27.720,00000000
356760,27.613,00000000
356770,27.154,00000000
356780,27.180,00000000
356790,27.290,00000000
356800,27.299,00000000
356810,27.432,00000000
356820,27.612,00000000
356830,27.860,00000000
356840,27.831,00000000
356850,27.922,00000000
356860,27.850,00000000
356870,28.084,00000000
356880,28.073,00000000
356890,28.065,00000000
356900,28.114,00000000
356910,28.131,00000000
356920,27.934,00000000
356930,27.817,00000000
356940,27.678,00000000
356950,27.341,00000000
356960,27.028,00000000
356970,27.227,00000000
356980,27.638,00000000
356990,27.556,00000000
357000,27.630,00000000
357010,27.574,00000000
357020,27.646,00000000
357030,27.891,00000000
357040,27.971,00000000
357050,28.040,00000000
357060,27.995,00000000
357070,28.002,00000000
357080,28.036,00000000
357090,27.948,00000000
357100,27.953,00000000
357110,27.891,00000000
357120,27.711,00000000
357130,27.671,00000000
357140,27.204,00000000
357150,27.246,00000000
357160,27.415,00000000
357170,27.494,00000000
357180,27.524,00000000
357190,27.662,00000000
357200,27.617,00000000
357210,27.857,00000000
357220,27.890,00000000
357230,28.246,00000000
357240,28.229,00000000
357250,28.179,00000000
357260,28.071,00000000
357270,27.911,00000000
357280,28.107,00000000
357290,27.807,00000000
357300,27.685,00000000
357310,27.475,00000000
357320,27.387,00000000
357330,27.366,00000000
357340,27.449,00000000
357350,27.338,00000000
357360,27.562,00000000
357370,27.558,00000000
357380,27.652,00000000
357390,28.054,00000000
357400,27.939,00000000
357410,27.869,00000000
357420,28.054,00000000
357430,28.043,00000000
357440,28.115,00000000
357450,28.142,00000000
357460,27.974,00000000
357470,27.984,00000000
357480,27.817,00000000
357490,27.649,00000000
357500,27.510,00000000
357510,27.024,00000000
357520,27.249,00000000
357530,27.245,00000000
357540,27.469,00000000
357550,27.615,00000000
357560,27.770,00000000
357570,27.814,00000000
357580,27.767,00000000
357590,27.931,00000000
357600,28.031,00000000
357610,28.109,00000000
357620,28.126,00000000
357630,27.983,00000000
357640,28.033,00000000
357650,27.912,00000000
357660,27.856,00000000
357670,27.723,00000000
357680,27.506,00000000
357690,27.277,00000000
357700,27.365,00000000
357710,27.399,00000000
357720,27.396,00000000
357730,27.448,00000000
357740,27.619,00000000
357750,27.854,00000000
357760,27.874,00000000
357770,27.859,00000000
357780,27.965,00000000
357790,27.912,00000000
357800,28.107,00000000
357810,28.039,00000000
357820,28.072,00000000
357830,27.937,00000000
357840,27.922,00000000
357850,27.933,00000000
357860,27.789,00000000
357870,27.242,00000000
357880,27.041,00000000
357890,27.260,00000000
357900,27.343,00000000
357910,27.568,00000000
357920,27.515,00000000
357930,27.624,00000000
357940,27.822,00000000
357950,27.895,00000000
357960,27.966,00000000
357970,28.014,00000000
357980,28.083,00000000
357990,28.010,00000000
358000,27.999,00000000
358010,27.956,00000000
358020,27.931,00000000
358030,27.862,00000000
358040,27.698,00000000
358050,27.457,00000000
358060,27.415,00000000
358070,27.401,00000000
358080,27.475,00000000
358090,27.550,00000000
358100,27.460,00000000
358110,27.775,00000000
358120,27.636,00000000
358130,27.711,00000000
358140,27.895,00000000
358150,27.947,00000000
358160,28.062,00000000
358170,28.224,00000000
358180,28.172,00000000
358190,28.084,00000000
358200,27.915,00000000
358210,27.759,00000000
358220,27.568,00000000
358230,27.555,00000000
358240,27.348,00000000
358250,27.159,00000000
358260,27.301,00000000
358270,27.386,00000000
358280,27.442,00000000
358290,27.731,00000000
358300,27.754,00000000
358310,27.894,00000000
358320,27.867,00000000
358330,27.874,00000000
358340,28.007,00000000
358350,27.984,00000000
358360,28.090,00000000
358370,28.023,00000000
358380,27.952,00000000
358390,27.808,00000000
358400,27.805,00000000
358410,27.880,00000000
358420,27.615,00000000
358430,27.232,00000000
358440,27.061,00000000
358450,27.310,00000000
358460,27.402,00000000
358470,27.553,00000000
358480,27.488,00000000
358490,27.694,00000000
358500,27.858,00000000
358510,28.050,00000000
358520,28.036,00000000
358530,28.109,00000000
358540,28.112,00000000
358550,27.949,00000000
358560,27.950,00000000
358570,28.007,00000000
358580,28.044,00000000
358590,27.958,00000000
358600,27.695,00000000
358610,27.328,00000000
358620,27.225,00000000
358630,27.255,00000000
358640,27.334,00000000
358650,27.426,00000000
358660,27.726,00000000
358670,27.949,00000000
358680,27.878,00000000
358690,27.939,00000000
358700,27.888,00000000
358710,28.077,00000000
358720,28.092,00000000
358730,27.998,00000000
358740,27.895,00000000
358750,28.023,00000000
358760,27.935,00000000
358770,27.763,00000000
358780,27.752,00000000
358790,27.512,00000000
358800,27.077,00000000
358810,27.308,00000000
358820,27.283,00000000
358830,27.569,00000000
358840,27.687,00000000
358850,27.657,00000000
358860,27.870,00000000
358870,27.770,00000000
358880,27.989,00000000
358890,28.103,00000000
358900,28.099,00000000
358910,27.955,00000000
358920,28.033,00000000
358930,28.127,00000000
358940,28.074,00000000
358950,27.921,00000000
358960,27.643,00000000
358970,27.591,00000000
358980,27.515,00000000
358990,27.230,00000000
359000,27.341,00000000
359010,27.384,00000000
359020,27.406,00000000
359030,27.567,00000000
359040,27.937,00000000
359050,27.733,00000000
359060,28.013,00000000
359070,27.990,00000000
359080,27.909,00000000
359090,28.152,00000000
359100,28.119,00000000
359110,28.111,00000000
359120,27.862,00000000
359130,27.980,00000000
359140,27.730,00000000
359150,27.524,00000000
359160,27.400,00000000
359170,27.151,00000000
359180,27.369,00000000
359190,27.478,00000000
359200,27.524,00000000
359210,27.503,00000000
359220,27.733,00000000
359230,27.757,00000000
359240,27.728,00000000
359250,27.830,00000000
359260,27.907,00000000
359270,27.934,00000000
359280,28.087,00000000
359290,28.135,00000000
359300,27.989,00000000
359310,27.885,00000000
359320,27.895,00000000
359330,27.840,00000000
359340,27.680,00000000
359350,27.182,00000000
359360,27.149,00000000
359370,27.214,00000000
359380,27.491,00000000
359390,27.661,00000000
359400,27.507,00000000
359410,27.812,00000000
359420,27.984,00000000
359430,27.893,00000000
359440,27.885,00000000
359450,27.974,00000000
359460,27.985,00000000
359470,28.097,00000000
359480,28.104,00000000
359490,28.054,00000000
359500,27.761,00000000
359510,27.886,00000000
359520,27.784,00000000
359530,27.385,00000000
359540,27.181,00000000
359550,27.144,00000000
359560,27.392,00000000
359570,27.480,00000000
359580,27.517,00000000
359590,27.758,00000000
359600,27.888,00000000
359610,28.044,00000000
359620,27.812,00000000
359630,27.981,00000000
359640,27.953,00000000
359650,27.980,00000000
359660,28.096,00000000
359670,28.007,00000000
359680,27.899,00000000
359690,27.771,00000000
359700,27.590,00000000
359710,27.736,00000000
359720,27.364,00000000
359730,27.268,00000000
359740,27.275,00000000
359750,27.377,00000000
359760,27.458,00000000
359770,27.786,00000000
359780,28.043,00000000
359790,27.850,00000000
359800,27.975,00000000
359810,28.119,00000000
359820,28.129,00000000
359830,28.115,00000000
359840,27.837,00000000
359850,28.019,00000000
359860,27.978,00000000
359870,28.010,00000000
359880,27.821,00000000
359890,27.402,00000000
359900,27.215,00000000
359910,27.135,00000000
359920,27.286,00000000
359930,27.598,00000000
359940,27.792,00000000
359950,27.666,00000000
359960,27.794,00000000
359970,27.813,00000000
359980,27.896,00000000
359990,27.930,00000000
360000,27.967,00000000
360010,28.013,00000000
360020,27.917,00000000
360030,28.141,00000000
360040,27.998,00000000
360050,28.053,00000000
360060,27.956,00000000
360070,27.818,00000000
360080,27.432,00000000
360090,27.034,00000000
360100,27.260,00000000
360110,27.333,00000000
360120,27.471,00000000
360130,27.551,00000000
360140,27.539,00000000
360150,27.664,00000000
360160,27.812,00000000
360170,28.062,00000000
360180,28.005,00000000
360190,28.118,00000000
360200,28.071,00000000
360210,28.157,00000000
360220,28.072,00000000
360230,27.996,00000000
360240,27.818,00000000
360250,27.677,00000000
360260,27.672,00000000
360270,27.329,00000000
360280,27.074,00000000
360290,27.218,00000000
360300,27.305,00000000
360310,27.499,00000000
360320,27.696,00000000
360330,27.855,00000000
360340,27.850,00000000
360350,27.959,00000000
360360,28.019,00000000
360370,27.986,00000000
360380,28.017,00000000
360390,28.079,00000000
360400,28.073,00000000
360410,28.000,00000000
360420,27.837,00000000
360430,27.678,00000000
360440,27.503,00000000
360450,27.336,00000000
360460,27.241,00000000
360470,27.406,00000000
360480,27.370,00000000
360490,27.502,00000000
360500,27.510,00000000
360510,27.727,00000000
360520,27.821,00000000
360530,27.927,00000000
360540,28.013,00000000
360550,28.029,00000000
360560,28.005,00000000
360570,27.971,00000000
360580,28.086,00000000
360590,28.110,00000000
360600,28.001,00000000
360610,27.720,00000000
360620,27.628,00000000
360630,27.506,00000000
360640,27.123,00000000
360650,27.279,00000000
360660,27.253,00000000
360670,27.353,00000000
360680,27.655,00000000
360690,27.790,00000000
360700,27.725,00000000
360710,27.891,00000000
360720,27.860,00000000
360730,27.954,00000000
360740,28.080,00000000
360750,28.114,00000000
360760,28.099,00000000
360770,27.991,00000000
360780,28.005,00000000
360790,27.791,00000000
360800,27.669,00000000
360810,27.555,00000000
360820,27.246,00000000
360830,27.270,00000000
360840,27.237,00000000
360850,27.457,00000000
360860,27.695,00000000
360870,27.624,00000000
360880,27.771,00000000
360890,27.896,00000000
360900,27.845,00000000
360910,28.037,00000000
360920,28.002,00000000
360930,27.970,00000000
360940,28.076,00000000
360950,28.056,00000000
360960,28.092,00000000
360970,27.898,00000000
360980,27.779,00000000
360990,27.579,00000000
361000,27.392,00000000
361010,27.151,00000000
361020,27.402,00000000
361030,27.495,00000000
361040,27.548,00000000
361050,27.633,00000000
361060,27.603,00000000
361070,27.744,00000000
361080,27.956,00000000
361090,28.118,00000000
361100,27.942,00000000
361110,28.031,00000000
361120,28.154,00000000
361130,28.044,00000000
361140,28.127,00000000
361150,27.861,00000000
361160,27.776,00000000
361170,27.543,00000000
361180,27.481,00000000
361190,27.143,00000000
361200,27.247,00000000
361210,27.361,00000000
361220,27.510,00000000
361230,27.545,00000000
361240,27.596,00000000
361250,27.814,00000000
361260,28.053,00000000
361270,27.889,00000000
361280,28.075,00000000
361290,28.032,00000000
361300,28.157,00000000
361310,28.021,00000000
361320,28.103,00000000
361330,28.080,00000000
361340,27.766,00000000
361350,27.708,00000000
361360,27.564,00000000
361370,27.263,00000000
361380,27.134,00000000
361390,27.366,00000000
361400,27.392,00000000
361410,27.555,00000000
361420,27.804,00000000
361430,27.702,00000000
361440,27.967,00000000
361450,27.833,00000000
361460,27.902,00000000
361470,28.011,00000000
361480,28.146,00000000
361490,28.283,00000000
361500,27.926,00000000
361510,27.841,00000000
361520,27.724,00000000
361530,27.822,00000000
361540,27.457,00000000
361550,27.299,00000000
361560,27.430,00000000
361570,27.279,00000000
361580,27.671,00000000
361590,27.672,00000000
361600,27.832,00000000
361610,27.743,00000000
361620,27.924,00000000
361630,28.065,00000000
361640,27.954,00000000
361650,28.104,00000000
361660,28.244,00000000
361670,27.986,00000000
361680,27.946,00000000
361690,27.797,00000000
361700,27.672,00000000
361710,27.528,00000000
361720,27.218,00000000
361730,27.091,00000000
361740,27.252,00000000
361750,27.484,00000000
361760,27.584,00000000
361770,27.750,00000000
361780,27.709,00000000
361790,27.903,00000000
361800,28.068,00000000
361810,28.085,00000000
361820,28.096,00000000
361830,28.077,00000000
361840,27.915,00000000
361850,28.080,00000000
361860,28.116,00000000
361870,27.832,00000000
361880,27.715,00000000
361890,27.677,00000000
361900,27.227,00000000
361910,27.239,00000000
361920,27.359,00000000
361930,27.397,00000000
361940,27.667,00000000
361950,27.714,00000000
361960,27.869,00000000
361970,27.782,00000000
361980,27.896,00000000
361990,28.171,00000000
362000,28.220,00000000
362010,28.122,00000000
362020,28.124,00000000
362030,28.024,00000000
362040,27.829,00000000
362050,27.790,00000000
362060,27.599,00000000
362070,27.352,00000000
362080,27.267,00000000
362090,27.320,00000000
362100,27.465,00000000
362110,27.539,00000000
362120,27.575,00000000
362130,27.662,00000000
362140,27.815,00000000
362150,27.924,00000000
362160,28.053,00000000
362170,27.996,00000000
362180,28.022,00000000
362190,27.961,00000000
362200,27.963,00000000
362210,28.070,00000000
362220,27.940,00000000
362230,27.664,00000000
362240,27.558,00000000
362250,27.347,00000000
362260,27.333,00000000
362270,27.401,00000000
362280,27.274,00000000
362290,27.418,00000000
362300,27.514,00000000
362310,27.803,00000000
362320,28.061,00000000
362330,27.874,00000000
362340,27.812,00000000
362350,27.967,00000000
362360,28.041,00000000
362370,28.149,00000000
362380,28.177,00000000
362390,27.994,00000000
362400,27.763,00000000
362410,27.624,00000000
362420,27.485,00000000
362430,27.433,00000000
362440,27.213,00000000
362450,27.215,00000000
362460,27.444,00000000
362470,27.496,00000000
362480,27.725,00000000
362490,27.992,00000000
362500,27.810,00000000
362510,27.879,00000000
362520,27.948,00000000
362530,28.228,00000000
362540,28.115,00000000
362550,28.091,00000000
362560,27.934,00000000
362570,27.855,00000000
362580,27.717,00000000
362590,27.598,00000000
362600,27.386,00000000
362610,27.175,00000000
362620,27.349,00000000
362630,27.320,00000000
362640,27.558,00000000
362650,27.734,00000000
362660,27.830,00000000
362670,27.708,00000000
362680,27.829,00000000
362690,27.882,00000000
362700,27.875,00000000
362710,28.196,00000000
362720,28.078,00000000
362730,27.958,00000000
362740,27.961,00000000
362750,27.848,00000000
362760,27.857,00000000
362770,27.507,00000000
362780,27.167,00000000
362790,27.195,00000000
362800,27.394,00000000
362810,27.493,00000000
362820,27.576,00000000
362830,27.638,00000000
362840,27.786,00000000
362850,27.763,00000000
362860,27.950,00000000
362870,28.110,00000000
362880,28.109,00000000
362890,28.016,00000000
362900,28.081,00000000
362910,27.936,00000000
362920,27.903,00000000
362930,28.063,00000000
362940,28.004,00000000
362950,27.720,00000000
362960,27.331,00000000
362970,27.145,00000000
362980,27.356,00000000
362990,27.437,00000000
363000,27.453,00000000
363010,27.497,00000000
363020,27.751,00000000
363030,27.684,00000000
363040,27.823,00000000
363050,28.025,00000000
363060,28.115,00000000
363070,28.100,00000000
363080,28.078,00000000
363090,27.994,00000000
363100,27.962,00000000
363110,27.918,00000000
363120,27.916,00000000
363130,27.712,00000000
363140,27.419,00000000
363150,27.150,00000000
363160,27.152,00000000
363170,27.331,00000000
363180,27.583,00000000
363190,27.607,00000000
363200,27.710,00000000
363210,27.736,00000000
363220,27.806,00000000
363230,27.887,00000000
363240,28.086,00000000
363250,28.043,00000000
363260,28.124,00000000
363270,28.067,00000000
363280,28.027,00000000
363290,27.987,00000000
363300,27.975,00000000
363310,27.775,00000000
363320,27.533,00000000
363330,27.177,00000000
363340,27.160,00000000
363350,27.232,00000000
363360,27.481,00000000
363370,27.573,00000000
363380,27.606,00000000
363390,27.761,00000000
363400,27.721,00000000
363410,27.835,00000000
363420,28.066,00000000
363430,704.481,X0000000
363440,328.769,10000000
363450,194.318,10000000
363460,143.865,10000000
363470,125.505,10000000
363480,376.031,10000000
363490,607.452,10000000
363500,292.911,10000000
363510,179.595,10000000
363520,137.408,10000000
363530,122.126,10000000
363540,116.761,10000000
363550,114.412,10000000
363560,114.071,10000000
363570,113.852,10000000
363580,113.958,10000000
363590,114.360,10000000
363600,114.661,10000000
363610,114.981,10000000
363620,115.168,10000000
363630,115.032,10000000
363640,115.229,10000000
363650,115.383,10000000
363660,114.406,10000000
363670,112.385,10000000
363680,112.661,10000000
363690,112.647,10000000
363700,112.924,10000000
363710,113.193,10000000
363720,113.313,10000000
363730,113.344,10000000
363740,113.707,10000000
363750,114.301,10000000
363760,114.060,10000000
363770,114.870,10000000
363780,114.907,10000000
363790,114.885,10000000
363800,115.303,10000000
363810,115.778,10000000
363820,115.896,10000000
363830,115.828,10000000
363840,115.273,10000000
363850,113.255,10000000
363860,113.356,10000000
363870,112.896,10000000
363880,113.050,10000000
363890,113.489,10000000
363900,113.576,10000000
363910,113.550,10000000
363920,113.799,10000000
363930,114.471,10000000
363940,114.665,10000000
363950,114.479,10000000
363960,114.848,10000000
363970,115.418,10000000
363980,115.619,10000000
363990,115.576,10000000
364000,115.658,10000000
364010,116.014,10000000
364020,115.986,10000000
364030,114.765,10000000
364040,112.588,10000000
364050,112.765,10000000
364060,113.338,10000000
364070,113.306,10000000
364080,113.175,10000000
364090,113.428,10000000
364100,113.921,10000000
364110,113.479,10000000
364120,113.881,10000000
364130,113.976,10000000
364140,114.472,10000000
364150,114.658,10000000
364160,115.139,10000000
364170,115.377,10000000
364180,115.824,10000000
364190,115.963,10000000
364200,115.988,10000000
364210,115.734,10000000
364220,114.219,10000000
364230,112.694,10000000
364240,112.906,10000000
364250,113.177,10000000
364260,113.659,10000000
364270,113.329,10000000
364280,113.450,10000000
364290,113.848,10000000
364300,114.337,10000000
364310,114.372,10000000
364320,114.260,10000000
364330,114.478,10000000
364340,115.052,10000000
364350,115.433,10000000
364360,115.613,10000000
364370,116.069,10000000
364380,115.803,10000000
364390,116.163,10000000
364400,116.094,10000000
364410,114.671,10000000
364420,113.140,10000000
364430,113.040,10000000
364440,113.403,10000000
364450,113.631,10000000
364460,113.613,10000000
364470,113.643,10000000
364480,114.353,10000000
364490,416.209,10000000
364500,404.445,10000000
364510,223.091,10000000
364520,155.502,10000000
364530,130.178,10000000
364540,120.100,10000000
364550,114.915,10000000
364560,113.706,10000000
364570,114.086,10000000
364580,113.501,10000000
364590,113.894,10000000
364600,114.011,10000000
364610,114.059,10000000
364620,114.708,10000000
364630,114.714,10000000
364640,114.781,10000000
364650,114.889,10000000
364660,115.179,10000000
364670,115.624,10000000
364680,115.622,10000000
364690,116.295,10000000
364700,115.907,10000000
364710,116.141,10000000
364720,116.083,10000000
364730,114.474,10000000
364740,113.232,10000000
364750,113.237,10000000
364760,113.344,10000000
364770,113.483,10000000
364780,113.574,10000000
364790,114.092,10000000
364800,113.842,10000000
364810,114.352,10000000
364820,114.725,10000000
364830,114.673,10000000
364840,114.989,10000000
364850,115.065,10000000
364860,115.587,10000000
364870,115.626,10000000
364880,116.043,10000000
364890,115.975,10000000
364900,115.935,10000000
364910,115.660,10000000
364920,114.276,10000000
364930,112.733,10000000
364940,113.187,10000000
364950,113.055,10000000
364960,113.400,10000000
364970,114.026,10000000
364980,114.186,10000000
364990,114.202,10000000
365000,114.286,10000000
365010,114.770,10000000
365020,114.893,10000000
365030,114.950,10000000
365040,115.226,10000000
365050,115.239,10000000
365060,115.800,10000000
365070,115.873,10000000
365080,116.184,10000000
365090,116.292,10000000
365100,116.009,10000000
365110,114.600,10000000
365120,112.747,10000000
365130,112.955,10000000
365140,113.038,10000000
365150,113.360,10000000
365160,113.299,10000000
365170,113.466,10000000
365180,113.591,10000000
365190,114.200,10000000
365200,114.646,10000000
365210,114.011,10000000
365220,115.114,10000000
365230,114.964,10000000
365240,115.353,10000000
365250,115.507,10000000
365260,115.680,10000000
365270,115.919,10000000
365280,116.419,10000000
365290,116.020,10000000
365300,115.046,10000000
365310,112.869,10000000
365320,113.240,10000000
365330,113.167,10000000
365340,113.234,10000000
365350,113.762,10000000
365360,113.569,10000000
365370,114.189,10000000
365380,113.803,10000000
365390,114.305,10000000
365400,114.676,10000000
365410,114.839,10000000
365420,114.972,10000000
365430,115.098,10000000
365440,115.444,10000000
365450,115.877,10000000
365460,116.137,10000000
365470,116.168,10000000
365480,115.895,10000000
365490,115.487,10000000
365500,498.695,10000000
365510,253.817,10000000
365520,166.029,10000000
365530,132.586,10000000
365540,120.779,10000000
365550,116.241,10000000
365560,114.717,10000000
365570,114.692,10000000
365580,114.586,10000000
365590,114.629,10000000
365600,114.583,10000000
365610,115.118,10000000
365620,115.474,10000000
365630,115.543,10000000
365640,115.886,10000000
365650,115.725,10000000
365660,116.527,10000000
365670,116.312,10000000
365680,115.656,10000000
365690,113.599,10000000
365700,112.987,10000000
365710,113.476,10000000
365720,113.498,10000000
365730,113.285,10000000
365740,113.849,10000000
365750,113.972,10000000
365760,114.544,10000000
365770,114.502,10000000
365780,114.415,10000000
365790,115.000,10000000
365800,115.106,10000000
365810,115.449,10000000
365820,115.774,10000000
365830,115.864,10000000
365840,115.930,10000000
365850,116.099,10000000
365860,116.390,10000000
365870,115.937,10000000
365880,114.404,10000000
365890,113.484,10000000
365900,113.165,10000000
365910,113.507,10000000
365920,114.033,10000000
365930,113.856,10000000
365940,114.262,10000000
365950,114.363,10000000
365960,114.376,10000000
365970,114.641,10000000
365980,114.696,10000000
365990,115.109,10000000
366000,114.981,10000000
